a(radian), a(degree) , Eruling, Ebend, Eparalell, Ebend,,241.65,0,5.4543,0.0608885
3.14159,180,84.4578,1.00E+15,3.74484,1,,241.708,0,5.45514,0.0568632
3.14259,180.057,84.4582,88160.1,3.74485,1,,241.765,0,5.456,0.0529848
3.14359,180.115,84.4585,25101.7,3.74485,1,,241.822,0,5.45689,0.0492544
3.14459,180.172,84.4587,11880.9,3.74486,1,,241.879,0,5.45781,0.0456731
3.14559,180.229,84.4589,6981.72,3.74486,1,,241.937,0,5.45876,0.042242
3.14659,180.286,84.4591,4643.8,3.74486,1,,241.994,0,5.45973,0.038962
3.14759,180.344,84.4592,3354.53,3.74486,1,,242.051,0,5.46073,0.0358343
3.14859,180.401,84.4592,2575.16,3.74486,1,,242.109,0,5.46176,0.0328595
3.14959,180.458,84.4592,2074.85,3.74486,1,,242.166,0,5.46281,0.0300388
3.15059,180.516,84.4592,1741.66,3.74485,1,,242.223,0,5.46389,0.0273728
3.15159,180.573,84.4591,1516.44,3.74485,1,,242.281,0,5.46499,0.0248624
3.15259,180.63,84.4589,1366.18,3.74484,1,,242.338,0,5.46612,0.0225082
3.15359,180.688,84.4587,1272.1,3.74483,1,,242.395,0,5.46728,0.0203127
3.15459,180.745,84.4585,1224.08,3.74482,1,,242.452,0,5.46846,0.0182716
3.15559,180.802,84.4582,1217.98,3.74481,1,,242.51,0,5.46967,0.0163904
3.15659,180.859,84.4578,1254.8,3.7448,1,,242.567,0,5.47091,0.0146679
3.15759,180.917,84.4574,1341.19,3.74479,1,,242.624,0,5.47217,0.0131047
3.15859,180.974,84.457,1491.57,3.74477,1,,242.682,0,5.47346,0.0117012
3.15959,181.031,84.4565,1733.32,3.74476,1,,242.739,0,5.47477,0.0104579
3.16059,181.089,84.456,2118.13,3.74474,1,,242.796,0,5.47611,0.00937499
3.16159,181.146,84.4554,2749.03,3.74472,1,,242.853,0,5.47748,0.00845284
3.16259,181.203,84.4547,3852.22,3.7447,1,,242.911,0,5.47887,0.00769168
3.16359,181.261,84.454,6002.49,3.74468,1,,242.968,0,5.48029,0.0070917
3.16459,181.318,84.4533,11035.8,3.74465,1,,243.025,0,5.48174,0.00665305
3.16559,181.375,84.4525,27740.5,3.74463,1,,243.083,0,5.48321,0.00637581
3.16659,181.432,84.4517,171640,3.7446,1,,243.14,0,5.48471,0.00626
3.16759,181.49,84.4508,688467,3.74457,1,,243.197,0,5.48623,0.00630563
3.16859,181.547,84.4498,43200.6,3.74455,1,,243.255,0,5.48778,0.00651261
3.16959,181.604,84.4488,14284.2,3.74452,1,,243.312,0,5.48936,0.00688083
3.17059,181.662,84.4478,7134.91,3.74448,1,,243.369,0,5.49096,0.00741011
3.17159,181.719,84.4467,4331.2,3.74445,1,,243.426,0,5.49259,0.00810024
3.17259,181.776,84.4456,2951.97,3.74442,1,,243.484,0,5.49424,0.00895094
3.17359,181.833,84.4444,2175.23,3.74438,1,,243.541,0,5.49592,0.00996188
3.17459,181.891,84.4431,1697.23,3.74434,1,,243.598,0,5.49762,0.0111327
3.17559,181.948,84.4419,1384.72,3.74431,1,,243.656,0,5.49936,0.012463
3.17659,182.005,84.4405,1171.87,3.74427,1,,243.713,0,5.50111,0.0139522
3.17759,182.063,84.4391,1023.25,3.74423,1,,243.77,0,5.5029,0.0155999
3.17859,182.12,84.4377,918.587,3.74418,1,,243.827,0,5.5047,0.0174055
3.17959,182.177,84.4362,845.756,3.74414,1,,243.885,0,5.50654,0.0193683
3.18059,182.235,84.4347,797.391,3.74409,1,,243.942,0,5.5084,0.0214878
3.18159,182.292,84.4331,769.09,3.74405,1,,243.999,0,5.51029,0.0237631
3.18259,182.349,84.4315,758.478,3.744,1,,244.057,0,5.5122,0.0261935
3.18359,182.406,84.4298,764.743,3.74395,1,,244.114,0,5.51414,0.0287783
3.18459,182.464,84.4281,788.481,3.7439,1,,244.171,0,5.5161,0.0315166
3.18559,182.521,84.4263,831.793,3.74385,1,,244.229,0,5.51809,0.0344074
3.18659,182.578,84.4245,898.669,3.74379,1,,244.286,0,5.5201,0.0374499
3.18759,182.636,84.4226,995.781,3.74374,1,,244.343,0,5.52214,0.040643
3.18859,182.693,84.4207,1133.98,3.74368,1,,244.4,0,5.52421,0.0439858
3.18959,182.75,84.4187,1331.14,3.74363,1,,244.458,0,5.5263,0.0474772
3.19059,182.807,84.4167,1617.68,3.74357,1,,244.515,0,5.52842,0.0511161
3.19159,182.865,84.4146,2048.41,3.74351,1,,244.572,0,5.53057,0.0549013
3.19259,182.922,84.4125,2729.52,3.74344,1,,244.63,0,5.53274,0.0588318
3.19359,182.979,84.4103,3889.05,3.74338,1,,244.687,0,5.53493,0.0629062
3.19459,183.037,84.4081,6092.12,3.74332,1,,244.744,0,5.53715,0.0671233
3.19559,183.094,84.4058,11078.1,3.74325,1,,244.802,0,5.5394,0.0714818
3.19659,183.151,84.4035,26614.7,3.74318,1,,244.859,0,5.54167,0.0759805
3.19759,183.209,84.4011,134910,3.74311,1,,244.916,0,5.54397,0.0806179
3.19859,183.266,84.3987,2.05E+06,3.74304,1,,244.973,0,5.54629,0.0853927
3.19959,183.323,84.3962,58986.8,3.74297,1,,245.031,0,5.54864,0.0903035
3.20059,183.38,84.3937,17700.9,3.7429,1,,245.088,0,5.55102,0.0953489
3.20159,183.438,84.3911,8443.73,3.74282,1,,245.145,0,5.55342,0.100527
3.20259,183.495,84.3885,4955.68,3.74275,1,,245.203,0,5.55584,0.105837
3.20359,183.552,84.3859,3274.75,3.74267,1,,245.26,0,5.5583,0.111277
3.20459,183.61,84.3832,2337.57,3.74259,1,,245.317,0,5.56077,0.116846
3.20559,183.667,84.3804,1761.88,3.74251,1,,245.374,0,5.56328,0.122541
3.20659,183.724,84.3776,1382.89,3.74243,1,,245.432,0,5.56581,0.128362
3.20759,183.782,84.3747,1120.09,3.74235,1,,245.489,0,5.56836,0.134307
3.20859,183.839,84.3718,930.363,3.74226,1,,245.546,0,5.57094,0.140373
3.20959,183.896,84.3689,788.902,3.74218,1,,245.604,0,5.57355,0.14656
3.21059,183.953,84.3658,680.632,3.74209,1,,245.661,0,5.57618,0.152866
3.21159,184.011,84.3628,595.956,3.742,1,,245.718,0,5.57884,0.159289
3.21259,184.068,84.3597,528.531,3.74191,1,,245.776,0,5.58152,0.165827
3.21359,184.125,84.3565,474.029,3.74182,1,,245.833,0,5.58423,0.172478
3.21459,184.183,84.3533,429.413,3.74173,1,,245.89,0,5.58696,0.179242
3.21559,184.24,84.3501,392.507,3.74163,1,,245.947,0,5.58972,0.186115
3.21659,184.297,84.3468,361.714,3.74154,1,,246.005,0,5.59251,0.193097
3.21759,184.354,84.3434,335.846,3.74144,1,,246.062,0,5.59532,0.200186
3.21859,184.412,84.34,314.004,3.74134,1,,246.119,0,5.59815,0.207379
3.21959,184.469,84.3366,295.501,3.74124,1,,246.177,0,5.60102,0.214675
3.22059,184.526,84.3331,279.802,3.74114,1,,246.234,0,5.60391,0.222072
3.22159,184.584,84.3295,266.491,3.74104,1,,246.291,0,5.60682,0.229569
3.22259,184.641,84.326,255.244,3.74093,1,,246.349,0,5.60976,0.237163
3.22359,184.698,84.3223,245.803,3.74083,1,,246.406,0,5.61273,0.244853
3.22459,184.756,84.3186,237.966,3.74072,1,,,,,
3.22559,184.813,84.3149,231.577,3.74061,1,,,,,
3.22659,184.87,84.3111,226.516,3.7405,1,,,,,
3.22759,184.927,84.3073,222.695,3.74039,1,,,,,
3.22859,184.985,84.3034,220.05,3.74028,1,,,,,
3.22959,185.042,84.2994,218.546,3.74016,1,,,,,
3.23059,185.099,84.2954,218.167,3.74005,1,,,,,
3.23159,185.157,84.2914,218.922,3.73993,1,,,,,
3.23259,185.214,84.2873,220.84,3.73981,1,,,,,
3.23359,185.271,84.2832,223.976,3.73969,1,,,,,
3.23459,185.329,84.279,228.411,3.73957,1,,,,,
3.23559,185.386,84.2748,234.255,3.73945,1,,,,,
3.23659,185.443,84.2705,241.656,3.73932,1,,,,,
3.23759,185.5,84.2662,250.802,3.73919,1,,,,,
3.23859,185.558,84.2618,261.933,3.73907,1,,,,,
3.23959,185.615,84.2574,275.358,3.73894,1,,,,,
3.24059,185.672,84.2529,291.468,3.73881,1,,,,,
3.24159,185.73,84.2484,310.763,3.73867,1,,,,,
3.24259,185.787,84.2439,333.888,3.73854,1,,,,,
3.24359,185.844,84.2392,361.682,3.7384,1,,,,,
3.24459,185.901,84.2346,395.249,3.73827,1,,,,,
3.24559,185.959,84.2299,436.061,3.73813,1,,,,,
3.24659,186.016,84.2251,486.113,3.73799,1,,,,,
3.24759,186.073,84.2203,548.16,3.73785,1,,,,,
3.24859,186.131,84.2154,626.093,3.73771,1,,,,,
3.24959,186.188,84.2105,725.537,3.73756,1,,,,,
3.25059,186.245,84.2056,854.88,3.73742,1,,,,,
3.25159,186.303,84.2006,1027.05,3.73727,1,,,,,
3.25259,186.36,84.1955,1262.86,3.73712,1,,,,,
3.25359,186.417,84.1904,1597.47,3.73697,1,,,,,
3.25459,186.474,84.1853,2094.22,3.73682,1,,,,,
3.25559,186.532,84.1801,2876.76,3.73666,1,,,,,
3.25659,186.589,84.1749,4213.68,3.73651,1,,,,,
3.25759,186.646,84.1696,6783.01,3.73635,1,,,,,
3.25859,186.704,84.1642,12734.6,3.73619,1,,,,,
3.25959,186.761,84.1588,32226.5,3.73603,1,,,,,
3.26059,186.818,84.1534,193218,3.73587,1,,,,,
3.26159,186.875,84.1479,962253,3.73571,1,,,,,
3.26259,186.933,84.1424,53893.6,3.73555,1,,,,,
3.26359,186.99,84.1368,17382.7,3.73538,1,,,,,
3.26459,187.047,84.1312,8499.64,3.73521,1,,,,,
3.26559,187.105,84.1255,5037.25,3.73504,1,,,,,
3.26659,187.162,84.1198,3337.26,3.73487,1,,,,,
3.26759,187.219,84.114,2378.27,3.7347,1,,,,,
3.26859,187.277,84.1082,1784.49,3.73453,1,,,,,
3.26959,187.334,84.1023,1391.36,3.73435,1,,,,,
3.27059,187.391,84.0964,1117.59,3.73418,1,,,,,
3.27159,187.448,84.0904,919.243,3.734,1,,,,,
3.27259,187.506,84.0844,770.899,3.73382,1,,,,,
3.27359,187.563,84.0784,657.015,3.73364,1,,,,,
3.27459,187.62,84.0723,567.652,3.73345,1,,,,,
3.27559,187.678,84.0661,496.216,3.73327,1,,,,,
3.27659,187.735,84.0599,438.191,3.73308,1,,,,,
3.27759,187.792,84.0537,390.4,3.73289,1,,,,,
3.27859,187.85,84.0474,350.555,3.7327,1,,,,,
3.27959,187.907,84.041,316.975,3.73251,1,,,,,
3.28059,187.964,84.0346,288.402,3.73232,1,,,,,
3.28159,188.021,84.0282,263.879,3.73212,1,,,,,
3.28259,188.079,84.0217,242.669,3.73193,1,,,,,
3.28359,188.136,84.0151,224.194,3.73173,1,,,,,
3.28459,188.193,84.0086,207.998,3.73153,1,,,,,
3.28559,188.251,84.0019,193.717,3.73133,1,,,,,
3.28659,188.308,83.9953,181.057,3.73113,1,,,,,
3.28759,188.365,83.9885,169.779,3.73092,1,,,,,
3.28859,188.422,83.9818,159.686,3.73072,1,,,,,
3.28959,188.48,83.9749,150.615,3.73051,1,,,,,
3.29059,188.537,83.9681,142.432,3.7303,1,,,,,
3.29159,188.594,83.9611,135.022,3.73009,1,,,,,
3.29259,188.652,83.9542,128.289,3.72987,1,,,,,
3.29359,188.709,83.9472,122.154,3.72966,1,,,,,
3.29459,188.766,83.9401,116.545,3.72944,1,,,,,
3.29559,188.824,83.933,111.405,3.72923,1,,,,,
3.29659,188.881,83.9259,106.681,3.72901,1,,,,,
3.29759,188.938,83.9187,102.33,3.72879,1,,,,,
3.29859,188.995,83.9114,98.3129,3.72856,1,,,,,
3.29959,189.053,83.9041,94.5963,3.72834,1,,,,,
3.30059,189.11,83.8968,91.151,3.72811,1,,,,,
3.30159,189.167,83.8894,87.9511,3.72788,1,,,,,
3.30259,189.225,83.8819,84.9741,3.72765,1,,,,,
3.30359,189.282,83.8745,82.1997,3.72742,1,,,,,
3.30459,189.339,83.8669,79.6103,3.72719,1,,,,,
3.30559,189.397,83.8594,77.19,3.72695,1,,,,,
3.30659,189.454,83.8517,74.9246,3.72672,1,,,,,
3.30759,189.511,83.8441,72.8017,3.72648,1,,,,,
3.30859,189.568,83.8363,70.8098,3.72624,1,,,,,
3.30959,189.626,83.8286,68.9388,3.726,1,,,,,
3.31059,189.683,83.8208,67.1796,3.72575,1,,,,,
3.31159,189.74,83.8129,65.524,3.72551,1,,,,,
3.31259,189.798,83.805,63.9644,3.72526,1,,,,,
3.31359,189.855,83.797,62.4941,3.72501,1,,,,,
3.31459,189.912,83.789,61.107,3.72476,1,,,,,
3.31559,189.969,83.781,59.7976,3.72451,1,,,,,
3.31659,190.027,83.7729,58.5607,3.72425,1,,,,,
3.31759,190.084,83.7648,57.3918,3.72399,1,,,,,
3.31859,190.141,83.7566,56.2866,3.72374,1,,,,,
3.31959,190.199,83.7483,55.2412,3.72348,1,,,,,
3.32059,190.256,83.7401,54.2522,3.72321,1,,,,,
3.32159,190.313,83.7317,53.3163,3.72295,1,,,,,
3.32259,190.371,83.7234,52.4305,3.72269,1,,,,,
3.32359,190.428,83.7149,51.592,3.72242,1,,,,,
3.32459,190.485,83.7065,50.7984,3.72215,1,,,,,
3.32559,190.542,83.698,50.0474,3.72188,1,,,,,
3.32659,190.6,83.6894,49.3369,3.72161,1,,,,,
3.32759,190.657,83.6808,48.6648,3.72133,1,,,,,
3.32859,190.714,83.6721,48.0294,3.72105,1,,,,,
3.32959,190.772,83.6634,47.429,3.72078,1,,,,,
3.33059,190.829,83.6547,46.862,3.7205,1,,,,,
3.33159,190.886,83.6459,46.3272,3.72021,1,,,,,
3.33259,190.943,83.6339,45.823,3.71993,1,,,,,
3.33359,191.001,83.6214,45.3485,3.71964,1,,,,,
3.33459,191.058,83.6088,44.9023,3.71936,1,,,,,
3.33559,191.115,83.5962,44.4836,3.71907,1,,,,,
3.33659,191.173,83.5835,44.0913,3.71877,1,,,,,
3.33759,191.23,83.5707,43.7247,3.71848,1,,,,,
3.33859,191.287,83.5579,43.3829,3.71819,1,,,,,
3.33959,191.345,83.545,43.0652,3.71789,1,,,,,
3.34059,191.402,83.532,42.771,3.71759,1,,,,,
3.34159,191.459,83.519,42.4995,3.71729,1,,,,,
3.34259,191.516,83.5059,42.2504,3.71698,1,,,,,
3.34359,191.574,83.4927,42.0231,3.71668,1,,,,,
3.34459,191.631,83.4794,41.8172,3.71637,1,,,,,
3.34559,191.688,83.4661,41.6323,3.71606,1,,,,,
3.34659,191.746,83.4527,41.468,3.71575,1,,,,,
3.34759,191.803,83.4393,41.3241,3.71544,1,,,,,
3.34859,191.86,83.4258,41.2002,3.71512,1,,,,,
3.34959,191.918,83.4122,41.0963,3.71481,1,,,,,
3.35059,191.975,83.3985,41.0121,3.71449,1,,,,,
3.35159,192.032,83.3848,40.9475,3.71416,1,,,,,
3.35259,192.089,83.371,40.9024,3.71384,1,,,,,
3.35359,192.147,83.3572,40.8768,3.71352,1,,,,,
3.35459,192.204,83.3433,40.8706,3.71319,1,,,,,
3.35559,192.261,83.3293,40.884,3.71286,1,,,,,
3.35659,192.319,83.3152,40.9169,3.71253,1,,,,,
3.35759,192.376,83.3011,40.9696,3.71219,1,,,,,
3.35859,192.433,83.2869,41.042,3.71186,1,,,,,
3.35959,192.49,83.2726,41.1345,3.71152,1,,,,,
3.36059,192.548,83.2583,41.2473,3.71118,1,,,,,
3.36159,192.605,83.2439,41.3806,3.71084,1,,,,,
3.36259,192.662,83.2295,41.5348,3.7105,1,,,,,
3.36359,192.72,83.2149,41.7102,3.71015,1,,,,,
3.36459,192.777,83.2003,41.9073,3.7098,1,,,,,
3.36559,192.834,83.1857,42.1266,3.70945,1,,,,,
3.36659,192.892,83.1709,42.3684,3.7091,1,,,,,
3.36759,192.949,83.1561,42.6335,3.70875,1,,,,,
3.36859,193.006,83.1413,42.9224,3.70839,1,,,,,
3.36959,193.063,83.1264,43.2359,3.70803,1,,,,,
3.37059,193.121,83.1114,43.5746,3.70767,1,,,,,
3.37159,193.178,83.0963,43.9393,3.70731,1,,,,,
3.37259,193.235,83.0812,44.3311,3.70694,1,,,,,
3.37359,193.293,83.066,44.7507,3.70657,1,,,,,
3.37459,193.35,83.0507,45.1994,3.7062,1,,,,,
3.37559,193.407,83.0354,45.6781,3.70583,1,,,,,
3.37659,193.465,83.02,46.1881,3.70546,1,,,,,
3.37759,193.522,83.0045,46.7307,3.70508,1,,,,,
3.37859,193.579,82.989,47.3074,3.7047,1,,,,,
3.37959,193.636,82.9734,47.9197,3.70432,1,,,,,
3.38059,193.694,82.9577,48.5691,3.70394,1,,,,,
3.38159,193.751,82.942,49.2576,3.70356,1,,,,,
3.38259,193.808,82.9262,49.9871,3.70317,1,,,,,
3.38359,193.866,82.9103,50.7595,3.70278,1,,,,,
3.38459,193.923,82.8944,51.5773,3.70239,1,,,,,
3.38559,193.98,82.8784,52.4429,3.70199,1,,,,,
3.38659,194.037,82.8623,53.3588,3.7016,1,,,,,
3.38759,194.095,82.8462,54.328,3.7012,1,,,,,
3.38859,194.152,82.83,55.3536,3.7008,1,,,,,
3.38959,194.209,82.8137,56.439,3.70039,1,,,,,
3.39059,194.267,82.7974,57.5878,3.69999,1,,,,,
3.39159,194.324,82.781,58.8041,3.69958,1,,,,,
3.39259,194.381,82.7645,60.0921,3.69917,1,,,,,
3.39359,194.439,82.748,61.4566,3.69876,1,,,,,
3.39459,194.496,82.7314,62.9028,3.69834,1,,,,,
3.39559,194.553,82.7148,64.4363,3.69792,1,,,,,
3.39659,194.61,82.698,66.0634,3.69751,1,,,,,
3.39759,194.668,82.6812,67.7907,3.69708,1,,,,,
3.39859,194.725,82.6644,69.6258,3.69666,1,,,,,
3.39959,194.782,82.6474,71.5767,3.69623,1,,,,,
3.40059,194.84,82.6305,73.6526,3.6958,1,,,,,
3.40159,194.897,82.6134,75.8633,3.69537,1,,,,,
3.40259,194.954,82.5963,78.2198,3.69494,1,,,,,
3.40359,195.011,82.5791,80.7342,3.6945,1,,,,,
3.40459,195.069,82.5618,83.4202,3.69406,1,,,,,
3.40559,195.126,82.5445,86.2925,3.69362,1,,,,,
3.40659,195.183,82.5271,89.3681,3.69317,1,,,,,
3.40759,195.241,82.5097,92.6654,3.69273,1,,,,,
3.40859,195.298,82.4921,96.2056,3.69228,1,,,,,
3.40959,195.355,82.4746,100.012,3.69183,1,,,,,
3.41059,195.413,82.4569,104.111,3.69137,1,,,,,
3.41159,195.47,82.4392,108.533,3.69092,1,,,,,
3.41259,195.527,82.4214,113.311,3.69046,1,,,,,
3.41359,195.584,82.4036,118.483,3.69,1,,,,,
3.41459,195.642,82.3857,124.095,3.68953,1,,,,,
3.41559,195.699,82.3677,130.195,3.68907,1,,,,,
3.41659,195.756,82.3496,136.841,3.6886,1,,,,,
3.41759,195.814,82.3315,144.099,3.68812,1,,,,,
3.41859,195.871,82.3134,152.046,3.68765,1,,,,,
3.41959,195.928,82.2951,160.771,3.68717,1,,,,,
3.42059,195.986,82.2768,170.379,3.68669,1,,,,,
3.42159,196.043,82.2584,180.991,3.68621,1,,,,,
3.42259,196.1,82.24,192.751,3.68573,1,,,,,
3.42359,196.157,82.2215,205.83,3.68524,1,,,,,
3.42459,196.215,82.2029,220.433,3.68475,1,,,,,
3.42559,196.272,82.1843,236.804,3.68426,1,,,,,
3.42659,196.329,82.1656,255.24,3.68376,1,,,,,
3.42759,196.387,82.1469,276.104,3.68326,1,,,,,
3.42859,196.444,82.128,299.838,3.68276,1,,,,,
3.42959,196.501,82.1092,326.995,3.68226,1,,,,,
3.43059,196.558,82.0902,358.264,3.68175,1,,,,,
3.43159,196.616,82.0712,394.519,3.68124,1,,,,,
3.43259,196.673,82.0521,436.878,3.68073,1,,,,,
3.43359,196.73,82.0329,486.792,3.68021,1,,,,,
3.43459,196.788,82.0137,546.167,3.6797,1,,,,,
3.43559,196.845,81.9945,617.554,3.67918,1,,,,,
3.43659,196.902,81.9751,704.423,3.67865,1,,,,,
3.43759,196.96,81.9557,811.596,3.67813,1,,,,,
3.43859,197.017,81.9362,945.925,3.6776,1,,,,,
3.43959,197.074,81.9167,1117.42,3.67707,1,,,,,
3.44059,197.131,81.8971,1341.15,3.67653,1,,,,,
3.44159,197.189,81.8774,1640.71,3.676,1,,,,,
3.44259,197.246,81.8577,2054.61,3.67546,1,,,,,
3.44359,197.303,81.8379,2649.4,3.67491,1,,,,,
3.44459,197.361,81.818,3548.04,3.67437,1,,,,,
3.44559,197.418,81.7981,4998.91,3.67382,1,,,,,
3.44659,197.475,81.7781,7567.64,3.67327,1,,,,,
3.44759,197.533,81.7581,12784.2,3.67271,1,,,,,
3.44859,197.59,81.738,26082,3.67215,1,,,,,
3.44959,197.647,81.7178,79815.9,3.67159,1,,,,,
3.45059,197.704,81.6975,1.27E+06,3.67103,1,,,,,
3.45159,197.762,81.6772,322866,3.67046,1,,,,,
3.45259,197.819,81.6569,51554.1,3.6699,1,,,,,
3.45359,197.876,81.6364,20160.1,3.66932,1,,,,,
3.45459,197.934,81.6159,10684.2,3.66875,1,,,,,
3.45559,197.991,81.5954,6612.69,3.66817,1,,,,,
3.45659,198.048,81.5747,4498.4,3.66759,1,,,,,
3.45759,198.105,81.554,3261.53,3.667,1,,,,,
3.45859,198.163,81.5333,2476.03,3.66642,1,,,,,
3.45959,198.22,81.5125,1946.25,3.66582,1,,,,,
3.46059,198.277,81.4916,1572.14,3.66523,1,,,,,
3.46159,198.335,81.4706,1298.2,3.66463,1,,,,,
3.46259,198.392,81.4496,1091.65,3.66403,1,,,,,
3.46359,198.449,81.4286,932.073,3.66343,1,,,,,
3.46459,198.507,81.4074,806.27,3.66282,1,,,,,
3.46559,198.564,81.3862,705.362,3.66222,1,,,,,
3.46659,198.621,81.365,623.214,3.6616,1,,,,,
3.46759,198.678,81.3436,555.471,3.66099,1,,,,,
3.46859,198.736,81.3222,498.975,3.66037,1,,,,,
3.46959,198.793,81.3008,451.391,3.65975,1,,,,,
3.47059,198.85,81.2793,410.96,3.65912,1,,,,,
3.47159,198.908,81.2577,376.341,3.65849,1,,,,,
3.47259,198.965,81.236,346.492,3.65786,1,,,,,
3.47359,199.022,81.2143,320.597,3.65722,1,,,,,
3.47459,199.079,81.1926,298.009,3.65659,1,,,,,
3.47559,199.137,81.1707,278.21,3.65594,1,,,,,
3.47659,199.194,81.1488,260.78,3.6553,1,,,,,
3.47759,199.251,81.1269,245.378,3.65465,1,,,,,
3.47859,199.309,81.1049,231.722,3.654,1,,,,,
3.47959,199.366,81.0828,219.58,3.65334,1,,,,,
3.48059,199.423,81.0606,208.758,3.65268,1,,,,,
3.48159,199.481,81.0384,199.095,3.65202,1,,,,,
3.48259,199.538,81.0161,190.453,3.65136,1,,,,,
3.48359,199.595,80.9938,182.717,3.65069,1,,,,,
3.48459,199.652,80.9714,175.789,3.65002,1,,,,,
3.48559,199.71,80.949,169.585,3.64934,1,,,,,
3.48659,199.767,80.9264,164.033,3.64866,1,,,,,
3.48759,199.824,80.9038,159.073,3.64798,1,,,,,
3.48859,199.882,80.8812,154.651,3.64729,1,,,,,
3.48959,199.939,80.8585,150.722,3.6466,1,,,,,
3.49059,199.996,80.8357,147.248,3.64591,1,,,,,
3.49159,200.054,80.8129,144.194,3.64521,1,,,,,
3.49259,200.111,80.79,141.532,3.64451,1,,,,,
3.49359,200.168,80.767,139.238,3.64381,1,,,,,
3.49459,200.225,80.744,137.291,3.6431,1,,,,,
3.49559,200.283,80.7209,135.674,3.64239,1,,,,,
3.49659,200.34,80.6978,134.371,3.64168,1,,,,,
3.49759,200.397,80.6746,133.373,3.64096,1,,,,,
3.49859,200.455,80.6513,132.668,3.64023,1,,,,,
3.49959,200.512,80.628,132.252,3.63951,1,,,,,
3.50059,200.569,80.6046,132.118,3.63878,1,,,,,
3.50159,200.626,80.5811,132.266,3.63805,1,,,,,
3.50259,200.684,80.5576,132.694,3.63731,1,,,,,
3.50359,200.741,80.534,133.406,3.63657,1,,,,,
3.50459,200.798,80.5104,134.403,3.63582,1,,,,,
3.50559,200.856,80.4867,135.694,3.63508,1,,,,,
3.50659,200.913,80.4629,137.286,3.63432,1,,,,,
3.50759,200.97,80.4391,139.191,3.63357,1,,,,,
3.50859,201.028,80.4152,141.421,3.63281,1,,,,,
3.50959,201.085,80.3912,143.992,3.63205,1,,,,,
3.51059,201.142,80.3672,146.924,3.63128,1,,,,,
3.51159,201.199,80.3432,150.24,3.63051,1,,,,,
3.51259,201.257,80.319,153.964,3.62973,1,,,,,
3.51359,201.314,80.2948,158.128,3.62895,1,,,,,
3.51459,201.371,80.2706,162.767,3.62817,1,,,,,
3.51559,201.429,80.2463,167.92,3.62738,1,,,,,
3.51659,201.486,80.2219,173.634,3.62659,1,,,,,
3.51759,201.543,80.1974,179.962,3.6258,1,,,,,
3.51859,201.601,80.1729,186.967,3.625,1,,,,,
3.51959,201.658,80.1484,194.72,3.62419,1,,,,,
3.52059,201.715,80.1238,203.303,3.62339,1,,,,,
3.52159,201.772,80.0991,212.813,3.62258,1,,,,,
3.52259,201.83,80.0743,223.361,3.62176,1,,,,,
3.52359,201.887,80.0495,235.078,3.62094,1,,,,,
3.52459,201.944,80.0247,248.118,3.62012,1,,,,,
3.52559,202.002,79.9997,262.662,3.61929,1,,,,,
3.52659,202.059,79.9747,278.925,3.61846,1,,,,,
3.52759,202.116,79.9497,297.165,3.61762,1,,,,,
3.52859,202.173,79.9246,317.688,3.61678,1,,,,,
3.52959,202.231,79.8994,340.865,3.61594,1,,,,,
3.53059,202.288,79.8742,367.149,3.61509,1,,,,,
3.53159,202.345,79.8489,397.092,3.61424,1,,,,,
3.53259,202.403,79.8236,431.378,3.61338,1,,,,,
3.53359,202.46,79.7981,470.859,3.61252,1,,,,,
3.53459,202.517,79.7727,516.609,3.61165,1,,,,,
3.53559,202.575,79.7471,569.997,3.61078,1,,,,,
3.53659,202.632,79.7216,632.784,3.60991,1,,,,,
3.53759,202.689,79.6959,707.277,3.60903,1,,,,,
3.53859,202.746,79.6702,796.536,3.60815,1,,,,,
3.53959,202.804,79.6444,904.688,3.60726,1,,,,,
3.54059,202.861,79.6186,1037.42,3.60637,1,,,,,
3.54159,202.918,79.5927,1202.71,3.60547,1,,,,,
3.54259,202.976,79.5668,1412.1,3.60457,1,,,,,
3.54359,203.033,79.5407,1682.69,3.60366,1,,,,,
3.54459,203.09,79.5147,2040.78,3.60275,1,,,,,
3.54559,203.147,79.4885,2528.46,3.60184,1,,,,,
3.54659,203.205,79.4624,3216.54,3.60092,1,,,,,
3.54759,203.262,79.4361,4231.69,3.6,1,,,,,
3.54859,203.319,79.4098,5819.08,3.59907,1,,,,,
3.54959,203.377,79.3834,8505.31,3.59813,1,,,,,
3.55059,203.434,79.357,13598,3.5972,1,,,,,
3.55159,203.491,79.3305,25136.8,3.59625,1,,,,,
3.55259,203.549,79.304,61290.1,3.59531,1,,,,,
3.55359,203.606,79.2774,318363,3.59435,1,,,,,
3.55459,203.663,79.2507,4.12E+06,3.5934,1,,,,,
3.55559,203.72,79.224,131713,3.59244,1,,,,,
3.55659,203.778,79.1972,39765.6,3.59147,1,,,,,
3.55759,203.835,79.1704,18919.9,3.5905,1,,,,,
3.55859,203.892,79.1435,11031.6,3.58952,1,,,,,
3.55959,203.95,79.1165,7222.54,3.58854,1,,,,,
3.56059,204.007,79.0895,5097.06,3.58756,1,,,,,
3.56159,204.064,79.0624,3791.26,3.58657,1,,,,,
3.56259,204.122,79.0353,2931.9,3.58557,1,,,,,
3.56359,204.179,79.0081,2336.35,3.58457,1,,,,,
3.56459,204.236,78.9808,1906.64,3.58356,1,,,,,
3.56559,204.293,78.9535,1586.42,3.58255,1,,,,,
3.56659,204.351,78.9262,1341.39,3.58154,1,,,,,
3.56759,204.408,78.8987,1149.69,3.58052,1,,,,,
3.56859,204.465,78.8712,996.884,3.57949,1,,,,,
3.56959,204.523,78.8437,873.098,3.57846,1,,,,,
3.57059,204.58,78.8161,771.411,3.57743,1,,,,,
3.57159,204.637,78.7884,686.848,3.57639,1,,,,,
3.57259,204.694,78.7607,615.761,3.57534,1,,,,,
3.57359,204.752,78.7329,555.423,3.57429,1,,,,,
3.57459,204.809,78.7051,503.766,3.57323,1,,,,,
3.57559,204.866,78.6772,459.194,3.57217,1,,,,,
3.57659,204.924,78.6493,420.465,3.5711,1,,,,,
3.57759,204.981,78.6212,386.595,3.57003,1,,,,,
3.57859,205.038,78.5932,356.802,3.56895,1,,,,,
3.57959,205.096,78.565,330.452,3.56787,1,,,,,
3.58059,205.153,78.5369,307.033,3.56678,1,,,,,
3.58159,205.21,78.5086,286.122,3.56569,1,,,,,
3.58259,205.267,78.4803,267.373,3.56459,1,,,,,
3.58359,205.325,78.452,250.494,3.56348,1,,,,,
3.58459,205.382,78.4236,235.244,3.56237,1,,,,,
3.58559,205.439,78.3951,221.418,3.56126,1,,,,,
3.58659,205.497,78.3666,208.842,3.56014,1,,,,,
3.58759,205.554,78.338,197.37,3.55901,1,,,,,
3.58859,205.611,78.3093,186.874,3.55788,1,,,,,
3.58959,205.669,78.2806,177.246,3.55674,1,,,,,
3.59059,205.726,78.2519,168.391,3.55559,1,,,,,
3.59159,205.783,78.2231,160.229,3.55444,1,,,,,
3.59259,205.84,78.1942,152.688,3.55329,1,,,,,
3.59359,205.898,78.1653,145.705,3.55213,1,,,,,
3.59459,205.955,78.1363,139.227,3.55096,1,,,,,
3.59559,206.012,78.1072,133.205,3.54979,1,,,,,
3.59659,206.07,78.0781,127.598,3.54861,1,,,,,
3.59759,206.127,78.049,122.366,3.54743,1,,,,,
3.59859,206.184,78.0198,117.478,3.54624,1,,,,,
3.59959,206.241,77.9905,112.902,3.54504,1,,,,,
3.60059,206.299,77.9612,108.614,3.54384,1,,,,,
3.60159,206.356,77.9318,104.588,3.54263,1,,,,,
3.60259,206.413,77.9024,100.803,3.54142,1,,,,,
3.60359,206.471,77.8729,97.2406,3.5402,1,,,,,
3.60459,206.528,77.8433,93.8829,3.53897,1,,,,,
3.60559,206.585,77.8137,90.7144,3.53774,1,,,,,
3.60659,206.643,77.7841,87.7208,3.5365,1,,,,,
3.60759,206.7,77.7543,84.8892,3.53526,1,,,,,
3.60859,206.757,77.7246,82.208,3.53401,1,,,,,
3.60959,206.814,77.6947,79.6664,3.53275,1,,,,,
3.61059,206.872,77.6648,77.2547,3.53149,1,,,,,
3.61159,206.929,77.6349,74.9642,3.53022,1,,,,,
3.61259,206.986,77.6049,72.7865,3.52895,1,,,,,
3.61359,207.044,77.5748,70.7142,3.52767,1,,,,,
3.61459,207.101,77.5447,68.7406,3.52638,1,,,,,
3.61559,207.158,77.5146,66.8592,3.52509,1,,,,,
3.61659,207.215,77.4844,65.0643,3.52378,1,,,,,
3.61759,207.273,77.4541,63.3506,3.52248,1,,,,,
3.61859,207.33,77.4237,61.7131,3.52116,1,,,,,
3.61959,207.387,77.3934,60.1472,3.51984,1,,,,,
3.62059,207.445,77.3629,58.6488,3.51852,1,,,,,
3.62159,207.502,77.3324,57.2138,3.51719,1,,,,,
3.62259,207.559,77.3019,55.8388,3.51585,1,,,,,
3.62359,207.617,77.2713,54.5202,3.5145,1,,,,,
3.62459,207.674,77.2406,53.2549,3.51315,1,,,,,
3.62559,207.731,77.2099,52.0402,3.51179,1,,,,,
3.62659,207.788,77.1791,50.8731,3.51042,1,,,,,
3.62759,207.846,77.1483,49.7512,3.50905,1,,,,,
3.62859,207.903,77.1174,48.6721,3.50767,1,,,,,
3.62959,207.96,77.0865,47.6336,3.50628,1,,,,,
3.63059,208.018,77.0555,46.6337,3.50489,1,,,,,
3.63159,208.075,77.0244,45.6703,3.50349,1,,,,,
3.63259,208.132,76.9933,44.7417,3.50208,1,,,,,
3.63359,208.19,76.9622,43.8461,3.50067,1,,,,,
3.63459,208.247,76.931,42.982,3.49925,1,,,,,
3.63559,208.304,76.8997,42.1479,3.49782,1,,,,,
3.63659,208.361,76.8684,41.3423,3.49638,1,,,,,
3.63759,208.419,76.837,40.5639,3.49494,1,,,,,
3.63859,208.476,76.8056,39.8114,3.49349,1,,,,,
3.63959,208.533,76.7741,39.0838,3.49203,1,,,,,
3.64059,208.591,76.7426,38.3798,3.49057,1,,,,,
3.64159,208.648,76.711,37.6984,3.4891,1,,,,,
3.64259,208.705,76.6794,37.0386,3.48762,1,,,,,
3.64359,208.762,76.6477,36.3995,3.48614,1,,,,,
3.64459,208.82,76.6159,35.7802,3.48464,1,,,,,
3.64559,208.877,76.5841,35.1799,3.48314,1,,,,,
3.64659,208.934,76.5523,34.5977,3.48163,1,,,,,
3.64759,208.992,76.5204,34.033,3.48012,1,,,,,
3.64859,209.049,76.4884,33.4849,3.4786,1,,,,,
3.64959,209.106,76.4564,32.9529,3.47707,1,,,,,
3.65059,209.164,76.4243,32.4362,3.47553,1,,,,,
3.65159,209.221,76.3922,31.9343,3.47398,1,,,,,
3.65259,209.278,76.3601,31.4466,3.47243,1,,,,,
3.65359,209.335,76.3278,30.9725,3.47087,1,,,,,
3.65459,209.393,76.2955,30.5116,3.4693,1,,,,,
3.65559,209.45,76.2632,30.0633,3.46772,1,,,,,
3.65659,209.507,76.2308,29.6271,3.46614,1,,,,,
3.65759,209.565,76.1984,29.2026,3.46455,1,,,,,
3.65859,209.622,76.1659,28.7893,3.46295,1,,,,,
3.65959,209.679,76.1334,28.3869,3.46134,1,,,,,
3.66059,209.737,76.1008,27.995,3.45973,1,,,,,
3.66159,209.794,76.0681,27.6131,3.4581,1,,,,,
3.66259,209.851,76.0354,27.241,3.45647,1,,,,,
3.66359,209.908,76.0027,26.8782,3.45483,1,,,,,
3.66459,209.966,75.9699,26.5245,3.45318,1,,,,,
3.66559,210.023,75.937,26.1796,3.45153,1,,,,,
3.66659,210.08,75.9041,25.8431,3.44986,1,,,,,
3.66759,210.138,75.8712,25.5148,3.44819,1,,,,,
3.66859,210.195,75.8382,25.1943,3.44651,1,,,,,
3.66959,210.252,75.8051,24.8815,3.44482,1,,,,,
3.67059,210.309,75.772,24.576,3.44313,1,,,,,
3.67159,210.367,75.7388,24.2777,3.44142,1,,,,,
3.67259,210.424,75.7056,23.9863,3.43971,1,,,,,
3.67359,210.481,75.6723,23.7016,3.43798,1,,,,,
3.67459,210.539,75.639,23.4233,3.43625,1,,,,,
3.67559,210.596,75.6056,23.1513,3.43451,1,,,,,
3.67659,210.653,75.5722,22.8854,3.43277,1,,,,,
3.67759,210.711,75.5388,22.6254,3.43101,1,,,,,
3.67859,210.768,75.5052,22.3711,3.42924,1,,,,,
3.67959,210.825,75.4717,22.1223,3.42747,1,,,,,
3.68059,210.882,75.438,21.8789,3.42569,1,,,,,
3.68159,210.94,75.4044,21.6406,3.4239,1,,,,,
3.68259,210.997,75.3706,21.4075,3.4221,1,,,,,
3.68359,211.054,75.3369,21.1792,3.42029,1,,,,,
3.68459,211.112,75.303,20.9557,3.41847,1,,,,,
3.68559,211.169,75.2692,20.7368,3.41664,1,,,,,
3.68659,211.226,75.2352,20.5224,3.4148,1,,,,,
3.68759,211.283,75.2013,20.3124,3.41296,1,,,,,
3.68859,211.341,75.1672,20.1066,3.4111,1,,,,,
3.68959,211.398,75.1331,19.9049,3.40924,1,,,,,
3.69059,211.455,75.099,19.7073,3.40737,1,,,,,
3.69159,211.513,75.0648,19.5135,3.40549,1,,,,,
3.69259,211.57,75.0306,19.3235,3.4036,1,,,,,
3.69359,211.627,74.9963,19.1372,3.40169,1,,,,,
3.69459,211.685,74.962,18.9545,3.39978,1,,,,,
3.69559,211.742,74.9276,18.7753,3.39787,1,,,,,
3.69659,211.799,74.8932,18.5995,3.39594,1,,,,,
3.69759,211.856,74.8587,18.427,3.394,1,,,,,
3.69859,211.914,74.8242,18.2577,3.39205,1,,,,,
3.69959,211.971,74.7896,18.0915,3.39009,1,,,,,
3.70059,212.028,74.755,17.9284,3.38812,1,,,,,
3.70159,212.086,74.7204,17.7683,3.38615,1,,,,,
3.70259,212.143,74.6856,17.7991,3.38416,1,,,,,
3.70359,212.2,74.6509,17.6454,3.38216,1,,,,,
3.70459,212.258,74.6161,17.4945,3.38016,1,,,,,
3.70559,212.315,74.5812,17.3463,3.37814,1,,,,,
3.70659,212.372,74.5463,17.2007,3.37611,1,,,,,
3.70759,212.429,74.5113,17.0576,3.37408,1,,,,,
3.70859,212.487,74.4763,16.9171,3.37203,1,,,,,
3.70959,212.544,74.4412,16.779,3.36998,1,,,,,
3.71059,212.601,74.4061,16.6433,3.36791,1,,,,,
3.71159,212.659,74.371,16.5099,3.36583,1,,,,,
3.71259,212.716,74.3358,16.3787,3.36374,1,,,,,
3.71359,212.773,74.3005,16.2498,3.36165,1,,,,,
3.71459,212.83,74.2652,16.1231,3.35954,1,,,,,
3.71559,212.888,74.2299,15.9984,3.35742,1,,,,,
3.71659,212.945,74.1945,15.8759,3.35529,1,,,,,
3.71759,213.002,74.1591,15.7553,3.35315,1,,,,,
3.71859,213.06,74.1236,15.6367,3.351,1,,,,,
3.71959,213.117,74.088,15.5201,3.34884,1,,,,,
3.72059,213.174,74.0524,15.4053,3.34667,1,,,,,
3.72159,213.232,74.0168,15.2924,3.34449,1,,,,,
3.72259,213.289,73.9811,15.1812,3.3423,1,,,,,
3.72359,213.346,73.9454,15.0719,3.34009,1,,,,,
3.72459,213.403,73.9097,14.9642,3.33788,1,,,,,
3.72559,213.461,73.8738,14.8583,3.33566,1,,,,,
3.72659,213.518,73.838,14.754,3.33342,1,,,,,
3.72759,213.575,73.8021,14.6513,3.33117,1,,,,,
3.72859,213.633,73.7661,14.5501,3.32891,1,,,,,
3.72959,213.69,73.7301,14.4506,3.32664,1,,,,,
3.73059,213.747,73.6941,14.3525,3.32436,1,,,,,
3.73159,213.805,73.658,14.2559,3.32207,1,,,,,
3.73259,213.862,73.6218,14.1608,3.31977,1,,,,,
3.73359,213.919,73.5856,14.0671,3.31745,1,,,,,
3.73459,213.976,73.5494,13.9748,3.31513,1,,,,,
3.73559,214.034,73.5131,13.8839,3.31279,1,,,,,
3.73659,214.091,73.4768,13.7943,3.31044,1,,,,,
3.73759,214.148,73.4405,13.706,3.30808,1,,,,,
3.73859,214.206,73.404,13.6189,3.30571,1,,,,,
3.73959,214.263,73.3676,13.5332,3.30333,1,,,,,
3.74059,214.32,73.3311,13.4486,3.30093,1,,,,,
3.74159,214.377,73.2945,13.3653,3.29852,1,,,,,
3.74259,214.435,73.2579,13.2832,3.2961,1,,,,,
3.74359,214.492,73.2213,13.2022,3.29367,1,,,,,
3.74459,214.549,73.1846,13.1224,3.29123,1,,,,,
3.74559,214.607,73.1479,13.0436,3.28877,1,,,,,
3.74659,214.664,73.1111,12.966,3.2863,1,,,,,
3.74759,214.721,73.0743,12.8895,3.28383,1,,,,,
3.74859,214.779,73.0375,12.814,3.28133,1,,,,,
3.74959,214.836,73.0006,12.7395,3.27883,1,,,,,
3.75059,214.893,72.9636,12.666,3.27631,1,,,,,
3.75159,214.95,72.9266,12.5936,3.27378,1,,,,,
3.75259,215.008,72.8896,12.5221,3.27124,1,,,,,
3.75359,215.065,72.8525,12.4516,3.26869,1,,,,,
3.75459,215.122,72.8154,12.382,3.26612,1,,,,,
3.75559,215.18,72.7782,12.3134,3.26354,1,,,,,
3.75659,215.237,72.741,12.2456,3.26095,1,,,,,
3.75759,215.294,72.7038,12.1788,3.25835,1,,,,,
3.75859,215.351,72.6665,12.1128,3.25573,1,,,,,
3.75959,215.409,72.6292,12.0477,3.2531,1,,,,,
3.76059,215.466,72.5918,11.9834,3.25045,1,,,,,
3.76159,215.523,72.5544,11.9199,3.2478,1,,,,,
3.76259,215.581,72.5169,11.8573,3.24513,1,,,,,
3.76359,215.638,72.4794,11.7955,3.24245,1,,,,,
3.76459,215.695,72.4419,11.7344,3.23975,1,,,,,
3.76559,215.753,72.4043,11.6742,3.23704,1,,,,,
3.76659,215.81,72.3667,11.6147,3.23432,1,,,,,
3.76759,215.867,72.329,11.5559,3.23158,1,,,,,
3.76859,215.924,72.2913,11.4979,3.22883,1,,,,,
3.76959,215.982,72.2535,11.4406,3.22607,1,,,,,
3.77059,216.039,72.2157,11.384,3.22329,1,,,,,
3.77159,216.096,72.1779,11.3281,3.2205,1,,,,,
3.77259,216.154,72.14,11.2729,3.2177,1,,,,,
3.77359,216.211,72.1021,11.2184,3.21488,1,,,,,
3.77459,216.268,72.0642,11.1645,3.21205,1,,,,,
3.77559,216.326,72.0262,11.1113,3.2092,1,,,,,
3.77659,216.383,71.9881,11.0587,3.20635,1,,,,,
3.77759,216.44,71.95,11.0068,3.20347,1,,,,,
3.77859,216.497,71.9119,10.9554,3.20058,1,,,,,
3.77959,216.555,71.8738,10.9047,3.19768,1,,,,,
3.78059,216.612,71.8356,10.8546,3.19477,1,,,,,
3.78159,216.669,71.7973,10.8051,3.19183,1,,,,,
3.78259,216.727,71.7591,10.7562,3.18889,1,,,,,
3.78359,216.784,71.7207,10.7078,3.18593,1,,,,,
3.78459,216.841,71.6824,10.66,3.18296,1,,,,,
3.78559,216.898,71.644,10.6128,3.17997,1,,,,,
3.78659,216.956,71.6056,10.5661,3.17696,1,,,,,
3.78759,217.013,71.5671,10.5199,3.17395,1,,,,,
3.78859,217.07,71.5286,10.4743,3.17091,1,,,,,
3.78959,217.128,71.49,10.4292,3.16787,1,,,,,
3.79059,217.185,71.4514,10.3846,3.1648,1,,,,,
3.79159,217.242,71.4128,10.3405,3.16172,1,,,,,
3.79259,217.3,71.3742,10.297,3.15863,1,,,,,
3.79359,217.357,71.3355,10.2539,3.15552,1,,,,,
3.79459,217.414,71.2967,10.2113,3.1524,1,,,,,
3.79559,217.471,71.258,10.1691,3.14926,1,,,,,
3.79659,217.529,71.2191,10.1275,3.14611,1,,,,,
3.79759,217.586,71.1803,10.0863,3.14294,1,,,,,
3.79859,217.643,71.1414,10.0456,3.13975,1,,,,,
3.79959,217.701,71.1025,10.0053,3.13655,1,,,,,
3.80059,217.758,71.0635,9.96543,3.13333,1,,,,,
3.80159,217.815,71.0245,9.92602,3.1301,1,,,,,
3.80259,217.873,70.9855,9.88704,3.12685,1,,,,,
3.80359,217.93,70.9464,9.84848,3.12359,1,,,,,
3.80459,217.987,70.9073,9.81034,3.12031,1,,,,,
3.80559,218.044,70.8682,9.77262,3.11701,1,,,,,
3.80659,218.102,70.829,9.7353,3.1137,1,,,,,
3.80759,218.159,70.7898,9.69838,3.11037,1,,,,,
3.80859,218.216,70.7506,9.66186,3.10703,1,,,,,
3.80959,218.274,70.7113,9.62572,3.10367,1,,,,,
3.81059,218.331,70.672,9.58997,3.10029,1,,,,,
3.81159,218.388,70.6326,9.5546,3.09689,1,,,,,
3.81259,218.445,70.5932,9.5196,3.09348,1,,,,,
3.81359,218.503,70.5538,9.48497,3.09006,1,,,,,
3.81459,218.56,70.5144,9.4507,3.08661,1,,,,,
3.81559,218.617,70.4749,9.41679,3.08315,1,,,,,
3.81659,218.675,70.4354,9.38324,3.07967,1,,,,,
3.81759,218.732,70.3958,9.35003,3.07618,1,,,,,
3.81859,218.789,70.3562,9.31717,3.07267,1,,,,,
3.81959,218.847,70.3166,9.28465,3.06914,1,,,,,
3.82059,218.904,70.277,9.25246,3.06559,1,,,,,
3.82159,218.961,70.2373,9.2206,3.06203,1,,,,,
3.82259,219.018,70.1976,9.18907,3.05844,1,,,,,
3.82359,219.076,70.1578,9.15786,3.05485,1,,,,,
3.82459,219.133,70.1181,9.12696,3.05123,1,,,,,
3.82559,219.19,70.0782,9.09639,3.0476,1,,,,,
3.82659,219.248,70.0384,9.06612,3.04394,1,,,,,
3.82759,219.305,69.9985,9.03615,3.04027,1,,,,,
3.82859,219.362,69.9586,9.00649,3.03659,1,,,,,
3.82959,219.419,69.9187,8.97712,3.03288,1,,,,,
3.83059,219.477,69.8787,8.94805,3.02916,1,,,,,
3.83159,219.534,69.8387,8.91927,3.02542,1,,,,,
3.83259,219.591,69.7987,8.89078,3.02166,1,,,,,
3.83359,219.649,69.7587,8.86256,3.01788,1,,,,,
3.83459,219.706,69.7186,8.83463,3.01408,1,,,,,
3.83559,219.763,69.6785,8.80697,3.01027,1,,,,,
3.83659,219.821,69.6383,8.77959,3.00643,1,,,,,
3.83759,219.878,69.5982,8.75247,3.00258,1,,,,,
3.83859,219.935,69.558,8.72562,2.99871,1,,,,,
3.83959,219.992,69.5177,8.69904,2.99482,1,,,,,
3.84059,220.05,69.4775,8.67271,2.99091,1,,,,,
3.84159,220.107,69.4372,8.64663,2.98699,1,,,,,
3.84259,220.164,69.3969,8.62082,2.98304,1,,,,,
3.84359,220.222,69.3565,8.59525,2.97907,1,,,,,
3.84459,220.279,69.3162,8.56992,2.97509,1,,,,,
3.84559,220.336,69.2758,8.54484,2.97109,1,,,,,
3.84659,220.394,69.2354,8.52001,2.96706,1,,,,,
3.84759,220.451,69.1949,8.49541,2.96302,1,,,,,
3.84859,220.508,69.1545,8.47104,2.95896,1,,,,,
3.84959,220.565,69.114,8.44691,2.95487,1,,,,,
3.85059,220.623,69.0734,8.42301,2.95077,1,,,,,
3.85159,220.68,69.0329,8.39934,2.94665,1,,,,,
3.85259,220.737,68.9923,8.37589,2.94251,1,,,,,
3.85359,220.795,68.9517,8.35266,2.93835,1,,,,,
3.85459,220.852,68.9111,8.32965,2.93417,1,,,,,
3.85559,220.909,68.8705,8.30686,2.92996,1,,,,,
3.85659,220.966,68.8298,8.28428,2.92574,1,,,,,
3.85759,221.024,68.7891,8.26191,2.9215,1,,,,,
3.85859,221.081,68.7484,8.23976,2.91724,1,,,,,
3.85959,221.138,68.7077,8.21781,2.91295,1,,,,,
3.86059,221.196,68.6669,8.19606,2.90865,1,,,,,
3.86159,221.253,68.6261,8.17452,2.90432,1,,,,,
3.86259,221.31,68.5853,8.15318,2.89998,1,,,,,
3.86359,221.368,68.5445,8.13204,2.89561,1,,,,,
3.86459,221.425,68.5036,8.11109,2.89122,1,,,,,
3.86559,221.482,68.4628,8.09033,2.88682,1,,,,,
3.86659,221.539,68.4219,8.06977,2.88239,1,,,,,
3.86759,221.597,68.381,8.0494,2.87794,1,,,,,
3.86859,221.654,68.3401,8.02921,2.87346,1,,,,,
3.86959,221.711,68.2991,8.00921,2.86897,1,,,,,
3.87059,221.769,68.2582,7.98939,2.86445,1,,,,,
3.87159,221.826,68.2172,7.96976,2.85992,1,,,,,
3.87259,221.883,68.1762,7.9503,2.85536,1,,,,,
3.87359,221.941,68.1352,7.93102,2.85078,1,,,,,
3.87459,221.998,68.0941,7.91192,2.84618,1,,,,,
3.87559,222.055,68.0531,7.89299,2.84155,1,,,,,
3.87659,222.112,68.012,7.87423,2.83691,1,,,,,
3.87759,222.17,67.9709,7.85564,2.83224,1,,,,,
3.87859,222.227,67.9298,7.83722,2.82755,1,,,,,
3.87959,222.284,67.8887,7.81897,2.82283,1,,,,,
3.88059,222.342,67.8476,7.80088,2.8181,1,,,,,
3.88159,222.399,67.8064,7.78295,2.81334,1,,,,,
3.88259,222.456,67.7653,7.76518,2.80856,1,,,,,
3.88359,222.513,67.7241,7.74758,2.80376,1,,,,,
3.88459,222.571,67.6829,7.73013,2.79893,1,,,,,
3.88559,222.628,67.6417,7.71284,2.79408,1,,,,,
3.88659,222.685,67.6005,7.6957,2.78921,1,,,,,
3.88759,222.743,67.5593,7.67872,2.78432,1,,,,,
3.88859,222.8,67.518,7.66189,2.7794,1,,,,,
3.88959,222.857,67.4768,7.64521,2.77446,1,,,,,
3.89059,222.915,67.4355,7.62868,2.76949,1,,,,,
3.89159,222.972,67.3942,7.61229,2.7645,1,,,,,
3.89259,223.029,67.353,7.59605,2.75949,1,,,,,
3.89359,223.086,67.3117,7.57996,2.75446,1,,,,,
3.89459,223.144,67.2704,7.564,2.7494,1,,,,,
3.89559,223.201,67.2291,7.54819,2.74431,1,,,,,
3.89659,223.258,67.1877,7.53252,2.73921,1,,,,,
3.89759,223.316,67.1464,7.51699,2.73408,1,,,,,
3.89859,223.373,67.1051,7.50159,2.72892,1,,,,,
3.89959,223.43,67.0637,7.48633,2.72374,1,,,,,
3.90059,223.487,67.0224,7.47121,2.71854,1,,,,,
3.90159,223.545,66.9811,7.45621,2.71331,1,,,,,
3.90259,223.602,66.9397,7.44135,2.70806,1,,,,,
3.90359,223.659,66.8983,7.42662,2.70278,1,,,,,
3.90459,223.717,66.857,7.41203,2.69748,1,,,,,
3.90559,223.774,66.8156,7.39755,2.69216,1,,,,,
3.90659,223.831,66.7743,7.38321,2.68681,1,,,,,
3.90759,223.889,66.7329,7.36899,2.68143,1,,,,,
3.90859,223.946,66.6915,7.3549,2.67603,1,,,,,
3.90959,224.003,66.6502,7.34093,2.67061,1,,,,,
3.91059,224.06,66.6088,7.32708,2.66515,1,,,,,
3.91159,224.118,66.5674,7.31335,2.65968,1,,,,,
3.91259,224.175,66.526,7.29975,2.65418,1,,,,,
3.91359,224.232,66.4847,7.28626,2.64865,1,,,,,
3.91459,224.29,66.4433,7.27289,2.6431,1,,,,,
3.91559,224.347,66.4019,7.25964,2.63752,1,,,,,
3.91659,224.404,66.3606,7.2465,2.63192,1,,,,,
3.91759,224.462,66.3192,7.23348,2.62629,1,,,,,
3.91859,224.519,66.2779,7.22057,2.62063,1,,,,,
3.91959,224.576,66.2365,7.20777,2.61495,1,,,,,
3.92059,224.633,66.1952,7.19509,2.60924,1,,,,,
3.92159,224.691,66.1539,7.18251,2.60351,1,,,,,
3.92259,224.748,66.1126,7.17005,2.59775,1,,,,,
3.92359,224.805,66.0712,7.15769,2.59196,1,,,,,
3.92459,224.863,66.0299,7.14545,2.58615,1,,,,,
3.92559,224.92,65.9886,7.1333,2.58031,1,,,,,
3.92659,224.977,65.9474,7.12127,2.57445,1,,,,,
3.92759,225.034,65.8331,7.10934,2.56855,1,,,,,
3.92859,225.092,65.3572,7.09751,2.56263,1,,,,,
3.92959,225.149,64.8867,7.08579,2.55669,1,,,,,
3.93059,225.206,64.4214,7.07417,2.55072,1,,,,,
3.93159,225.264,63.9613,7.06265,2.54472,1,,,,,
3.93259,225.321,63.5063,7.05123,2.53869,1,,,,,
3.93359,225.378,63.0563,7.03991,2.53263,1,,,,,
3.93459,225.436,62.6112,7.02868,2.52655,1,,,,,
3.93559,225.493,62.1708,7.01756,2.52044,1,,,,,
3.93659,225.55,61.7352,7.00653,2.51431,1,,,,,
3.93759,225.607,61.3042,6.9956,2.50814,1,,,,,
3.93859,225.665,60.8777,6.98477,2.50195,1,,,,,
3.93959,225.722,60.4557,6.97403,2.49573,1,,,,,
3.94059,225.779,60.038,6.96338,2.48949,1,,,,,
3.94159,225.837,59.6247,6.95283,2.48321,1,,,,,
3.94259,225.894,59.2155,6.94237,2.47691,1,,,,,
3.94359,225.951,58.8106,6.932,2.47058,1,,,,,
3.94459,226.009,58.4097,6.92172,2.46422,1,,,,,
3.94559,226.066,58.0128,6.91153,2.45783,1,,,,,
3.94659,226.123,57.6198,6.90143,2.45142,1,,,,,
3.94759,226.18,57.2307,6.89142,2.44498,1,,,,,
3.94859,226.238,56.8454,6.8815,2.4385,1,,,,,
3.94959,226.295,56.4638,6.87166,2.432,1,,,,,
3.95059,226.352,56.0859,6.86191,2.42547,1,,,,,
3.95159,226.41,55.7116,6.85225,2.41892,1,,,,,
3.95259,226.467,55.3408,6.84267,2.41233,1,,,,,
3.95359,226.524,54.9736,6.83317,2.40572,1,,,,,
3.95459,226.581,54.6097,6.82376,2.39907,1,,,,,
3.95559,226.639,54.2493,6.81443,2.3924,1,,,,,
3.95659,226.696,53.8921,6.80519,2.3857,1,,,,,
3.95759,226.753,53.5382,6.79602,2.37897,1,,,,,
3.95859,226.811,53.1875,6.78694,2.37221,1,,,,,
3.95959,226.868,52.84,6.77794,2.36542,1,,,,,
3.96059,226.925,52.4956,6.76902,2.3586,1,,,,,
3.96159,226.983,52.1542,6.76017,2.35175,1,,,,,
3.96259,227.04,51.8158,6.75141,2.34488,1,,,,,
3.96359,227.097,51.4804,6.74272,2.33797,1,,,,,
3.96459,227.154,51.1479,6.73412,2.33104,1,,,,,
3.96559,227.212,50.8183,6.72558,2.32407,1,,,,,
3.96659,227.269,50.4915,6.71713,2.31708,1,,,,,
3.96759,227.326,50.1674,6.70875,2.31005,1,,,,,
3.96859,227.384,49.8461,6.70044,2.303,1,,,,,
3.96959,227.441,49.5275,6.69221,2.29591,1,,,,,
3.97059,227.498,49.2115,6.68406,2.2888,1,,,,,
3.97159,227.555,48.8981,6.67597,2.28166,1,,,,,
3.97259,227.613,48.5873,6.66796,2.27448,1,,,,,
3.97359,227.67,48.279,6.66003,2.26728,1,,,,,
3.97459,227.727,47.9732,6.65216,2.26005,1,,,,,
3.97559,227.785,47.6699,6.64437,2.25278,1,,,,,
3.97659,227.842,47.369,6.63664,2.24549,1,,,,,
3.97759,227.899,47.0704,6.62899,2.23817,1,,,,,
3.97859,227.957,46.7742,6.62141,2.23081,1,,,,,
3.97959,228.014,46.4803,6.61389,2.22343,1,,,,,
3.98059,228.071,46.1887,6.60645,2.21601,1,,,,,
3.98159,228.128,45.8993,6.59907,2.20857,1,,,,,
3.98259,228.186,45.6121,6.59177,2.20109,1,,,,,
3.98359,228.243,45.3271,6.58452,2.19358,1,,,,,
3.98459,228.3,45.0442,6.57735,2.18605,1,,,,,
3.98559,228.358,44.7635,6.57024,2.17848,1,,,,,
3.98659,228.415,44.4848,6.5632,2.17088,1,,,,,
3.98759,228.472,44.2081,6.55622,2.16326,1,,,,,
3.98859,228.53,43.9335,6.54931,2.1556,1,,,,,
3.98959,228.587,43.6609,6.54247,2.14791,1,,,,,
3.99059,228.644,43.3903,6.53568,2.14019,1,,,,,
3.99159,228.701,43.1216,6.52897,2.13244,1,,,,,
3.99259,228.759,42.8547,6.52231,2.12465,1,,,,,
3.99359,228.816,42.5898,6.51572,2.11684,1,,,,,
3.99459,228.873,42.3267,6.50919,2.109,1,,,,,
3.99559,228.931,42.0655,6.50272,2.10113,1,,,,,
3.99659,228.988,41.8061,6.49631,2.09322,1,,,,,
3.99759,229.045,41.5484,6.48997,2.08528,1,,,,,
3.99859,229.102,41.2925,6.48369,2.07732,1,,,,,
3.99959,229.16,41.0383,6.47746,2.06932,1,,,,,
4.00059,229.217,40.7858,6.4713,2.06129,1,,,,,
4.00159,229.274,40.535,6.46519,2.05323,1,,,,,
4.00259,229.332,40.2859,6.45915,2.04514,1,,,,,
4.00359,229.389,40.0384,6.45316,2.03702,1,,,,,
4.00459,229.446,39.7925,6.44724,2.02887,1,,,,,
4.00559,229.504,39.5482,6.44137,2.02069,1,,,,,
4.00659,229.561,39.3055,6.43556,2.01248,1,,,,,
4.00759,229.618,39.0643,6.4298,2.00423,1,,,,,
4.00859,229.675,38.8247,6.42411,1.99596,1,,,,,
4.00959,229.733,38.5865,6.41847,1.98765,1,,,,,
4.01059,229.79,38.3499,6.41288,1.97931,1,,,,,
4.01159,229.847,38.1147,6.40736,1.97095,1,,,,,
4.01259,229.905,37.8809,6.40188,1.96255,1,,,,,
4.01359,229.962,37.6486,6.39647,1.95412,1,,,,,
4.01459,230.019,37.4177,6.39111,1.94566,1,,,,,
4.01559,230.077,37.1882,6.3858,1.93717,1,,,,,
4.01659,230.134,36.9601,6.38055,1.92865,1,,,,,
4.01759,230.191,36.7333,6.37535,1.9201,1,,,,,
4.01859,230.248,36.5079,6.3702,1.91151,1,,,,,
4.01959,230.306,36.2837,6.36511,1.9029,1,,,,,
4.02059,230.363,36.0609,6.36007,1.89426,1,,,,,
4.02159,230.42,35.8394,6.35509,1.88558,1,,,,,
4.02259,230.478,35.6191,6.35015,1.87688,1,,,,,
4.02359,230.535,35.4001,6.34527,1.86814,1,,,,,
4.02459,230.592,35.1823,6.34044,1.85937,1,,,,,
4.02559,230.649,34.9657,6.33566,1.85058,1,,,,,
4.02659,230.707,34.7504,6.33094,1.84175,1,,,,,
4.02759,230.764,34.5362,6.32626,1.83289,1,,,,,
4.02859,230.821,34.3232,6.32164,1.82401,1,,,,,
4.02959,230.879,34.1114,6.31706,1.81509,1,,,,,
4.03059,230.936,33.9007,6.31254,1.80614,1,,,,,
4.03159,230.993,33.6911,6.30806,1.79717,1,,,,,
4.03259,231.051,33.4826,6.30363,1.78816,1,,,,,
4.03359,231.108,33.2753,6.29926,1.77912,1,,,,,
4.03459,231.165,33.069,6.29493,1.77005,1,,,,,
4.03559,231.222,32.8638,6.29065,1.76096,1,,,,,
4.03659,231.28,32.6596,6.28642,1.75183,1,,,,,
4.03759,231.337,32.4565,6.28224,1.74268,1,,,,,
4.03859,231.394,32.2544,6.2781,1.73349,1,,,,,
4.03959,231.452,32.0534,6.27402,1.72428,1,,,,,
4.04059,231.509,31.8533,6.26998,1.71503,1,,,,,
4.04159,231.566,31.6542,6.26599,1.70576,1,,,,,
4.04259,231.623,31.4562,6.26204,1.69646,1,,,,,
4.04359,231.681,31.259,6.25814,1.68713,1,,,,,
4.04459,231.738,31.0629,6.25429,1.67777,1,,,,,
4.04559,231.795,30.8676,6.25048,1.66838,1,,,,,
4.04659,231.853,30.6733,6.24672,1.65897,1,,,,,
4.04759,231.91,30.4799,6.24301,1.64952,1,,,,,
4.04859,231.967,30.2874,6.23934,1.64005,1,,,,,
4.04959,232.025,30.0958,6.23571,1.63055,1,,,,,
4.05059,232.082,29.9051,6.23213,1.62102,1,,,,,
4.05159,232.139,29.7153,6.2286,1.61146,1,,,,,
4.05259,232.196,29.5263,6.22511,1.60188,1,,,,,
4.05359,232.254,29.3382,6.22166,1.59226,1,,,,,
4.05459,232.311,29.1509,6.21826,1.58263,1,,,,,
4.05559,232.368,28.9644,6.2149,1.57296,1,,,,,
4.05659,232.426,28.7787,6.21159,1.56327,1,,,,,
4.05759,232.483,28.5938,6.20832,1.55355,1,,,,,
4.05859,232.54,28.4098,6.20509,1.5438,1,,,,,
4.05959,232.598,28.2265,6.20191,1.53403,1,,,,,
4.06059,232.655,28.0439,6.19876,1.52423,1,,,,,
4.06159,232.712,27.8622,6.19567,1.5144,1,,,,,
4.06259,232.769,27.6812,6.19261,1.50455,1,,,,,
4.06359,232.827,27.5009,6.18959,1.49467,1,,,,,
4.06459,232.884,27.3213,6.18662,1.48477,1,,,,,
4.06559,232.941,27.1425,6.18369,1.47484,1,,,,,
4.06659,232.999,26.9644,6.1808,1.46489,1,,,,,
4.06759,233.056,26.7869,6.17795,1.45491,1,,,,,
4.06859,233.113,26.5716,5.65813,1.44491,1,,,,,
4.06959,233.17,26.3489,5.65426,1.43488,1,,,,,
4.07059,233.228,26.1269,5.65044,1.42483,1,,,,,
4.07159,233.285,25.9056,5.64665,1.41476,1,,,,,
4.07259,233.342,25.6848,5.6429,1.40466,1,,,,,
4.07359,233.4,25.4647,5.63919,1.39454,1,,,,,
4.07459,233.457,25.2452,5.63553,1.3844,1,,,,,
4.07559,233.514,25.0263,5.6319,1.37423,1,,,,,
4.07659,233.572,24.808,5.62831,1.36405,1,,,,,
4.07759,233.629,24.5904,5.62476,1.35384,1,,,,,
4.07859,233.686,24.3732,5.62124,1.3436,1,,,,,
4.07959,233.743,24.1567,5.61777,1.33335,1,,,,,
4.08059,233.801,23.9408,5.61433,1.32308,1,,,,,
4.08159,233.858,23.7254,5.61094,1.31278,1,,,,,
4.08259,233.915,23.5105,5.60758,1.30247,1,,,,,
4.08359,233.973,23.2963,5.60425,1.29213,1,,,,,
4.08459,234.03,23.0825,5.60097,1.28178,1,,,,,
4.08559,234.087,22.8693,5.59772,1.2714,1,,,,,
4.08659,234.145,22.6567,5.59451,1.26101,1,,,,,
4.08759,234.202,22.4445,5.59134,1.2506,1,,,,,
4.08859,234.259,22.2329,5.58821,1.24017,1,,,,,
4.08959,234.316,22.0218,5.58511,1.22972,1,,,,,
4.09059,234.374,21.8111,5.58205,1.21926,1,,,,,
4.09159,234.431,21.601,5.57902,1.20878,1,,,,,
4.09259,234.488,21.3914,5.57604,1.19828,1,,,,,
4.09359,234.546,21.1823,5.57309,1.18777,1,,,,,
4.09459,234.603,20.9736,5.57017,1.17724,1,,,,,
4.09559,234.66,20.7654,5.56729,1.1667,1,,,,,
4.09659,234.717,20.5577,5.56445,1.15614,1,,,,,
4.09759,234.775,20.3504,5.56164,1.14557,1,,,,,
4.09859,234.832,20.1436,5.55887,1.13498,1,,,,,
4.09959,234.889,19.9372,5.55613,1.12438,1,,,,,
4.10059,234.947,19.7313,5.55343,1.11377,1,,,,,
4.10159,235.004,19.5259,5.55076,1.10315,1,,,,,
4.10259,235.061,19.3208,5.54813,1.09252,1,,,,,
4.10359,235.119,19.1162,5.54554,1.08187,1,,,,,
4.10459,235.176,18.912,5.54298,1.07122,1,,,,,
4.10559,235.233,18.7082,5.54045,1.06055,1,,,,,
4.10659,235.29,18.5048,5.53796,1.04988,1,,,,,
4.10759,235.348,18.3019,5.5355,1.0392,1,,,,,
4.10859,235.405,18.0993,5.53308,1.02851,1,,,,,
4.10959,235.462,17.8971,5.53069,1.01781,1,,,,,
4.11059,235.52,17.6954,5.52834,1.00711,1,,,,,
4.11159,235.577,17.494,5.52602,0.996397,1,,,,,
4.11259,235.634,17.293,5.52373,0.985683,1,,,,,
4.11359,235.691,17.0923,5.52148,0.974965,1,,,,,
4.11459,235.749,16.892,5.51926,0.964243,1,,,,,
4.11559,235.806,16.6921,5.51707,0.953518,1,,,,,
4.11659,235.863,16.4926,5.51492,0.942791,1,,,,,
4.11759,235.921,16.2934,5.5128,0.932063,1,,,,,
4.11859,235.978,16.0946,5.51072,0.921334,1,,,,,
4.11959,236.035,15.8961,5.50866,0.910606,1,,,,,
4.12059,236.093,15.6979,5.50664,0.899878,1,,,,,
4.12159,236.15,15.5001,5.50466,0.889152,1,,,,,
4.12259,236.207,15.3026,5.5027,0.878429,1,,,,,
4.12359,236.264,15.1055,5.50078,0.86771,1,,,,,
4.12459,236.322,14.9087,5.49889,0.856995,1,,,,,
4.12559,236.379,14.7122,5.49704,0.846285,1,,,,,
4.12659,236.436,14.516,5.49521,0.835582,1,,,,,
4.12759,236.494,14.3201,5.49342,0.824886,1,,,,,
4.12859,236.551,14.1245,5.49166,0.814198,1,,,,,
4.12959,236.608,13.9293,5.48993,0.803519,1,,,,,
4.13059,236.666,13.7343,5.48824,0.79285,1,,,,,
4.13159,236.723,13.5396,5.48657,0.782193,1,,,,,
4.13259,236.78,13.3452,5.48494,0.771547,1,,,,,
4.13359,236.837,13.1511,5.48334,0.760915,1,,,,,
4.13459,236.895,12.9573,5.48177,0.750297,1,,,,,
4.13559,236.952,12.7638,5.48023,0.739695,1,,,,,
4.13659,237.009,12.5705,5.47873,0.729109,1,,,,,
4.13759,237.067,12.3775,5.47725,0.71854,1,,,,,
4.13859,237.124,12.1848,5.47581,0.70799,1,,,,,
4.13959,237.181,11.9924,5.4744,0.697461,1,,,,,
4.14059,237.238,11.8002,5.47302,0.686952,1,,,,,
4.14159,237.296,11.6082,5.47167,0.676465,1,,,,,
4.14259,237.353,11.4165,5.47035,0.666003,1,,,,,
4.14359,237.41,11.2251,5.46906,0.655564,1,,,,,
4.14459,237.468,11.0339,5.4678,0.645152,1,,,,,
4.14559,237.525,10.8429,5.46657,0.634767,1,,,,,
4.14659,237.582,10.6522,5.46537,0.624411,1,,,,,
4.14759,237.64,10.4617,5.46421,0.614085,1,,,,,
4.14859,237.697,10.2715,5.46307,0.60379,1,,,,,
4.14959,237.754,10.0815,5.46197,0.593527,1,,,,,
4.15059,237.811,9.89166,5.46089,0.583299,1,,,,,
4.15159,237.869,9.70209,5.45984,0.573106,1,,,,,
4.15259,237.926,9.51273,5.45883,0.562949,1,,,,,
4.15359,237.983,9.32359,5.45784,0.552831,1,,,,,
4.15459,238.041,9.13466,5.45689,0.542753,1,,,,,
4.15559,238.098,8.94593,5.45596,0.532716,1,,,,,
4.15659,238.155,8.75741,5.45506,0.522722,1,,,,,
4.15759,238.213,8.5691,5.4542,0.512771,1,,,,,
4.15859,238.27,8.38098,5.45336,0.502867,1,,,,,
4.15959,238.327,8.19305,5.45255,0.49301,1,,,,,
4.16059,238.384,8.00532,5.45178,0.483201,1,,,,,
4.16159,238.442,7.81778,5.45103,0.473443,1,,,,,
4.16259,238.499,7.63043,5.45031,0.463737,1,,,,,
4.16359,238.556,7.44326,5.44962,0.454085,1,,,,,
4.16459,238.614,7.25627,5.44896,0.444488,1,,,,,
4.16559,238.671,5.15887,5.44833,0.434948,1,,,,,
4.16659,238.728,5.0992,5.44772,0.425466,1,,,,,
4.16759,238.785,5.03947,5.44715,0.416045,1,,,,,
4.16859,238.843,4.97971,5.44661,0.406686,1,,,,,
4.16959,238.9,4.91989,5.44609,0.39739,1,,,,,
4.17059,238.957,4.86004,5.4456,0.38816,1,,,,,
4.17159,239.015,4.80013,5.44515,0.378997,1,,,,,
4.17259,239.072,4.74019,5.44472,0.369903,1,,,,,
4.17359,239.129,4.6802,5.44432,0.360879,1,,,,,
4.17459,239.187,4.62016,5.44395,0.351928,1,,,,,
4.17559,239.244,4.56008,5.4436,0.343051,1,,,,,
4.17659,239.301,4.49996,5.44329,0.33425,1,,,,,
4.17759,239.358,4.43979,5.443,0.325526,1,,,,,
4.17859,239.416,4.37957,5.44274,0.316883,1,,,,,
4.17959,239.473,4.31931,5.44251,0.30832,1,,,,,
4.18059,239.53,4.25901,5.44231,0.299841,1,,,,,
4.18159,239.588,4.19866,5.44214,0.291446,1,,,,,
4.18259,239.645,4.13827,5.44199,0.283139,1,,,,,
4.18359,239.702,4.07783,5.44188,0.27492,1,,,,,
4.18459,239.759,4.01734,5.44179,0.266791,1,,,,,
4.18559,239.817,3.95682,5.44173,0.258755,1,,,,,
4.18659,239.874,3.89625,5.44169,0.250813,1,,,,,
4.18759,239.931,3.83563,5.44169,0.242967,1,,,,,
4.18859,239.989,3.77497,5.44171,0.235218,1,,,,,
4.18959,240.046,3.71426,5.44176,0.227569,1,,,,,
4.19059,240.103,3.65351,5.44184,0.220022,1,,,,,
4.19159,240.161,3.59272,5.44195,0.212578,1,,,,,
4.19259,240.218,3.53188,5.44208,0.205238,1,,,,,
4.19359,240.275,3.47099,5.44224,0.198006,1,,,,,
4.19459,240.332,3.41006,5.44243,0.190882,1,,,,,
4.19559,240.39,3.34909,5.44265,0.183869,1,,,,,
4.19659,240.447,3.28807,5.44289,0.176967,1,,,,,
4.19759,240.504,3.22701,5.44316,0.17018,1,,,,,
4.19859,240.562,3.1659,5.44346,0.163508,1,,,,,
4.19959,240.619,3.10475,5.44379,0.156953,1,,,,,
4.20059,240.676,3.04355,5.44414,0.150518,1,,,,,
4.20159,240.734,2.98231,5.44452,0.144203,1,,,,,
4.20259,240.791,2.92102,5.44493,0.138011,1,,,,,
4.20359,240.848,2.85969,5.44537,0.131943,1,,,,,
4.20459,240.905,2.79832,5.44583,0.126001,1,,,,,
4.20559,240.963,2.7369,5.44632,0.120185,1,,,,,
4.20659,241.02,2.67544,5.44683,0.114499,1,,,,,
4.20759,241.077,2.61393,5.44738,0.108944,1,,,,,
4.20859,241.135,2.55237,5.44795,0.10352,1,,,,,
4.20959,241.192,2.49077,5.44855,0.0982301,1,,,,,
4.21059,241.249,2.42913,5.44917,0.0930751,1,,,,,
4.21159,241.306,2.36744,5.44982,0.0880565,1,,,,,
4.21259,241.364,2.30571,5.4505,0.0831759,1,,,,,
4.21359,241.421,2.24394,5.45121,0.0784345,1,,,,,
4.21459,241.478,2.18212,5.45194,0.0738338,1,,,,,
4.21559,241.536,2.12025,5.4527,0.069375,1,,,,,
4.21659,241.593,2.05834,5.45348,0.0650595,1,,,,,
4.21759,241.65,0,5.4543,0.0608885,5.4543,,,,,
4.21859,241.708,0,5.45514,0.0568632,5.45514,,,,,
4.21959,241.765,0,5.456,0.0529848,5.456,,,,,
4.22059,241.822,0,5.45689,0.0492544,5.45689,,,,,
4.22159,241.879,0,5.45781,0.0456731,5.45781,,,,,
4.22259,241.937,0,5.45876,0.042242,5.45876,,,,,
4.22359,241.994,0,5.45973,0.038962,5.45973,,,,,
4.22459,242.051,0,5.46073,0.0358343,5.46073,,,,,
4.22559,242.109,0,5.46176,0.0328595,5.46176,,,,,
4.22659,242.166,0,5.46281,0.0300388,5.46281,,,,,
4.22759,242.223,0,5.46389,0.0273728,5.46389,,,,,
4.22859,242.281,0,5.46499,0.0248624,5.46499,,,,,
4.22959,242.338,0,5.46612,0.0225082,5.46612,,,,,
4.23059,242.395,0,5.46728,0.0203127,5.46728,,,,,
4.23159,242.452,0,5.46846,0.0182716,5.46846,,,,,
4.23259,242.51,0,5.46967,0.0163904,5.46967,,,,,
4.23359,242.567,0,5.47091,0.0146679,5.47091,,,,,
4.23459,242.624,0,5.47217,0.0131047,5.47217,,,,,
4.23559,242.682,0,5.47346,0.0117012,5.47346,,,,,
4.23659,242.739,0,5.47477,0.0104579,5.47477,,,,,
4.23759,242.796,0,5.47611,0.00937499,5.47611,,,,,
4.23859,242.853,0,5.47748,0.00845284,5.47748,,,,,
4.23959,242.911,0,5.47887,0.00769168,5.47887,,,,,
4.24059,242.968,0,5.48029,0.0070917,5.48029,,,,,
4.24159,243.025,0,5.48174,0.00665305,5.48174,,,,,
4.24259,243.083,0,5.48321,0.00637581,5.48321,,,,,
4.24359,243.14,0,5.48471,0.00626,5.48471,,,,,
4.24459,243.197,0,5.48623,0.00630563,5.48623,,,,,
4.24559,243.255,0,5.48778,0.00651261,5.48778,,,,,
4.24659,243.312,0,5.48936,0.00688083,5.48936,,,,,
4.24759,243.369,0,5.49096,0.00741011,5.49096,,,,,
4.24859,243.426,0,5.49259,0.00810024,5.49259,,,,,
4.24959,243.484,0,5.49424,0.00895094,5.49424,,,,,
4.25059,243.541,0,5.49592,0.00996188,5.49592,,,,,
4.25159,243.598,0,5.49762,0.0111327,5.49762,,,,,
4.25259,243.656,0,5.49936,0.012463,5.49936,,,,,
4.25359,243.713,0,5.50111,0.0139522,5.50111,,,,,
4.25459,243.77,0,5.5029,0.0155999,5.5029,,,,,
4.25559,243.827,0,5.5047,0.0174055,5.5047,,,,,
4.25659,243.885,0,5.50654,0.0193683,5.50654,,,,,
4.25759,243.942,0,5.5084,0.0214878,5.5084,,,,,
4.25859,243.999,0,5.51029,0.0237631,5.51029,,,,,
4.25959,244.057,0,5.5122,0.0261935,5.5122,,,,,
4.26059,244.114,0,5.51414,0.0287783,5.51414,,,,,
4.26159,244.171,0,5.5161,0.0315166,5.5161,,,,,
4.26259,244.229,0,5.51809,0.0344074,5.51809,,,,,
4.26359,244.286,0,5.5201,0.0374499,5.5201,,,,,
4.26459,244.343,0,5.52214,0.040643,5.52214,,,,,
4.26559,244.4,0,5.52421,0.0439858,5.52421,,,,,
4.26659,244.458,0,5.5263,0.0474772,5.5263,,,,,
4.26759,244.515,0,5.52842,0.0511161,5.52842,,,,,
4.26859,244.572,0,5.53057,0.0549013,5.53057,,,,,
4.26959,244.63,0,5.53274,0.0588318,5.53274,,,,,
4.27059,244.687,0,5.53493,0.0629062,5.53493,,,,,
4.27159,244.744,0,5.53715,0.0671233,5.53715,,,,,
4.27259,244.802,0,5.5394,0.0714818,5.5394,,,,,
4.27359,244.859,0,5.54167,0.0759805,5.54167,,,,,
4.27459,244.916,0,5.54397,0.0806179,5.54397,,,,,
4.27559,244.973,0,5.54629,0.0853927,5.54629,,,,,
4.27659,245.031,0,5.54864,0.0903035,5.54864,,,,,
4.27759,245.088,0,5.55102,0.0953489,5.55102,,,,,
4.27859,245.145,0,5.55342,0.100527,5.55342,,,,,
4.27959,245.203,0,5.55584,0.105837,5.55584,,,,,
4.28059,245.26,0,5.5583,0.111277,5.5583,,,,,
4.28159,245.317,0,5.56077,0.116846,5.56077,,,,,
4.28259,245.374,0,5.56328,0.122541,5.56328,,,,,
4.28359,245.432,0,5.56581,0.128362,5.56581,,,,,
4.28459,245.489,0,5.56836,0.134307,5.56836,,,,,
4.28559,245.546,0,5.57094,0.140373,5.57094,,,,,
4.28659,245.604,0,5.57355,0.14656,5.57355,,,,,
4.28759,245.661,0,5.57618,0.152866,5.57618,,,,,
4.28859,245.718,0,5.57884,0.159289,5.57884,,,,,
4.28959,245.776,0,5.58152,0.165827,5.58152,,,,,
4.29059,245.833,0,5.58423,0.172478,5.58423,,,,,
4.29159,245.89,0,5.58696,0.179242,5.58696,,,,,
4.29259,245.947,0,5.58972,0.186115,5.58972,,,,,
4.29359,246.005,0,5.59251,0.193097,5.59251,,,,,
4.29459,246.062,0,5.59532,0.200186,5.59532,,,,,
4.29559,246.119,0,5.59815,0.207379,5.59815,,,,,
4.29659,246.177,0,5.60102,0.214675,5.60102,,,,,
4.29759,246.234,0,5.60391,0.222072,5.60391,,,,,
4.29859,246.291,0,5.60682,0.229569,5.60682,,,,,
4.29959,246.349,0,5.60976,0.237163,5.60976,,,,,
4.30059,246.406,0,5.61273,0.244853,5.61273,,,,,
4.30159,246.463,2.01847,5.61572,0.252636,1,,,,,
4.30259,246.52,2.04542,5.61873,0.260512,1,,,,,
4.30359,246.578,2.07234,5.62178,0.268478,1,,,,,
4.30459,246.635,2.09922,5.62484,0.276532,1,,,,,
4.30559,246.692,2.12606,5.62794,0.284672,1,,,,,
4.30659,246.75,2.15288,5.63106,0.292897,1,,,,,
4.30759,246.807,2.17965,5.6342,0.301205,1,,,,,
4.30859,246.864,4.23063,5.63738,0.309594,1,,,,,
4.30959,246.921,4.31439,5.64057,0.318062,1,,,,,
4.31059,246.979,4.39819,5.6438,0.326607,1,,,,,
4.31159,247.036,4.48203,5.64705,0.335227,1,,,,,
4.31259,247.093,4.56592,5.64948,0.343921,1,,,,,
4.31359,247.151,4.64984,5.65083,0.352687,1,,,,,
4.31459,247.208,4.73381,5.6522,0.361522,1,,,,,
4.31559,247.265,4.81782,5.6536,0.370426,1,,,,,
4.31659,247.323,4.90187,5.65503,0.379396,1,,,,,
4.31759,247.38,4.98596,5.65648,0.388431,1,,,,,
4.31859,247.437,5.07009,5.65795,0.397528,1,,,,,
4.31959,247.494,5.15427,5.65946,0.406686,1,,,,,
4.32059,247.552,5.2385,5.66099,0.415903,1,,,,,
4.32159,247.609,5.32276,5.66254,0.425178,1,,,,,
4.32259,247.666,5.40707,5.66412,0.434508,1,,,,,
4.32359,247.724,5.49142,5.66573,0.443892,1,,,,,
4.32459,247.781,5.57582,5.66736,0.453328,1,,,,,
4.32559,247.838,5.66026,5.66902,0.462814,1,,,,,
4.32659,247.895,5.74475,5.6707,0.472349,1,,,,,
4.32759,247.953,5.82928,5.67241,0.481932,1,,,,,
4.32859,248.01,5.91386,5.67415,0.491559,1,,,,,
4.32959,248.067,5.99848,5.67591,0.50123,1,,,,,
4.33059,248.125,6.08315,5.6777,0.510943,1,,,,,
4.33159,248.182,6.16786,5.67952,0.520697,1,,,,,
4.33259,248.239,6.25262,5.68136,0.530489,1,,,,,
4.33359,248.297,6.33743,5.68323,0.540318,1,,,,,
4.33459,248.354,6.42228,5.68512,0.550183,1,,,,,
4.33559,248.411,6.50718,5.68704,0.560082,1,,,,,
4.33659,248.468,6.59213,5.68898,0.570013,1,,,,,
4.33759,248.526,6.67713,5.69095,0.579975,1,,,,,
4.33859,248.583,6.76217,5.69295,0.589966,1,,,,,
4.33959,248.64,6.84726,5.69497,0.599985,1,,,,,
4.34059,248.698,6.93241,5.69702,0.61003,1,,,,,
4.34159,248.755,7.01759,5.6991,0.6201,1,,,,,
4.34259,248.812,7.10283,5.7012,0.630194,1,,,,,
4.34359,248.87,7.18812,5.70333,0.640309,1,,,,,
4.34459,248.927,7.27346,5.70549,0.650445,1,,,,,
4.34559,248.984,7.35885,5.70767,0.6606,1,,,,,
4.34659,249.041,7.44428,5.70987,0.670772,1,,,,,
4.34759,249.099,7.52977,5.71211,0.680961,1,,,,,
4.34859,249.156,7.61531,5.71437,0.691165,1,,,,,
4.34959,249.213,7.7009,5.71665,0.701382,1,,,,,
4.35059,249.271,7.78654,5.71897,0.711612,1,,,,,
4.35159,249.328,7.87223,5.72131,0.721852,1,,,,,
4.35259,249.385,7.95797,5.72367,0.732103,1,,,,,
4.35359,249.442,8.04377,5.72606,0.742361,1,,,,,
4.35459,249.5,8.12961,5.72848,0.752627,1,,,,,
4.35559,249.557,8.21551,5.73093,0.762899,1,,,,,
4.35659,249.614,8.30147,5.7334,0.773176,1,,,,,
4.35759,249.672,8.38747,5.7359,0.783457,1,,,,,
4.35859,249.729,8.47353,5.73842,0.793739,1,,,,,
4.35959,249.786,8.55965,5.74097,0.804024,1,,,,,
4.36059,249.844,8.64581,5.74355,0.814308,1,,,,,
4.36159,249.901,8.73203,5.74616,0.824591,1,,,,,
4.36259,249.958,8.81831,5.74879,0.834873,1,,,,,
4.36359,250.015,8.90464,5.75145,0.845151,1,,,,,
4.36459,250.073,8.99102,5.75413,0.855425,1,,,,,
4.36559,250.13,9.07746,5.75684,0.865694,1,,,,,
4.36659,250.187,9.16396,5.75958,0.875957,1,,,,,
4.36759,250.245,9.25051,5.76235,0.886213,1,,,,,
4.36859,250.302,9.33712,5.76514,0.89646,1,,,,,
4.36959,250.359,9.42378,5.76796,0.906699,1,,,,,
4.37059,250.417,9.5105,5.77081,0.916927,1,,,,,
4.37159,250.474,9.59728,5.77368,0.927144,1,,,,,
4.37259,250.531,9.68412,5.77658,0.93735,1,,,,,
4.37359,250.588,9.77101,5.77951,0.947543,1,,,,,
4.37459,250.646,9.85796,5.78247,0.957722,1,,,,,
4.37559,250.703,9.94497,5.78545,0.967887,1,,,,,
4.37659,250.76,10.032,5.78846,0.978037,1,,,,,
4.37759,250.818,10.1192,5.7915,0.98817,1,,,,,
4.37859,250.875,10.2063,5.79456,0.998287,1,,,,,
4.37959,250.932,10.2936,5.79765,1.00839,1,,,,,
4.38059,250.989,10.3809,5.80077,1.01847,1,,,,,
4.38159,251.047,10.4683,5.80392,1.02853,1,,,,,
4.38259,251.104,10.5557,5.80709,1.03857,1,,,,,
4.38359,251.161,10.6432,5.81029,1.04859,1,,,,,
4.38459,251.219,10.7307,5.81352,1.05859,1,,,,,
4.38559,251.276,10.8183,5.81678,1.06857,1,,,,,
4.38659,251.333,10.906,5.82006,1.07852,1,,,,,
4.38759,251.391,10.9937,5.82337,1.08846,1,,,,,
4.38859,251.448,11.0815,5.82671,1.09836,1,,,,,
4.38959,251.505,11.1694,5.83008,1.10825,1,,,,,
4.39059,251.562,11.2573,5.83348,1.11811,1,,,,,
4.39159,251.62,11.3452,5.8369,1.12794,1,,,,,
4.39259,251.677,11.4333,5.84035,1.13775,1,,,,,
4.39359,251.734,11.5214,5.84383,1.14753,1,,,,,
4.39459,251.792,11.6096,5.84734,1.15728,1,,,,,
4.39559,251.849,11.6978,5.85088,1.167,1,,,,,
4.39659,251.906,11.7861,5.85444,1.1767,1,,,,,
4.39759,251.963,11.8744,5.85803,1.18637,1,,,,,
4.39859,252.021,11.9629,5.86165,1.19601,1,,,,,
4.39959,252.078,12.0514,5.8653,1.20562,1,,,,,
4.40059,252.135,12.1399,5.86898,1.2152,1,,,,,
4.40159,252.193,12.2285,5.87269,1.22475,1,,,,,
4.40259,252.25,12.3172,5.87642,1.23427,1,,,,,
4.40359,252.307,12.406,5.88018,1.24375,1,,,,,
4.40459,252.365,12.4948,5.88398,1.25321,1,,,,,
4.40559,252.422,12.5837,5.8878,1.26263,1,,,,,
4.40659,252.479,12.6726,5.89165,1.27202,1,,,,,
4.40759,252.536,12.7617,5.89552,1.28138,1,,,,,
4.40859,252.594,12.8507,5.89943,1.2907,1,,,,,
4.40959,252.651,12.9399,5.90337,1.29999,1,,,,,
4.41059,252.708,13.0291,5.90733,1.30925,1,,,,,
4.41159,252.766,13.1184,5.91133,1.31847,1,,,,,
4.41259,252.823,13.2078,5.91535,1.32766,1,,,,,
4.41359,252.88,13.2972,5.9194,1.33682,1,,,,,
4.41459,252.938,13.3867,5.92349,1.34593,1,,,,,
4.41559,252.995,13.4763,5.9276,1.35502,1,,,,,
4.41659,253.052,13.5659,5.93174,1.36407,1,,,,,
4.41759,253.109,13.6557,5.93591,1.37308,1,,,,,
4.41859,253.167,13.7454,5.94011,1.38206,1,,,,,
4.41959,253.224,13.8353,5.94434,1.391,1,,,,,
4.42059,253.281,13.9252,5.9486,1.3999,1,,,,,
4.42159,253.339,14.0152,5.95289,1.40877,1,,,,,
4.42259,253.396,14.1053,5.95721,1.4176,1,,,,,
4.42359,253.453,14.1954,5.96156,1.4264,1,,,,,
4.42459,253.51,14.2857,5.96594,1.43516,1,,,,,
4.42559,253.568,14.376,5.97035,1.44388,1,,,,,
4.42659,253.625,14.4663,5.97479,1.45256,1,,,,,
4.42759,253.682,14.5568,5.97926,1.46121,1,,,,,
4.42859,253.74,14.6473,5.98376,1.46982,1,,,,,
4.42959,253.797,14.7379,5.98829,1.47839,1,,,,,
4.43059,253.854,14.8285,5.99285,1.48692,1,,,,,
4.43159,253.912,14.9193,5.99744,1.49542,1,,,,,
4.43259,253.969,15.0101,6.00206,1.50387,1,,,,,
4.43359,254.026,15.101,6.00672,1.51229,1,,,,,
4.43459,254.083,15.1919,6.0114,1.52068,1,,,,,
4.43559,254.141,15.283,6.01612,1.52902,1,,,,,
4.43659,254.198,15.3741,6.02086,1.53732,1,,,,,
4.43759,254.255,15.4653,6.02564,1.54559,1,,,,,
4.43859,254.313,15.5566,6.03045,1.55382,1,,,,,
4.43959,254.37,15.6479,6.03529,1.56201,1,,,,,
4.44059,254.427,15.7393,6.04016,1.57016,1,,,,,
4.44159,254.485,15.8308,6.04506,1.57827,1,,,,,
4.44259,254.542,15.9224,6.05,1.58635,1,,,,,
4.44359,254.599,16.0141,6.05496,1.59439,1,,,,,
4.44459,254.656,16.1058,6.05996,1.60238,1,,,,,
4.44559,254.714,16.1977,6.06499,1.61034,1,,,,,
4.44659,254.771,16.2896,6.07005,1.61827,1,,,,,
4.44759,254.828,16.3816,6.07515,1.62615,1,,,,,
4.44859,254.886,16.4736,6.08027,1.63399,1,,,,,
4.44959,254.943,16.5658,6.08543,1.6418,1,,,,,
4.45059,255,16.658,6.09062,1.64957,1,,,,,
4.45159,255.057,16.7503,6.09585,1.65729,1,,,,,
4.45259,255.115,16.8427,6.1011,1.66499,1,,,,,
4.45359,255.172,16.9352,6.10639,1.67264,1,,,,,
4.45459,255.229,17.0278,6.11171,1.68025,1,,,,,
4.45559,255.287,17.1204,6.11706,1.68783,1,,,,,
4.45659,255.344,17.2131,6.12245,1.69537,1,,,,,
4.45759,255.401,17.3059,6.12787,1.70287,1,,,,,
4.45859,255.459,17.3988,6.13332,1.71033,1,,,,,
4.45959,255.516,17.4918,6.13881,1.71775,1,,,,,
4.46059,255.573,17.5849,6.14433,1.72514,1,,,,,
4.46159,255.63,17.678,6.14988,1.73249,1,,,,,
4.46259,255.688,17.7713,6.15547,1.7398,1,,,,,
4.46359,255.745,17.8646,6.16109,1.74707,1,,,,,
4.46459,255.802,17.958,6.16675,1.75431,1,,,,,
4.46559,255.86,18.0515,6.17243,1.7615,1,,,,,
4.46659,255.917,18.1451,6.17816,1.76866,1,,,,,
4.46759,255.974,18.2388,6.18391,1.77579,1,,,,,
4.46859,256.031,18.3325,6.1897,1.78287,1,,,,,
4.46959,256.089,18.4264,6.19553,1.78992,1,,,,,
4.47059,256.146,18.5203,6.20139,1.79694,1,,,,,
4.47159,256.203,18.6143,6.20728,1.80391,1,,,,,
4.47259,256.261,18.7085,6.21321,1.81085,1,,,,,
4.47359,256.318,18.8027,6.21918,1.81775,1,,,,,
4.47459,256.375,18.897,6.22518,1.82462,1,,,,,
4.47559,256.433,18.9914,6.23121,1.83145,1,,,,,
4.47659,256.49,19.0858,6.23728,1.83824,1,,,,,
4.47759,256.547,19.1804,6.24339,1.845,1,,,,,
4.47859,256.604,19.2751,6.24953,1.85172,1,,,,,
4.47959,256.662,19.3698,6.2557,1.8584,1,,,,,
4.48059,256.719,19.4647,6.26192,1.86505,1,,,,,
4.48159,256.776,19.5596,6.26816,1.87167,1,,,,,
4.48259,256.834,19.6547,6.27445,1.87825,1,,,,,
4.48359,256.891,19.7498,6.28077,1.88479,1,,,,,
4.48459,256.948,19.845,6.28713,1.8913,1,,,,,
4.48559,257.006,19.9403,6.29352,1.89777,1,,,,,
4.48659,257.063,20.0357,6.29995,1.90421,1,,,,,
4.48759,257.12,20.1312,6.30642,1.91061,1,,,,,
4.48859,257.177,20.2269,6.31292,1.91698,1,,,,,
4.48959,257.235,20.3226,6.31946,1.92331,1,,,,,
4.49059,257.292,20.4184,6.32604,1.92961,1,,,,,
4.49159,257.349,20.5142,6.33265,1.93588,1,,,,,
4.49259,257.407,20.6102,6.33931,1.94211,1,,,,,
4.49359,257.464,20.7063,6.346,1.94831,1,,,,,
4.49459,257.521,20.8025,6.35272,1.95447,1,,,,,
4.49559,257.578,20.8988,6.35949,1.9606,1,,,,,
4.49659,257.636,20.9952,6.36629,1.9667,1,,,,,
4.49759,257.693,21.0917,6.37313,1.97276,1,,,,,
4.49859,257.75,21.1883,6.38001,1.97879,1,,,,,
4.49959,257.808,21.285,6.38693,1.98479,1,,,,,
4.50059,257.865,21.3817,6.39389,1.99076,1,,,,,
4.50159,257.922,21.4786,6.40089,1.99669,1,,,,,
4.50259,257.98,21.5756,6.40792,2.00259,1,,,,,
4.50359,258.037,21.6727,6.415,2.00846,1,,,,,
4.50459,258.094,21.7699,6.42211,2.01429,1,,,,,
4.50559,258.151,21.8672,6.42926,2.0201,1,,,,,
4.50659,258.209,21.9646,6.43646,2.02587,1,,,,,
4.50759,258.266,22.0621,6.44369,2.03161,1,,,,,
4.50859,258.323,22.1597,6.45096,2.03732,1,,,,,
4.50959,258.381,22.2575,6.45827,2.04299,1,,,,,
4.51059,258.438,22.3553,6.46563,2.04864,1,,,,,
4.51159,258.495,22.4301,6.47302,2.05426,1,,,,,
4.51259,258.553,22.4904,6.48045,2.05984,1,,,,,
4.51359,258.61,22.5506,6.48793,2.06539,1,,,,,
4.51459,258.667,22.6107,6.49545,2.07092,1,,,,,
4.51559,258.724,22.6708,6.503,2.07641,1,,,,,
4.51659,258.782,22.7308,6.5106,2.08187,1,,,,,
4.51759,258.839,22.7907,6.51824,2.0873,1,,,,,
4.51859,258.896,22.8506,6.52592,2.09271,1,,,,,
4.51959,258.954,22.9104,6.53365,2.09808,1,,,,,
4.52059,259.011,22.9702,6.54141,2.10342,1,,,,,
4.52159,259.068,23.0298,6.54922,2.10874,1,,,,,
4.52259,259.125,23.0895,6.55707,2.11402,1,,,,,
4.52359,259.183,23.149,6.56496,2.11928,1,,,,,
4.52459,259.24,23.2085,6.5729,2.1245,1,,,,,
4.52559,259.297,23.2679,6.58087,2.1297,1,,,,,
4.52659,259.355,23.3273,6.5889,2.13487,1,,,,,
4.52759,259.412,23.3865,6.59696,2.14001,1,,,,,
4.52859,259.469,23.4458,6.60507,2.14513,1,,,,,
4.52959,259.527,23.505,6.61322,2.15021,1,,,,,
4.53059,259.584,23.5641,6.62142,2.15527,1,,,,,
4.53159,259.641,23.6206,6.62966,2.1603,1,,,,,
4.53259,259.698,23.6661,6.63794,2.1653,1,,,,,
4.53359,259.756,23.7115,6.64627,2.17027,1,,,,,
4.53459,259.813,23.757,6.65465,2.17522,1,,,,,
4.53559,259.87,23.8023,6.66306,2.18014,1,,,,,
4.53659,259.928,23.8476,6.67153,2.18504,1,,,,,
4.53759,259.985,23.8929,6.68004,2.1899,1,,,,,
4.53859,260.042,23.938,6.68859,2.19474,1,,,,,
4.53959,260.099,23.9832,6.69719,2.19956,1,,,,,
4.54059,260.157,24.0283,6.70584,2.20434,1,,,,,
4.54159,260.214,24.0733,6.71453,2.2091,1,,,,,
4.54259,260.271,24.1183,6.72327,2.21384,1,,,,,
4.54359,260.329,24.1632,6.73206,2.21855,1,,,,,
4.54459,260.386,24.2081,6.74089,2.22323,1,,,,,
4.54559,260.443,24.2529,6.74977,2.22789,1,,,,,
4.54659,260.501,24.2977,6.7587,2.23252,1,,,,,
4.54759,260.558,24.3424,6.76768,2.23713,1,,,,,
4.54859,260.615,24.3871,6.7767,2.24171,1,,,,,
4.54959,260.672,24.4318,6.78577,2.24627,1,,,,,
4.55059,260.73,24.4763,6.79489,2.2508,1,,,,,
4.55159,260.787,24.5209,6.80406,2.25531,1,,,,,
4.55259,260.844,24.5654,6.81328,2.2598,1,,,,,
4.55359,260.902,24.6098,6.82254,2.26426,1,,,,,
4.55459,260.959,24.6542,6.83186,2.26869,1,,,,,
4.55559,261.016,24.6986,6.84122,2.2731,1,,,,,
4.55659,261.074,24.7429,6.85064,2.27749,1,,,,,
4.55759,261.131,24.7871,6.8601,2.28185,1,,,,,
4.55859,261.188,24.8313,6.86961,2.2862,1,,,,,
4.55959,261.245,24.8755,6.87918,2.29051,1,,,,,
4.56059,261.303,24.9196,6.8888,2.29481,1,,,,,
4.56159,261.36,24.9637,6.89846,2.29908,1,,,,,
4.56259,261.417,25.0077,6.90818,2.30333,1,,,,,
4.56359,261.475,25.0517,6.91795,2.30755,1,,,,,
4.56459,261.532,25.0956,6.92777,2.31175,1,,,,,
4.56559,261.589,25.1395,6.93764,2.31593,1,,,,,
4.56659,261.646,25.1834,6.94757,2.32009,1,,,,,
4.56759,261.704,25.2272,6.95755,2.32423,1,,,,,
4.56859,261.761,25.2709,6.96758,2.32834,1,,,,,
4.56959,261.818,25.3147,6.97766,2.33243,1,,,,,
4.57059,261.876,25.3583,6.9878,2.3365,1,,,,,
4.57159,261.933,25.402,6.99799,2.34055,1,,,,,
4.57259,261.99,25.4456,7.00824,2.34458,1,,,,,
4.57359,262.048,25.4891,7.01854,2.34858,1,,,,,
4.57459,262.105,25.5327,7.02889,2.35257,1,,,,,
4.57559,262.162,25.5761,7.0393,2.35653,1,,,,,
4.57659,262.219,25.6196,7.04976,2.36047,1,,,,,
4.57759,262.277,25.663,7.06028,2.36439,1,,,,,
4.57859,262.334,25.7063,7.07086,2.36829,1,,,,,
4.57959,262.391,25.7496,7.08149,2.37217,1,,,,,
4.58059,262.449,25.7929,7.09218,2.37603,1,,,,,
4.58159,262.506,25.8362,7.10292,2.37987,1,,,,,
4.58259,262.563,25.8794,7.11372,2.38369,1,,,,,
4.58359,262.621,25.9225,7.12458,2.38749,1,,,,,
4.58459,262.678,25.9656,7.1355,2.39127,1,,,,,
4.58559,262.735,26.0087,7.14647,2.39503,1,,,,,
4.58659,262.792,26.0518,7.1575,2.39876,1,,,,,
4.58759,262.85,26.0948,7.16859,2.40248,1,,,,,
4.58859,262.907,26.1377,7.17974,2.40619,1,,,,,
4.58959,262.964,26.1807,7.19095,2.40987,1,,,,,
4.59059,263.022,26.2236,7.20221,2.41353,1,,,,,
4.59159,263.079,26.2664,7.21354,2.41717,1,,,,,
4.59259,263.136,26.3093,7.22493,2.4208,1,,,,,
4.59359,263.193,26.3521,7.23638,2.4244,1,,,,,
4.59459,263.251,26.3948,7.24788,2.42799,1,,,,,
4.59559,263.308,26.4375,7.25945,2.43156,1,,,,,
4.59659,263.365,26.4802,7.27108,2.43511,1,,,,,
4.59759,263.423,26.5228,7.28278,2.43864,1,,,,,
4.59859,263.48,26.5655,7.29453,2.44215,1,,,,,
4.59959,263.537,26.608,7.30635,2.44564,1,,,,,
4.60059,263.595,26.6506,7.31823,2.44912,1,,,,,
4.60159,263.652,26.6931,7.33017,2.45258,1,,,,,
4.60259,263.709,26.7356,7.34218,2.45602,1,,,,,
4.60359,263.766,26.778,7.35425,2.45945,1,,,,,
4.60459,263.824,26.8204,7.36639,2.46285,1,,,,,
4.60559,263.881,26.8628,7.37859,2.46624,1,,,,,
4.60659,263.938,26.9051,7.39085,2.46961,1,,,,,
4.60759,263.996,26.9474,7.40318,2.47297,1,,,,,
4.60859,264.053,26.9897,7.41558,2.47631,1,,,,,
4.60959,264.11,27.0319,7.42804,2.47963,1,,,,,
4.61059,264.168,27.0741,7.44057,2.48293,1,,,,,
4.61159,264.225,27.1163,7.45316,2.48622,1,,,,,
4.61259,264.282,27.1585,7.46583,2.48949,1,,,,,
4.61359,264.339,27.2006,7.47856,2.49274,1,,,,,
4.61459,264.397,27.2427,7.49136,2.49598,1,,,,,
4.61559,264.454,27.2847,7.50423,2.4992,1,,,,,
4.61659,264.511,27.3267,7.51716,2.50241,1,,,,,
4.61759,264.569,27.3687,7.53017,2.5056,1,,,,,
4.61859,264.626,27.4107,7.54325,2.50877,1,,,,,
4.61959,264.683,27.4526,7.55639,2.51193,1,,,,,
4.62059,264.74,27.4945,7.56961,2.51507,1,,,,,
4.62159,264.798,27.5363,7.5829,2.51819,1,,,,,
4.62259,264.855,27.5782,7.59626,2.5213,1,,,,,
4.62359,264.912,27.62,7.60969,2.5244,1,,,,,
4.62459,264.97,27.6617,7.62319,2.52748,1,,,,,
4.62559,265.027,27.7035,7.63677,2.53054,1,,,,,
4.62659,265.084,27.7452,7.65042,2.53359,1,,,,,
4.62759,265.142,27.7869,7.66414,2.53662,1,,,,,
4.62859,265.199,27.8285,7.67794,2.53964,1,,,,,
4.62959,265.256,27.8702,7.69181,2.54265,1,,,,,
4.63059,265.313,27.9118,7.70576,2.54564,1,,,,,
4.63159,265.371,27.9533,7.71978,2.54861,1,,,,,
4.63259,265.428,27.9949,7.73388,2.55157,1,,,,,
4.63359,265.485,28.0364,7.74805,2.55452,1,,,,,
4.63459,265.543,28.0779,7.76231,2.55745,1,,,,,
4.63559,265.6,28.1193,7.77664,2.56036,1,,,,,
4.63659,265.657,28.1608,7.79104,2.56327,1,,,,,
4.63759,265.714,28.2022,7.80553,2.56615,1,,,,,
4.63859,265.772,28.2435,7.82009,2.56903,1,,,,,
4.63959,265.829,28.2849,7.83474,2.57189,1,,,,,
4.64059,265.886,28.3262,7.84946,2.57473,1,,,,,
4.64159,265.944,28.3675,7.86427,2.57757,1,,,,,
4.64259,266.001,28.4087,7.87915,2.58039,1,,,,,
4.64359,266.058,28.45,7.89412,2.58319,1,,,,,
4.64459,266.116,28.4912,7.90917,2.58598,1,,,,,
4.64559,266.173,28.5324,7.9243,2.58876,1,,,,,
4.64659,266.23,28.5735,7.93952,2.59153,1,,,,,
4.64759,266.287,28.6147,7.95481,2.59428,1,,,,,
4.64859,266.345,28.6558,7.9702,2.59702,1,,,,,
4.64959,266.402,28.6968,7.98566,2.59974,1,,,,,
4.65059,266.459,28.7379,8.00121,2.60246,1,,,,,
4.65159,266.517,28.7789,8.01685,2.60516,1,,,,,
4.65259,266.574,28.8199,8.03258,2.60784,1,,,,,
4.65359,266.631,28.8609,8.04839,2.61052,1,,,,,
4.65459,266.689,28.9018,8.06429,2.61318,1,,,,,
4.65559,266.746,28.9428,8.08027,2.61583,1,,,,,
4.65659,266.803,28.9837,8.09635,2.61846,1,,,,,
4.65759,266.86,29.0245,8.11251,2.62109,1,,,,,
4.65859,266.918,29.0654,8.12877,2.6237,1,,,,,
4.65959,266.975,29.1062,8.14511,2.6263,1,,,,,
4.66059,267.032,29.147,8.16155,2.62888,1,,,,,
4.66159,267.09,29.1878,8.17807,2.63146,1,,,,,
4.66259,267.147,29.2285,8.19469,2.63402,1,,,,,
4.66359,267.204,29.2693,8.21141,2.63657,1,,,,,
4.66459,267.261,29.31,8.22821,2.63911,1,,,,,
4.66559,267.319,29.3506,8.24511,2.64164,1,,,,,
4.66659,267.376,29.3913,8.26211,2.64415,1,,,,,
4.66759,267.433,29.4319,8.2792,2.64666,1,,,,,
4.66859,267.491,29.4725,8.29638,2.64915,1,,,,,
4.66959,267.548,29.5131,8.31367,2.65163,1,,,,,
4.67059,267.605,29.5537,8.33105,2.6541,1,,,,,
4.67159,267.663,29.5942,8.34852,2.65655,1,,,,,
4.67259,267.72,29.6347,8.3661,2.659,1,,,,,
4.67359,267.777,29.6752,8.38378,2.66143,1,,,,,
4.67459,267.834,29.7157,8.40156,2.66386,1,,,,,
4.67559,267.892,29.7561,8.41943,2.66627,1,,,,,
4.67659,267.949,29.7966,8.43741,2.66867,1,,,,,
4.67759,268.006,29.837,8.45549,2.67106,1,,,,,
4.67859,268.064,29.8773,8.47368,2.67344,1,,,,,
4.67959,268.121,29.9177,8.49196,2.67581,1,,,,,
4.68059,268.178,29.958,8.51036,2.67817,1,,,,,
4.68159,268.236,29.9983,8.52885,2.68052,1,,,,,
4.68259,268.293,30.0386,8.54746,2.68285,1,,,,,
4.68359,268.35,30.0789,8.56617,2.68518,1,,,,,
4.68459,268.407,30.1191,8.58498,2.68749,1,,,,,
4.68559,268.465,30.1594,8.60391,2.6898,1,,,,,
4.68659,268.522,30.1996,8.62294,2.69209,1,,,,,
4.68759,268.579,30.2397,8.64208,2.69438,1,,,,,
4.68859,268.637,30.2799,8.66134,2.69665,1,,,,,
4.68959,268.694,30.32,8.6807,2.69892,1,,,,,
4.69059,268.751,30.3602,8.70018,2.70117,1,,,,,
4.69159,268.808,30.4003,8.71977,2.70341,1,,,,,
4.69259,268.866,30.4403,8.73948,2.70565,1,,,,,
4.69359,268.923,30.4804,8.75929,2.70787,1,,,,,
4.69459,268.98,30.5204,8.77923,2.71008,1,,,,,
4.69559,269.038,30.5604,8.79928,2.71229,1,,,,,
4.69659,269.095,30.6004,8.81945,2.71448,1,,,,,
4.69759,269.152,30.6404,8.83973,2.71667,1,,,,,
4.69859,269.21,30.6803,8.86013,2.71884,1,,,,,
4.69959,269.267,30.7203,8.88066,2.72101,1,,,,,
4.70059,269.324,30.7602,8.9013,2.72316,1,,,,,
4.70159,269.381,30.8001,8.92207,2.72531,1,,,,,
4.70259,269.439,30.8399,8.94295,2.72745,1,,,,,
4.70359,269.496,30.8798,8.96397,2.72957,1,,,,,
4.70459,269.553,30.9196,8.9851,2.73169,1,,,,,
4.70559,269.611,30.9594,9.00636,2.7338,1,,,,,
4.70659,269.668,30.9992,9.02775,2.7359,1,,,,,
4.70759,269.725,31.039,9.04926,2.73799,1,,,,,
4.70859,269.782,31.0787,9.0709,2.74007,1,,,,,
4.70959,269.84,31.1185,9.09267,2.74214,1,,,,,
4.71059,269.897,31.1582,9.11457,2.74421,1,,,,,
4.71159,269.954,31.1979,9.13661,2.74626,1,,,,,
4.71259,270.012,31.2375,9.15877,2.74831,1,,,,,
4.71359,270.069,31.2772,9.18106,2.75034,1,,,,,
4.71459,270.126,31.3168,9.20349,2.75237,1,,,,,
4.71559,270.184,31.3564,9.22606,2.75439,1,,,,,
4.71659,270.241,31.396,9.24876,2.7564,1,,,,,
4.71759,270.298,31.4356,9.2716,2.7584,1,,,,,
4.71859,270.355,31.4752,9.29458,2.76039,1,,,,,
4.71959,270.413,31.5147,9.31769,2.76238,1,,,,,
4.72059,270.47,31.5542,9.34095,2.76435,1,,,,,
4.72159,270.527,31.5937,9.36434,2.76632,1,,,,,
4.72259,270.585,31.6332,9.38788,2.76828,1,,,,,
4.72359,270.642,31.6727,9.41157,2.77023,1,,,,,
4.72459,270.699,31.7121,9.4354,2.77218,1,,,,,
4.72559,270.757,31.7515,9.45937,2.77411,1,,,,,
4.72659,270.814,31.7909,9.48349,2.77604,1,,,,,
4.72759,270.871,31.8303,9.50776,2.77795,1,,,,,
4.72859,270.928,31.8697,9.53218,2.77987,1,,,,,
4.72959,270.986,31.9091,9.55675,2.78177,1,,,,,
4.73059,271.043,31.9484,9.58147,2.78366,1,,,,,
4.73159,271.1,31.9877,9.60634,2.78555,1,,,,,
4.73259,271.158,32.027,9.63137,2.78743,1,,,,,
4.73359,271.215,32.0663,9.65656,2.7893,1,,,,,
4.73459,271.272,32.1056,9.6819,2.79116,1,,,,,
4.73559,271.329,32.1448,9.7074,2.79301,1,,,,,
4.73659,271.387,32.1841,9.73306,2.79486,1,,,,,
4.73759,271.444,32.2233,9.75887,2.7967,1,,,,,
4.73859,271.501,32.2625,9.78486,2.79853,1,,,,,
4.73959,271.559,32.3016,9.811,2.80036,1,,,,,
4.74059,271.616,32.3408,9.83731,2.80217,1,,,,,
4.74159,271.673,32.3799,9.86378,2.80398,1,,,,,
4.74259,271.731,32.4191,9.89043,2.80578,1,,,,,
4.74359,271.788,32.4582,9.91724,2.80758,1,,,,,
4.74459,271.845,32.4973,9.94422,2.80936,1,,,,,
4.74559,271.902,32.5363,9.97137,2.81114,1,,,,,
4.74659,271.96,32.5754,9.9987,2.81292,1,,,,,
4.74759,272.017,32.6144,10.0262,2.81468,1,,,,,
4.74859,272.074,32.6535,10.0539,2.81644,1,,,,,
4.74959,272.132,32.6925,10.0817,2.81819,1,,,,,
4.75059,272.189,32.7315,10.1098,2.81993,1,,,,,
4.75159,272.246,32.7704,10.138,2.82167,1,,,,,
4.75259,272.304,32.8094,10.1664,2.8234,1,,,,,
4.75359,272.361,32.8484,10.1949,2.82512,1,,,,,
4.75459,272.418,32.8873,10.2237,2.82684,1,,,,,
4.75559,272.475,32.9262,10.2527,2.82855,1,,,,,
4.75659,272.533,32.9651,10.2818,2.83025,1,,,,,
4.75759,272.59,33.004,10.3111,2.83194,1,,,,,
4.75859,272.647,33.0428,10.3406,2.83363,1,,,,,
4.75959,272.705,33.0817,10.3704,2.83531,1,,,,,
4.76059,272.762,33.1205,10.4003,2.83699,1,,,,,
4.76159,272.819,33.1593,10.4304,2.83865,1,,,,,
4.76259,272.876,33.1981,10.4607,2.84031,1,,,,,
4.76359,272.934,33.2369,10.4912,2.84197,1,,,,,
4.76459,272.991,33.2756,10.5219,2.84362,1,,,,,
4.76559,273.048,33.3144,10.5528,2.84526,1,,,,,
4.76659,273.106,33.3531,10.5839,2.84689,1,,,,,
4.76759,273.163,33.3918,10.6152,2.84852,1,,,,,
4.76859,273.22,33.4305,10.6467,2.85014,1,,,,,
4.76959,273.278,33.4692,10.6785,2.85176,1,,,,,
4.77059,273.335,33.5079,10.7104,2.85337,1,,,,,
4.77159,273.392,33.5465,10.7426,2.85497,1,,,,,
4.77259,273.449,33.5852,10.775,2.85656,1,,,,,
4.77359,273.507,33.6238,10.8076,2.85816,1,,,,,
4.77459,273.564,33.6624,10.8404,2.85974,1,,,,,
4.77559,273.621,33.701,10.8734,2.86132,1,,,,,
4.77659,273.679,33.7396,10.9067,2.86289,1,,,,,
4.77759,273.736,33.7781,10.9402,2.86445,1,,,,,
4.77859,273.793,33.8167,10.9739,2.86601,1,,,,,
4.77959,273.85,33.8552,11.0079,2.86757,1,,,,,
4.78059,273.908,33.8937,11.0421,2.86911,1,,,,,
4.78159,273.965,33.9322,11.0765,2.87065,1,,,,,
4.78259,274.022,33.9707,11.1111,2.87219,1,,,,,
4.78359,274.08,34.0092,11.146,2.87372,1,,,,,
4.78459,274.137,34.0477,11.1812,2.87524,1,,,,,
4.78559,274.194,34.0861,11.2166,2.87676,1,,,,,
4.78659,274.252,34.1245,11.2522,2.87827,1,,,,,
4.78759,274.309,34.1629,11.2881,2.87978,1,,,,,
4.78859,274.366,34.2013,11.3242,2.88128,1,,,,,
4.78959,274.423,34.2397,11.3606,2.88277,1,,,,,
4.79059,274.481,34.2781,11.3972,2.88426,1,,,,,
4.79159,274.538,34.3164,11.4341,2.88574,1,,,,,
4.79259,274.595,34.3548,11.4712,2.88722,1,,,,,
4.79359,274.653,34.3931,11.5087,2.88869,1,,,,,
4.79459,274.71,34.4314,11.5463,2.89015,1,,,,,
4.79559,274.767,34.4697,11.5843,2.89161,1,,,,,
4.79659,274.825,34.508,11.6225,2.89307,1,,,,,
4.79759,274.882,34.5463,11.661,2.89452,1,,,,,
4.79859,274.939,34.5845,11.6998,2.89596,1,,,,,
4.79959,274.996,34.6227,11.7388,2.8974,1,,,,,
4.80059,275.054,34.661,11.7781,2.89883,1,,,,,
4.80159,275.111,34.6992,11.8177,2.90026,1,,,,,
4.80259,275.168,34.7374,11.8576,2.90168,1,,,,,
4.80359,275.226,34.7756,11.8978,2.9031,1,,,,,
4.80459,275.283,34.8137,11.9383,2.90451,1,,,,,
4.80559,275.34,34.8519,11.9791,2.90592,1,,,,,
4.80659,275.397,34.89,12.0201,2.90732,1,,,,,
4.80759,275.455,34.9281,12.0615,2.90871,1,,,,,
4.80859,275.512,34.9662,12.1032,2.9101,1,,,,,
4.80959,275.569,35.0043,12.1451,2.91149,1,,,,,
4.81059,275.627,35.0424,12.1874,2.91287,1,,,,,
4.81159,275.684,35.0805,12.23,2.91424,1,,,,,
4.81259,275.741,35.1186,12.2729,2.91561,1,,,,,
4.81359,275.799,35.1566,12.3162,2.91698,1,,,,,
4.81459,275.856,35.1946,12.3597,2.91834,1,,,,,
4.81559,275.913,35.2326,12.4036,2.91969,1,,,,,
4.81659,275.97,35.2706,12.4478,2.92104,1,,,,,
4.81759,276.028,35.3086,12.4924,2.92239,1,,,,,
4.81859,276.085,35.3466,12.5372,2.92373,1,,,,,
4.81959,276.142,35.3846,12.5825,2.92506,1,,,,,
4.82059,276.2,35.4225,12.628,2.92639,1,,,,,
4.82159,276.257,35.4604,12.6739,2.92772,1,,,,,
4.82259,276.314,35.4984,12.7202,2.92904,1,,,,,
4.82359,276.372,35.5363,12.7668,2.93035,1,,,,,
4.82459,276.429,35.5741,12.8138,2.93166,1,,,,,
4.82559,276.486,35.612,12.8611,2.93297,1,,,,,
4.82659,276.543,35.6499,12.9088,2.93427,1,,,,,
4.82759,276.601,35.6877,12.9568,2.93557,1,,,,,
4.82859,276.658,35.7256,13.0053,2.93686,1,,,,,
4.82959,276.715,35.7634,13.0541,2.93814,1,,,,,
4.83059,276.773,35.8012,13.1032,2.93943,1,,,,,
4.83159,276.83,35.839,13.1528,2.9407,1,,,,,
4.83259,276.887,35.8768,13.2028,2.94198,1,,,,,
4.83359,276.944,35.9146,13.2531,2.94325,1,,,,,
4.83459,277.002,35.9523,13.3039,2.94451,1,,,,,
4.83559,277.059,35.9901,13.355,2.94577,1,,,,,
4.83659,277.116,36.0278,13.4066,2.94702,1,,,,,
4.83759,277.174,36.0655,13.4585,2.94828,1,,,,,
4.83859,277.231,36.1032,13.5109,2.94952,1,,,,,
4.83959,277.288,36.0918,17.6128,2.95076,1,,,,,
4.84059,277.346,36.0798,17.665,2.952,1,,,,,
4.84159,277.403,36.0678,17.7177,2.95323,1,,,,,
4.84259,277.46,36.0559,17.7707,2.95446,1,,,,,
4.84359,277.517,36.0442,17.8243,2.95568,1,,,,,
4.84459,277.575,36.0325,17.8782,2.9569,1,,,,,
4.84559,277.632,36.0209,17.9327,2.95812,1,,,,,
4.84659,277.689,36.0093,17.9875,2.95933,1,,,,,
4.84759,277.747,35.9979,18.0428,2.96054,1,,,,,
4.84859,277.804,35.9865,18.0986,2.96174,1,,,,,
4.84959,277.861,35.9752,18.1549,2.96294,1,,,,,
4.85059,277.918,35.964,18.2116,2.96413,1,,,,,
4.85159,277.976,35.9529,18.2688,2.96532,1,,,,,
4.85259,278.033,35.9419,18.3265,2.96651,1,,,,,
4.85359,278.09,35.9309,18.3847,2.96769,1,,,,,
4.85459,278.148,35.92,18.4434,2.96887,1,,,,,
4.85559,278.205,35.9092,18.5026,2.97004,1,,,,,
4.85659,278.262,35.8985,18.5623,2.97121,1,,,,,
4.85759,278.32,35.8878,18.6225,2.97237,1,,,,,
4.85859,278.377,35.8773,18.6832,2.97353,1,,,,,
4.85959,278.434,35.8668,18.7444,2.97469,1,,,,,
4.86059,278.491,35.8563,18.8062,2.97584,1,,,,,
4.86159,278.549,35.846,18.8685,2.97699,1,,,,,
4.86259,278.606,35.8357,18.9314,2.97814,1,,,,,
4.86359,278.663,35.8255,18.9948,2.97928,1,,,,,
4.86459,278.721,35.8153,19.0587,2.98042,1,,,,,
4.86559,278.778,35.8053,19.1232,2.98155,1,,,,,
4.86659,278.835,35.7952,19.1883,2.98268,1,,,,,
4.86759,278.893,35.7853,19.254,2.9838,1,,,,,
4.86859,278.95,35.7755,19.3202,2.98493,1,,,,,
4.86959,279.007,35.7657,19.3871,2.98604,1,,,,,
4.87059,279.064,35.7559,19.4545,2.98716,1,,,,,
4.87159,279.122,35.7463,19.5225,2.98827,1,,,,,
4.87259,279.179,35.7367,19.5912,2.98937,1,,,,,
4.87359,279.236,35.7271,19.6605,2.99048,1,,,,,
4.87459,279.294,35.7177,19.7304,2.99157,1,,,,,
4.87559,279.351,35.7083,19.8009,2.99267,1,,,,,
4.87659,279.408,35.6989,19.872,2.99376,1,,,,,
4.87759,279.465,35.6897,19.9439,2.99485,1,,,,,
4.87859,279.523,35.6805,20.0163,2.99593,1,,,,,
4.87959,279.58,35.6713,20.0895,2.99701,1,,,,,
4.88059,279.637,35.6622,20.1633,2.99809,1,,,,,
4.88159,279.695,35.6532,20.2378,2.99916,1,,,,,
4.88259,279.752,35.6443,20.313,3.00023,1,,,,,
4.88359,279.809,35.6354,20.3888,3.0013,1,,,,,
4.88459,279.867,35.6265,20.4654,3.00236,1,,,,,
4.88559,279.924,35.6177,20.5427,3.00342,1,,,,,
4.88659,279.981,35.609,20.6208,3.00447,1,,,,,
4.88759,280.038,35.6003,20.6995,3.00552,1,,,,,
4.88859,280.096,35.5917,20.7791,3.00657,1,,,,,
4.88959,280.153,35.5832,20.8593,3.00762,1,,,,,
4.89059,280.21,35.5747,20.9404,3.00866,1,,,,,
4.89159,280.268,35.5663,21.0222,3.00969,1,,,,,
4.89259,280.325,35.5579,21.1047,3.01073,1,,,,,
4.89359,280.382,35.5496,21.1881,3.01176,1,,,,,
4.89459,280.44,35.5413,21.2723,3.01279,1,,,,,
4.89559,280.497,35.5331,21.3573,3.01381,1,,,,,
4.89659,280.554,35.5249,21.4431,3.01483,1,,,,,
4.89759,280.611,35.5168,21.5298,3.01585,1,,,,,
4.89859,280.669,35.5088,21.6173,3.01686,1,,,,,
4.89959,280.726,35.5008,21.7056,3.01787,1,,,,,
4.90059,280.783,35.4928,21.7949,3.01888,1,,,,,
4.90159,280.841,35.4849,21.885,3.01988,1,,,,,
4.90259,280.898,35.4771,21.976,3.02088,1,,,,,
4.90359,280.955,35.4693,22.0679,3.02188,1,,,,,
4.90459,281.012,35.4616,22.1607,3.02287,1,,,,,
4.90559,281.07,35.4539,22.2545,3.02387,1,,,,,
4.90659,281.127,35.4462,22.3492,3.02485,1,,,,,
4.90759,281.184,35.4386,22.4448,3.02584,1,,,,,
4.90859,281.242,35.4311,22.5415,3.02682,1,,,,,
4.90959,281.299,35.4236,22.6391,3.0278,1,,,,,
4.91059,281.356,35.4162,22.7377,3.02877,1,,,,,
4.91159,281.414,35.4088,22.8373,3.02974,1,,,,,
4.91259,281.471,35.4014,22.9379,3.03071,1,,,,,
4.91359,281.528,35.3941,23.0396,3.03167,1,,,,,
4.91459,281.585,35.3869,23.1423,3.03264,1,,,,,
4.91559,281.643,35.3797,23.2461,3.0336,1,,,,,
4.91659,281.7,35.3725,23.3509,3.03455,1,,,,,
4.91759,281.757,35.3654,23.4569,3.0355,1,,,,,
4.91859,281.815,35.3583,23.564,3.03645,1,,,,,
4.91959,281.872,35.3513,23.6722,3.0374,1,,,,,
4.92059,281.929,35.3443,23.7815,3.03834,1,,,,,
4.92159,281.986,35.3374,23.892,3.03928,1,,,,,
4.92259,282.044,35.3305,24.0037,3.04022,1,,,,,
4.92359,282.101,35.3236,24.1166,3.04116,1,,,,,
4.92459,282.158,35.3168,24.4624,3.04209,1,,,,,
4.92559,282.216,35.3101,24.5906,3.04302,1,,,,,
4.92659,282.273,35.3034,24.7201,3.04394,1,,,,,
4.92759,282.33,35.2967,24.8509,3.04486,1,,,,,
4.92859,282.388,35.29,24.983,3.04578,1,,,,,
4.92959,282.445,35.2835,25.1165,3.0467,1,,,,,
4.93059,282.502,35.2769,25.2513,3.04762,1,,,,,
4.93159,282.559,35.2704,25.3876,3.04853,1,,,,,
4.93259,282.617,35.2639,25.5252,3.04943,1,,,,,
4.93359,282.674,35.2575,25.6643,3.05034,1,,,,,
4.93459,282.731,35.2511,25.8049,3.05124,1,,,,,
4.93559,282.789,35.2448,25.9469,3.05214,1,,,,,
4.93659,282.846,35.2385,26.0904,3.05304,1,,,,,
4.93759,282.903,35.2322,26.2355,3.05393,1,,,,,
4.93859,282.961,35.226,26.382,3.05482,1,,,,,
4.93959,283.018,35.2198,26.5302,3.05571,1,,,,,
4.94059,283.075,35.2136,26.6799,3.0566,1,,,,,
4.94159,283.132,35.2075,26.8313,3.05748,1,,,,,
4.94259,283.19,35.2014,26.9843,3.05836,1,,,,,
4.94359,283.247,35.1954,27.139,3.05924,1,,,,,
4.94459,283.304,35.1894,27.2953,3.06011,1,,,,,
4.94559,283.362,35.1834,27.4534,3.06098,1,,,,,
4.94659,283.419,35.1775,27.6133,3.06185,1,,,,,
4.94759,283.476,35.1716,27.7749,3.06272,1,,,,,
4.94859,283.533,35.1657,27.9383,3.06358,1,,,,,
4.94959,283.591,35.1599,28.1035,3.06444,1,,,,,
4.95059,283.648,35.1541,28.2706,3.0653,1,,,,,
4.95159,283.705,35.1484,28.4396,3.06616,1,,,,,
4.95259,283.763,35.1427,28.6105,3.06701,1,,,,,
4.95359,283.82,35.137,28.7833,3.06786,1,,,,,
4.95459,283.877,35.1313,28.9582,3.06871,1,,,,,
4.95559,283.935,35.1257,29.135,3.06955,1,,,,,
4.95659,283.992,35.1201,29.3139,3.07039,1,,,,,
4.95759,284.049,35.1146,29.4949,3.07123,1,,,,,
4.95859,284.106,35.1091,29.678,3.07207,1,,,,,
4.95959,284.164,35.1036,29.8633,3.07291,1,,,,,
4.96059,284.221,35.0982,30.0507,3.07374,1,,,,,
4.96159,284.278,35.0928,30.2404,3.07457,1,,,,,
4.96259,284.336,35.0874,30.4323,3.0754,1,,,,,
4.96359,284.393,35.082,30.6265,3.07622,1,,,,,
4.96459,284.45,35.0767,30.8231,3.07704,1,,,,,
4.96559,284.508,35.0714,31.022,3.07786,1,,,,,
4.96659,284.565,35.0662,31.2233,3.07868,1,,,,,
4.96759,284.622,35.061,31.4272,3.07949,1,,,,,
4.96859,284.679,35.0558,31.6335,3.0803,1,,,,,
4.96959,284.737,35.0506,31.8424,3.08111,1,,,,,
4.97059,284.794,35.0455,32.0538,3.08192,1,,,,,
4.97159,284.851,35.0404,32.2679,3.08273,1,,,,,
4.97259,284.909,35.0353,32.4847,3.08353,1,,,,,
4.97359,284.966,35.0303,32.7042,3.08433,1,,,,,
4.97459,285.023,35.0253,32.9265,3.08513,1,,,,,
4.97559,285.08,35.0203,33.1516,3.08592,1,,,,,
4.97659,285.138,35.0154,33.3796,3.08671,1,,,,,
4.97759,285.195,35.0105,33.6106,3.0875,1,,,,,
4.97859,285.252,35.0056,33.8445,3.08829,1,,,,,
4.97959,285.31,35.0007,34.0815,3.08908,1,,,,,
4.98059,285.367,34.9959,34.3215,3.08986,1,,,,,
4.98159,285.424,34.9911,34.5648,3.09064,1,,,,,
4.98259,285.482,34.9863,34.8112,3.09142,1,,,,,
4.98359,285.539,34.9816,35.0609,3.0922,1,,,,,
4.98459,285.596,34.9768,35.3139,3.09297,1,,,,,
4.98559,285.653,34.9722,35.5704,3.09374,1,,,,,
4.98659,285.711,34.9675,35.8303,3.09451,1,,,,,
4.98759,285.768,34.9629,36.0937,3.09528,1,,,,,
4.98859,285.825,34.9582,36.3608,3.09604,1,,,,,
4.98959,285.883,34.9537,36.6315,3.0968,1,,,,,
4.99059,285.94,34.9491,36.9059,3.09756,1,,,,,
4.99159,285.997,34.9446,37.1841,3.09832,1,,,,,
4.99259,286.054,34.9401,37.4663,3.09908,1,,,,,
4.99359,286.112,34.9356,37.7523,3.09983,1,,,,,
4.99459,286.169,34.9311,38.0425,3.10058,1,,,,,
4.99559,286.226,34.9267,38.3367,3.10133,1,,,,,
4.99659,286.284,34.9223,38.6352,3.10208,1,,,,,
4.99759,286.341,34.918,38.9379,3.10282,1,,,,,
4.99859,286.398,34.9136,39.245,3.10357,1,,,,,
4.99959,286.456,34.9093,39.5566,3.10431,1,,,,,
5.00059,286.513,34.905,39.8727,3.10504,1,,,,,
5.00159,286.57,34.9007,40.1935,3.10578,1,,,,,
5.00259,286.627,34.8965,40.519,3.10651,1,,,,,
5.00359,286.685,34.8922,40.8493,3.10724,1,,,,,
5.00459,286.742,34.888,41.1846,3.10797,1,,,,,
5.00559,286.799,34.8839,41.525,3.1087,1,,,,,
5.00659,286.857,34.8797,41.8705,3.10943,1,,,,,
5.00759,286.914,34.8756,42.2212,3.11015,1,,,,,
5.00859,286.971,34.8715,42.5773,3.11087,1,,,,,
5.00959,287.029,34.8674,42.939,3.11159,1,,,,,
5.01059,287.086,34.8633,43.3062,3.11231,1,,,,,
5.01159,287.143,34.8593,43.6792,3.11302,1,,,,,
5.01259,287.2,34.8553,44.058,3.11373,1,,,,,
5.01359,287.258,34.8513,44.4428,3.11444,1,,,,,
5.01459,287.315,34.8473,44.8337,3.11515,1,,,,,
5.01559,287.372,34.8434,45.2309,3.11586,1,,,,,
5.01659,287.43,34.8394,45.6345,3.11656,1,,,,,
5.01759,287.487,34.8355,46.0446,3.11727,1,,,,,
5.01859,287.544,34.8317,46.4614,3.11797,1,,,,,
5.01959,287.601,34.8278,46.885,3.11866,1,,,,,
5.02059,287.659,34.824,47.3157,3.11936,1,,,,,
5.02159,287.716,34.8202,47.7535,3.12005,1,,,,,
5.02259,287.773,34.8164,48.1986,3.12075,1,,,,,
5.02359,287.831,34.8126,48.6512,3.12144,1,,,,,
5.02459,287.888,34.8088,49.1115,3.12213,1,,,,,
5.02559,287.945,34.8051,49.5797,3.12281,1,,,,,
5.02659,288.003,34.8014,50.0559,3.1235,1,,,,,
5.02759,288.06,34.7977,50.5403,3.12418,1,,,,,
5.02859,288.117,34.7941,51.0332,3.12486,1,,,,,
5.02959,288.174,34.7904,51.5347,3.12554,1,,,,,
5.03059,288.232,34.7868,52.0451,3.12621,1,,,,,
5.03159,288.289,34.7832,52.5645,3.12689,1,,,,,
5.03259,288.346,34.7796,53.0932,3.12756,1,,,,,
5.03359,288.404,34.776,53.6315,3.12823,1,,,,,
5.03459,288.461,34.7725,54.1795,3.1289,1,,,,,
5.03559,288.518,34.7689,54.7375,3.12957,1,,,,,
5.03659,288.576,34.7654,55.3058,3.13023,1,,,,,
5.03759,288.633,34.762,55.8847,3.1309,1,,,,,
5.03859,288.69,34.7585,56.4743,3.13156,1,,,,,
5.03959,288.747,34.755,57.075,3.13222,1,,,,,
5.04059,288.805,34.7516,57.6871,3.13288,1,,,,,
5.04159,288.862,34.7482,58.3108,3.13353,1,,,,,
5.04259,288.919,34.7448,58.9465,3.13419,1,,,,,
5.04359,288.977,34.7414,59.5946,3.13484,1,,,,,
5.04459,289.034,34.7381,60.2552,3.13549,1,,,,,
5.04559,289.091,34.7347,60.9289,3.13614,1,,,,,
5.04659,289.148,34.7314,61.6158,3.13678,1,,,,,
5.04759,289.206,34.7281,62.3165,3.13743,1,,,,,
5.04859,289.263,34.7248,63.0312,3.13807,1,,,,,
5.04959,289.32,34.7216,63.7604,3.13871,1,,,,,
5.05059,289.378,34.7183,64.5044,3.13935,1,,,,,
5.05159,289.435,34.7151,65.2637,3.13999,1,,,,,
5.05259,289.492,34.7119,66.0388,3.14063,1,,,,,
5.05359,289.55,34.7087,66.83,3.14126,1,,,,,
5.05459,289.607,34.7055,67.6379,3.14189,1,,,,,
5.05559,289.664,34.7023,68.4629,3.14252,1,,,,,
5.05659,289.721,34.6992,69.3055,3.14315,1,,,,,
5.05759,289.779,34.6961,70.1663,3.14378,1,,,,,
5.05859,289.836,34.693,71.0458,3.14441,1,,,,,
5.05959,289.893,34.6899,71.9445,3.14503,1,,,,,
5.06059,289.951,34.6868,72.8631,3.14565,1,,,,,
5.06159,290.008,34.6837,73.8021,3.14627,1,,,,,
5.06259,290.065,34.6807,74.7622,3.14689,1,,,,,
5.06359,290.122,34.6777,75.744,3.14751,1,,,,,
5.06459,290.18,34.6747,76.7482,3.14812,1,,,,,
5.06559,290.237,34.6717,77.7755,3.14874,1,,,,,
5.06659,290.294,34.6687,78.8267,3.14935,1,,,,,
5.06759,290.352,34.6657,79.9025,3.14996,1,,,,,
5.06859,290.409,34.6628,81.0036,3.15057,1,,,,,
5.06959,290.466,34.6599,82.131,3.15117,1,,,,,
5.07059,290.524,34.6569,83.2855,3.15178,1,,,,,
5.07159,290.581,34.654,84.468,3.15238,1,,,,,
5.07259,290.638,34.6512,85.6794,3.15298,1,,,,,
5.07359,290.695,34.6483,86.9206,3.15358,1,,,,,
5.07459,290.753,34.6454,88.1928,3.15418,1,,,,,
5.07559,290.81,34.6426,89.497,3.15478,1,,,,,
5.07659,290.867,34.6398,90.8342,3.15537,1,,,,,
5.07759,290.925,34.637,92.2057,3.15597,1,,,,,
5.07859,290.982,34.6342,93.6126,3.15656,1,,,,,
5.07959,291.039,34.6314,95.0562,3.15715,1,,,,,
5.08059,291.097,34.6286,96.5378,3.15774,1,,,,,
5.08159,291.154,34.6259,98.0588,3.15832,1,,,,,
5.08259,291.211,34.6232,99.6207,3.15891,1,,,,,
5.08359,291.268,34.6204,101.225,3.15949,1,,,,,
5.08459,291.326,34.6177,102.873,3.16008,1,,,,,
5.08559,291.383,34.615,104.567,3.16066,1,,,,,
5.08659,291.44,34.6124,106.307,3.16124,1,,,,,
5.08759,291.498,34.6097,108.097,3.16181,1,,,,,
5.08859,291.555,34.607,109.938,3.16239,1,,,,,
5.08959,291.612,34.6044,111.832,3.16297,1,,,,,
5.09059,291.669,34.6018,113.782,3.16354,1,,,,,
5.09159,291.727,34.5992,115.788,3.16411,1,,,,,
5.09259,291.784,34.5966,117.854,3.16468,1,,,,,
5.09359,291.841,34.594,119.982,3.16525,1,,,,,
5.09459,291.899,34.5914,122.174,3.16581,1,,,,,
5.09559,291.956,34.5889,124.434,3.16638,1,,,,,
5.09659,292.013,34.5864,126.764,3.16694,1,,,,,
5.09759,292.071,34.5838,129.167,3.16751,1,,,,,
5.09859,292.128,34.5813,131.646,3.16807,1,,,,,
5.09959,292.185,34.5788,134.205,3.16863,1,,,,,
5.10059,292.242,34.5763,136.846,3.16918,1,,,,,
5.10159,292.3,34.5739,139.574,3.16974,1,,,,,
5.10259,292.357,34.5714,142.393,3.1703,1,,,,,
5.10359,292.414,34.5689,145.306,3.17085,1,,,,,
5.10459,292.472,34.5665,148.319,3.1714,1,,,,,
5.10559,292.529,34.5641,151.435,3.17195,1,,,,,
5.10659,292.586,34.5617,154.659,3.1725,1,,,,,
5.10759,292.644,34.5593,157.997,3.17305,1,,,,,
5.10859,292.701,34.5569,161.455,3.17359,1,,,,,
5.10959,292.758,34.5545,165.037,3.17414,1,,,,,
5.11059,292.815,34.5522,168.75,3.17468,1,,,,,
5.11159,292.873,34.5498,172.601,3.17522,1,,,,,
5.11259,292.93,34.5475,176.596,3.17576,1,,,,,
5.11359,292.987,34.5451,180.744,3.1763,1,,,,,
5.11459,293.045,34.5428,185.051,3.17684,1,,,,,
5.11559,293.102,34.5405,189.527,3.17738,1,,,,,
5.11659,293.159,34.5382,194.18,3.17791,1,,,,,
5.11759,293.216,34.536,199.02,3.17844,1,,,,,
5.11859,293.274,34.5337,204.057,3.17898,1,,,,,
5.11959,293.331,34.5314,209.302,3.17951,1,,,,,
5.12059,293.388,34.5292,214.767,3.18003,1,,,,,
5.12159,293.446,34.527,220.464,3.18056,1,,,,,
5.12259,293.503,34.5247,226.407,3.18109,1,,,,,
5.12359,293.56,34.5225,232.611,3.18161,1,,,,,
5.12459,293.618,34.5203,239.091,3.18214,1,,,,,
5.12559,293.675,34.5181,245.863,3.18266,1,,,,,
5.12659,293.732,34.516,252.946,3.18318,1,,,,,
5.12759,293.789,34.5138,260.359,3.1837,1,,,,,
5.12859,293.847,34.5116,268.123,3.18422,1,,,,,
5.12959,293.904,34.5095,276.261,3.18473,1,,,,,
5.13059,293.961,34.5074,284.797,3.18525,1,,,,,
5.13159,294.019,34.5053,293.758,3.18576,1,,,,,
5.13259,294.076,34.5031,303.174,3.18628,1,,,,,
5.13359,294.133,34.501,313.074,3.18679,1,,,,,
5.13459,294.19,34.499,323.494,3.1873,1,,,,,
5.13559,294.248,34.4969,334.47,3.18781,1,,,,,
5.13659,294.305,34.4948,346.043,3.18831,1,,,,,
5.13759,294.362,34.4927,358.258,3.18882,1,,,,,
5.13859,294.42,34.4907,371.163,3.18932,1,,,,,
5.13959,294.477,34.4887,384.811,3.18983,1,,,,,
5.14059,294.534,34.4866,399.26,3.19033,1,,,,,
5.14159,294.592,34.4846,414.575,3.19083,1,,,,,
5.14259,294.649,34.4826,430.828,3.19133,1,,,,,
5.14359,294.706,34.4806,448.095,3.19183,1,,,,,
5.14459,294.763,34.4786,466.464,3.19233,1,,,,,
5.14559,294.821,34.4767,486.031,3.19282,1,,,,,
5.14659,294.878,34.4747,506.902,3.19332,1,,,,,
5.14759,294.935,34.4727,529.198,3.19381,1,,,,,
5.14859,294.993,34.4708,553.05,3.1943,1,,,,,
5.14959,295.05,34.4688,578.607,3.19479,1,,,,,
5.15059,295.107,34.4669,606.037,3.19528,1,,,,,
5.15159,295.165,34.465,635.527,3.19577,1,,,,,
5.15259,295.222,34.4631,667.29,3.19626,1,,,,,
5.15359,295.279,34.4612,701.566,3.19674,1,,,,,
5.15459,295.336,34.4593,738.628,3.19722,1,,,,,
5.15559,295.394,34.4574,778.786,3.19771,1,,,,,
5.15659,295.451,34.4555,822.396,3.19819,1,,,,,
5.15759,295.508,34.4537,869.866,3.19867,1,,,,,
5.15859,295.566,34.4518,921.667,3.19915,1,,,,,
5.15959,295.623,34.45,978.342,3.19963,1,,,,,
5.16059,295.68,34.4481,1040.52,3.2001,1,,,,,
5.16159,295.737,34.4463,1108.95,3.20058,1,,,,,
5.16259,295.795,34.4445,1184.49,3.20106,1,,,,,
5.16359,295.852,34.4427,1268.16,3.20153,1,,,,,
5.16459,295.909,34.4409,1361.17,3.202,1,,,,,
5.16559,295.967,34.4391,1464.98,3.20247,1,,,,,
5.16659,296.024,34.4373,1581.31,3.20294,1,,,,,
5.16759,296.081,34.4356,1712.28,3.20341,1,,,,,
5.16859,296.139,34.4338,1860.44,3.20388,1,,,,,
5.16959,296.196,34.432,2028.94,3.20434,1,,,,,
5.17059,296.253,34.4303,2221.69,3.20481,1,,,,,
5.17159,296.31,34.4285,2443.57,3.20527,1,,,,,
5.17259,296.368,34.4268,2700.78,3.20573,1,,,,,
5.17359,296.425,34.4251,3001.22,3.2062,1,,,,,
5.17459,296.482,34.4234,3355.16,3.20666,1,,,,,
5.17559,296.54,34.4217,3776.12,3.20712,1,,,,,
5.17659,296.597,34.42,4282.14,3.20757,1,,,,,
5.17759,296.654,34.4183,4897.79,3.20803,1,,,,,
5.17859,296.712,34.4166,5657.19,3.20849,1,,,,,
5.17959,296.769,34.4149,6608.87,3.20894,1,,,,,
5.18059,296.826,34.4133,7823.67,3.20939,1,,,,,
5.18159,296.883,34.4116,9408.35,3.20985,1,,,,,
5.18259,296.941,34.41,11529.9,3.2103,1,,,,,
5.18359,296.998,34.4083,14461.3,3.21075,1,,,,,
5.18459,297.055,34.4067,18674.2,3.2112,1,,,,,
5.18559,297.113,34.4051,25040.7,3.21164,1,,,,,
5.18659,297.17,34.4035,35324.5,3.21209,1,,,,,
5.18759,297.227,34.4018,53547.9,3.21254,1,,,,,
5.18859,297.284,34.4002,90616.9,3.21298,1,,,,,
5.18959,297.342,34.3987,185430,3.21342,1,,,,,
5.19059,297.399,34.3971,571856,3.21387,1,,,,,
5.19159,297.456,34.3955,9.62E+06,3.21431,1,,,,,
