a(radian), a(degree) , Eruling, Ebend, Ebend
3.14159, 180 , 66.0491, inf, 1
3.14259, 180.057 , 66.0492, 139278, 1
3.14359, 180.115 , 66.0492, 85294.3, 1
3.14459, 180.172 , 66.0492, 694435, 1
3.14559, 180.229 , 66.0492, 288421, 1
3.14659, 180.286 , 66.0492, 46203.6, 1
3.14759, 180.344 , 66.0492, 19814.3, 1
3.14859, 180.401 , 66.0492, 11568.3, 1
3.14959, 180.458 , 66.0492, 7839.04, 1
3.15059, 180.516 , 66.0491, 5796.71, 1
3.15159, 180.573 , 66.0491, 4540.22, 1
3.15259, 180.63 , 66.0491, 3704.98, 1
3.15359, 180.688 , 66.049, 3118.71, 1
3.15459, 180.745 , 66.049, 2690.65, 1
3.15559, 180.802 , 66.0489, 2368.98, 1
3.15659, 180.859 , 66.0488, 2122.29, 1
3.15759, 180.917 , 66.0488, 1930.57, 1
3.15859, 180.974 , 66.0487, 1780.67, 1
3.15959, 181.031 , 66.0486, 1663.71, 1
3.16059, 181.089 , 66.0485, 1573.62, 1
3.16159, 181.146 , 66.0484, 1506.3, 1
3.16259, 181.203 , 66.0483, 1459.08, 1
3.16359, 181.261 , 66.0482, 1430.41, 1
3.16459, 181.318 , 66.0481, 1419.73, 1
3.16559, 181.375 , 66.0479, 1427.42, 1
3.16659, 181.432 , 66.0478, 1454.91, 1
3.16759, 181.49 , 66.0477, 1504.85, 1
3.16859, 181.547 , 66.0475, 1581.6, 1
3.16959, 181.604 , 66.0473, 1691.89, 1
3.17059, 181.662 , 66.0472, 1846.06, 1
3.17159, 181.719 , 66.047, 2060.29, 1
3.17259, 181.776 , 66.0468, 2360.58, 1
3.17359, 181.833 , 66.0467, 2790.51, 1
3.17459, 181.891 , 66.0465, 3427.36, 1
3.17559, 181.948 , 66.0463, 4418.64, 1
3.17659, 182.005 , 66.0461, 6074.95, 1
3.17759, 182.063 , 66.0459, 9145.78, 1
3.17859, 182.12 , 66.0456, 15845.1, 1
3.17959, 182.177 , 66.0454, 35343, 1
3.18059, 182.235 , 66.0452, 146398, 1
3.18159, 182.292 , 66.045, 5.54032e+07, 1
3.18259, 182.349 , 66.0447, 120594, 1
3.18359, 182.406 , 66.0445, 32214.2, 1
3.18459, 182.464 , 66.0442, 15036.5, 1
3.18559, 182.521 , 66.0439, 8944.6, 1
3.18659, 182.578 , 66.0437, 6129.54, 1
3.18759, 182.636 , 66.0434, 4624.02, 1
3.18859, 182.693 , 66.0431, 3746.5, 1
3.18959, 182.75 , 66.0428, 3210.56, 1
3.19059, 182.807 , 66.0425, 2878.9, 1
3.19159, 182.865 , 66.0422, 2678.93, 1
3.19259, 182.922 , 66.0419, 2568.9, 1
3.19359, 182.979 , 66.0416, 2522.59, 1
3.19459, 183.037 , 66.0413, 2521.65, 1
3.19559, 183.094 , 66.0409, 2551.34, 1
3.19659, 183.151 , 66.0406, 2598.15, 1
3.19759, 183.209 , 66.0402, 2648.61, 1
3.19859, 183.266 , 66.0399, 2689.33, 1
3.19959, 183.323 , 66.0395, 2707.9, 1
3.20059, 183.38 , 66.0392, 2694.65, 1
3.20159, 183.438 , 66.0388, 2644.36, 1
3.20259, 183.495 , 66.0384, 2557.12, 1
3.20359, 183.552 , 66.038, 2437.96, 1
3.20459, 183.61 , 66.0376, 2295.17, 1
3.20559, 183.667 , 66.0372, 2138.24, 1
3.20659, 183.724 , 66.0368, 1976.05, 1
3.20759, 183.782 , 66.0364, 1815.77, 1
3.20859, 183.839 , 66.036, 1662.48, 1
3.20959, 183.896 , 66.0356, 1519.29, 1
3.21059, 183.953 , 66.0351, 1387.77, 1
3.21159, 184.011 , 66.0347, 1268.38, 1
3.21259, 184.068 , 66.0343, 1160.84, 1
3.21359, 184.125 , 66.0338, 1064.43, 1
3.21459, 184.183 , 66.0333, 978.227, 1
3.21559, 184.24 , 66.0329, 901.24, 1
3.21659, 184.297 , 66.0324, 832.472, 1
3.21759, 184.354 , 66.0319, 770.987, 1
3.21859, 184.412 , 66.0314, 715.928, 1
3.21959, 184.469 , 66.0309, 666.525, 1
3.22059, 184.526 , 66.0304, 622.098, 1
3.22159, 184.584 , 66.0299, 582.048, 1
3.22259, 184.641 , 66.0294, 545.851, 1
3.22359, 184.698 , 66.0289, 513.053, 1
3.22459, 184.756 , 66.0284, 483.256, 1
3.22559, 184.813 , 66.0278, 456.117, 1
3.22659, 184.87 , 66.0273, 431.335, 1
3.22759, 184.927 , 66.0267, 408.651, 1
3.22859, 184.985 , 66.0262, 387.836, 1
3.22959, 185.042 , 66.0256, 368.692, 1
3.23059, 185.099 , 66.025, 351.044, 1
3.23159, 185.157 , 66.0245, 334.742, 1
3.23259, 185.214 , 66.0239, 319.65, 1
3.23359, 185.271 , 66.0233, 305.651, 1
3.23459, 185.329 , 66.0227, 292.641, 1
3.23559, 185.386 , 66.0221, 280.527, 1
3.23659, 185.443 , 66.0215, 269.227, 1
3.23759, 185.5 , 66.0208, 258.669, 1
3.23859, 185.558 , 66.0202, 248.788, 1
3.23959, 185.615 , 66.0196, 239.525, 1
3.24059, 185.672 , 66.0189, 230.83, 1
3.24159, 185.73 , 66.0183, 222.655, 1
3.24259, 185.787 , 66.0176, 214.959, 1
3.24359, 185.844 , 66.017, 207.704, 1
3.24459, 185.901 , 66.0163, 200.856, 1
3.24559, 185.959 , 66.0156, 194.384, 1
3.24659, 186.016 , 66.015, 188.261, 1
3.24759, 186.073 , 66.0143, 182.46, 1
3.24859, 186.131 , 66.0136, 176.959, 1
3.24959, 186.188 , 66.0129, 171.738, 1
3.25059, 186.245 , 66.0122, 166.776, 1
3.25159, 186.303 , 66.0114, 162.056, 1
3.25259, 186.36 , 66.0107, 157.563, 1
3.25359, 186.417 , 66.01, 153.281, 1
3.25459, 186.474 , 66.0093, 149.197, 1
3.25559, 186.532 , 66.0085, 145.299, 1
3.25659, 186.589 , 66.0078, 141.575, 1
3.25759, 186.646 , 66.007, 138.015, 1
3.25859, 186.704 , 66.0062, 134.608, 1
3.25959, 186.761 , 66.0055, 131.346, 1
3.26059, 186.818 , 66.0047, 128.221, 1
3.26159, 186.875 , 66.0039, 125.225, 1
3.26259, 186.933 , 66.0031, 122.35, 1
3.26359, 186.99 , 66.0023, 119.59, 1
3.26459, 187.047 , 66.0015, 116.939, 1
3.26559, 187.105 , 66.0007, 114.39, 1
3.26659, 187.162 , 65.9999, 111.939, 1
3.26759, 187.219 , 65.999, 109.581, 1
3.26859, 187.277 , 65.9982, 107.31, 1
3.26959, 187.334 , 65.9974, 105.123, 1
3.27059, 187.391 , 65.9965, 103.015, 1
3.27159, 187.448 , 65.9957, 100.983, 1
3.27259, 187.506 , 65.9948, 99.0217, 1
3.27359, 187.563 , 65.9939, 97.1292, 1
3.27459, 187.62 , 65.9931, 95.3019, 1
3.27559, 187.678 , 65.9922, 93.5368, 1
3.27659, 187.735 , 65.9913, 91.831, 1
3.27759, 187.792 , 65.9904, 90.1819, 1
3.27859, 187.85 , 65.9895, 88.587, 1
3.27959, 187.907 , 65.9886, 87.0439, 1
3.28059, 187.964 , 65.9877, 85.5505, 1
3.28159, 188.021 , 65.9867, 84.1044, 1
3.28259, 188.079 , 65.9858, 82.7039, 1
3.28359, 188.136 , 65.9849, 81.347, 1
3.28459, 188.193 , 65.9839, 80.0319, 1
3.28559, 188.251 , 65.983, 78.757, 1
3.28659, 188.308 , 65.982, 77.5205, 1
3.28759, 188.365 , 65.981, 76.3211, 1
3.28859, 188.422 , 65.9801, 75.1573, 1
3.28959, 188.48 , 65.9791, 74.0276, 1
3.29059, 188.537 , 65.9781, 72.9309, 1
3.29159, 188.594 , 65.9771, 71.8658, 1
3.29259, 188.652 , 65.9761, 70.8312, 1
3.29359, 188.709 , 65.9751, 69.826, 1
3.29459, 188.766 , 65.9741, 68.8491, 1
3.29559, 188.824 , 65.973, 67.8995, 1
3.29659, 188.881 , 65.972, 66.9762, 1
3.29759, 188.938 , 65.971, 66.0783, 1
3.29859, 188.995 , 65.9699, 65.2049, 1
3.29959, 189.053 , 65.9689, 64.3553, 1
3.30059, 189.11 , 65.9678, 63.5285, 1
3.30159, 189.167 , 65.9667, 62.7238, 1
3.30259, 189.225 , 65.9657, 61.9405, 1
3.30359, 189.282 , 65.9646, 61.1779, 1
3.30459, 189.339 , 65.9635, 60.4354, 1
3.30559, 189.397 , 65.9624, 59.7122, 1
3.30659, 189.454 , 65.9613, 59.0077, 1
3.30759, 189.511 , 65.9602, 58.3215, 1
3.30859, 189.568 , 65.9591, 57.6529, 1
3.30959, 189.626 , 65.9579, 57.0013, 1
3.31059, 189.683 , 65.9568, 56.3663, 1
3.31159, 189.74 , 65.9557, 55.7474, 1
3.31259, 189.798 , 65.9545, 55.1441, 1
3.31359, 189.855 , 65.9534, 54.5559, 1
3.31459, 189.912 , 65.9522, 53.9824, 1
3.31559, 189.969 , 65.951, 53.4232, 1
3.31659, 190.027 , 65.9499, 52.8778, 1
3.31759, 190.084 , 65.9487, 52.346, 1
3.31859, 190.141 , 65.9475, 51.8272, 1
3.31959, 190.199 , 65.9463, 51.3213, 1
3.32059, 190.256 , 65.9451, 50.8277, 1
3.32159, 190.313 , 65.9439, 50.3462, 1
3.32259, 190.371 , 65.9427, 49.8765, 1
3.32359, 190.428 , 65.9414, 49.4182, 1
3.32459, 190.485 , 65.9402, 48.9711, 1
3.32559, 190.542 , 65.939, 48.5348, 1
3.32659, 190.6 , 65.9377, 48.1092, 1
3.32759, 190.657 , 65.9365, 47.6939, 1
3.32859, 190.714 , 65.9352, 47.2887, 1
3.32959, 190.772 , 65.9339, 46.8933, 1
3.33059, 190.829 , 65.9327, 46.5075, 1
3.33159, 190.886 , 65.9314, 46.1311, 1
3.33259, 190.943 , 65.9301, 45.7639, 1
3.33359, 191.001 , 65.9288, 45.4056, 1
3.33459, 191.058 , 65.9275, 45.056, 1
3.33559, 191.115 , 65.9262, 44.715, 1
3.33659, 191.173 , 65.9248, 44.3824, 1
3.33759, 191.23 , 65.9235, 44.0579, 1
3.33859, 191.287 , 65.9222, 43.7414, 1
3.33959, 191.345 , 65.9208, 43.4328, 1
3.34059, 191.402 , 65.9195, 43.1318, 1
3.34159, 191.459 , 65.9181, 42.8384, 1
3.34259, 191.516 , 65.9168, 42.5522, 1
3.34359, 191.574 , 65.9154, 42.2733, 1
3.34459, 191.631 , 65.914, 42.0015, 1
3.34559, 191.688 , 65.9126, 41.7366, 1
3.34659, 191.746 , 65.9112, 41.4785, 1
3.34759, 191.803 , 65.9098, 41.227, 1
3.34859, 191.86 , 65.9084, 40.9821, 1
3.34959, 191.918 , 65.907, 40.7436, 1
3.35059, 191.975 , 65.9056, 40.5115, 1
3.35159, 192.032 , 65.9042, 40.2855, 1
3.35259, 192.089 , 65.9027, 40.0656, 1
3.35359, 192.147 , 65.9013, 39.8518, 1
3.35459, 192.204 , 65.8998, 39.6438, 1
3.35559, 192.261 , 65.8984, 39.4416, 1
3.35659, 192.319 , 65.8969, 39.2452, 1
3.35759, 192.376 , 65.8954, 39.0543, 1
3.35859, 192.433 , 65.8939, 38.869, 1
3.35959, 192.49 , 65.8925, 38.6892, 1
3.36059, 192.548 , 65.891, 38.5147, 1
3.36159, 192.605 , 65.8895, 38.3455, 1
3.36259, 192.662 , 65.8879, 38.1816, 1
3.36359, 192.72 , 65.8864, 38.0228, 1
3.36459, 192.777 , 65.8849, 37.8691, 1
3.36559, 192.834 , 65.8834, 37.7204, 1
3.36659, 192.892 , 65.8818, 37.5767, 1
3.36759, 192.949 , 65.8803, 37.4379, 1
3.36859, 193.006 , 65.8787, 37.3039, 1
3.36959, 193.063 , 65.8772, 37.1748, 1
3.37059, 193.121 , 65.8756, 37.0503, 1
3.37159, 193.178 , 65.874, 36.9306, 1
3.37259, 193.235 , 65.8724, 36.8155, 1
3.37359, 193.293 , 65.8708, 36.7051, 1
3.37459, 193.35 , 65.8692, 36.5992, 1
3.37559, 193.407 , 65.8676, 36.4978, 1
3.37659, 193.465 , 65.866, 36.4009, 1
3.37759, 193.522 , 65.8644, 36.3084, 1
3.37859, 193.579 , 65.8627, 36.2204, 1
3.37959, 193.636 , 65.8611, 36.1367, 1
3.38059, 193.694 , 65.8595, 36.0574, 1
3.38159, 193.751 , 65.8578, 35.9824, 1
3.38259, 193.808 , 65.8561, 35.9117, 1
3.38359, 193.866 , 65.8545, 35.8453, 1
3.38459, 193.923 , 65.8528, 35.7832, 1
3.38559, 193.98 , 65.8511, 35.7253, 1
3.38659, 194.037 , 65.8494, 35.6716, 1
3.38759, 194.095 , 65.8477, 35.6221, 1
3.38859, 194.152 , 65.846, 35.5768, 1
3.38959, 194.209 , 65.8443, 35.5356, 1
3.39059, 194.267 , 65.8426, 35.4987, 1
3.39159, 194.324 , 65.8408, 35.4659, 1
3.39259, 194.381 , 65.8391, 35.4372, 1
3.39359, 194.439 , 65.8374, 35.4127, 1
3.39459, 194.496 , 65.8356, 35.3924, 1
3.39559, 194.553 , 65.8338, 35.3761, 1
3.39659, 194.61 , 65.8321, 35.3641, 1
3.39759, 194.668 , 65.8303, 35.3561, 1
3.39859, 194.725 , 65.8285, 35.3524, 1
3.39959, 194.782 , 65.8267, 35.3527, 1
3.40059, 194.84 , 65.8249, 35.3573, 1
3.40159, 194.897 , 65.8231, 35.366, 1
3.40259, 194.954 , 65.8213, 35.3789, 1
3.40359, 195.011 , 65.8195, 35.3961, 1
3.40459, 195.069 , 65.8176, 35.4174, 1
3.40559, 195.126 , 65.8158, 35.443, 1
3.40659, 195.183 , 65.814, 35.4728, 1
3.40759, 195.241 , 65.8121, 35.5069, 1
3.40859, 195.298 , 65.8102, 35.5454, 1
3.40959, 195.355 , 65.8084, 35.5881, 1
3.41059, 195.413 , 65.8065, 35.6352, 1
3.41159, 195.47 , 65.8046, 35.6867, 1
3.41259, 195.527 , 65.8027, 35.7427, 1
3.41359, 195.584 , 65.8008, 35.8031, 1
3.41459, 195.642 , 65.7989, 35.868, 1
3.41559, 195.699 , 65.797, 35.9374, 1
3.41659, 195.756 , 65.7951, 36.0114, 1
3.41759, 195.814 , 65.7931, 36.09, 1
3.41859, 195.871 , 65.7912, 36.1733, 1
3.41959, 195.928 , 65.7893, 36.2613, 1
3.42059, 195.986 , 65.7873, 36.354, 1
3.42159, 196.043 , 65.7853, 36.4516, 1
3.42259, 196.1 , 65.7834, 36.5541, 1
3.42359, 196.157 , 65.7814, 36.6615, 1
3.42459, 196.215 , 65.7794, 36.7739, 1
3.42559, 196.272 , 65.7774, 36.8914, 1
3.42659, 196.329 , 65.7754, 37.014, 1
3.42759, 196.387 , 65.7734, 37.1418, 1
3.42859, 196.444 , 65.7714, 37.2749, 1
3.42959, 196.501 , 65.7694, 37.4134, 1
3.43059, 196.558 , 65.7673, 37.5573, 1
3.43159, 196.616 , 65.7653, 37.7067, 1
3.43259, 196.673 , 65.7632, 37.8617, 1
3.43359, 196.73 , 65.7612, 38.0224, 1
3.43459, 196.788 , 65.7591, 38.1889, 1
3.43559, 196.845 , 65.757, 38.3614, 1
3.43659, 196.902 , 65.755, 38.5398, 1
3.43759, 196.96 , 65.7529, 38.7243, 1
3.43859, 197.017 , 65.7508, 38.915, 1
3.43959, 197.074 , 65.7487, 39.1121, 1
3.44059, 197.131 , 65.7465, 39.3156, 1
3.44159, 197.189 , 65.7444, 39.5258, 1
3.44259, 197.246 , 65.7423, 39.7426, 1
3.44359, 197.303 , 65.7402, 39.9662, 1
3.44459, 197.361 , 65.738, 40.1969, 1
3.44559, 197.418 , 65.7359, 40.4346, 1
3.44659, 197.475 , 65.7337, 40.6797, 1
3.44759, 197.533 , 65.7315, 40.9322, 1
3.44859, 197.59 , 65.7294, 41.1923, 1
3.44959, 197.647 , 65.7272, 41.4601, 1
3.45059, 197.704 , 65.725, 41.7359, 1
3.45159, 197.762 , 65.7228, 42.0199, 1
3.45259, 197.819 , 65.7206, 42.3121, 1
3.45359, 197.876 , 65.7183, 42.6129, 1
3.45459, 197.934 , 65.7161, 42.9224, 1
3.45559, 197.991 , 65.7139, 43.2408, 1
3.45659, 198.048 , 65.7116, 43.5684, 1
3.45759, 198.105 , 65.7094, 43.9054, 1
3.45859, 198.163 , 65.7071, 44.252, 1
3.45959, 198.22 , 65.7049, 44.6084, 1
3.46059, 198.277 , 65.7026, 44.9751, 1
3.46159, 198.335 , 65.7003, 45.3521, 1
3.46259, 198.392 , 65.698, 45.7398, 1
3.46359, 198.449 , 65.6957, 46.1384, 1
3.46459, 198.507 , 65.6934, 46.5484, 1
3.46559, 198.564 , 65.6911, 46.9699, 1
3.46659, 198.621 , 65.6888, 47.4033, 1
3.46759, 198.678 , 65.6864, 47.8491, 1
3.46859, 198.736 , 65.6841, 48.3074, 1
3.46959, 198.793 , 65.6817, 48.7787, 1
3.47059, 198.85 , 65.6794, 49.2634, 1
3.47159, 198.908 , 65.677, 49.7619, 1
3.47259, 198.965 , 65.6746, 50.2745, 1
3.47359, 199.022 , 65.6723, 50.8018, 1
3.47459, 199.079 , 65.6699, 51.3442, 1
3.47559, 199.137 , 65.6675, 51.9022, 1
3.47659, 199.194 , 65.6651, 52.4762, 1
3.47759, 199.251 , 65.6627, 53.0668, 1
3.47859, 199.309 , 65.6602, 53.6745, 1
3.47959, 199.366 , 65.6578, 54.2999, 1
3.48059, 199.423 , 65.6554, 54.9436, 1
3.48159, 199.481 , 65.6529, 55.6062, 1
3.48259, 199.538 , 65.6505, 56.2883, 1
3.48359, 199.595 , 65.648, 56.9907, 1
3.48459, 199.652 , 65.6455, 57.7139, 1
3.48559, 199.71 , 65.643, 58.4589, 1
3.48659, 199.767 , 65.6405, 59.2263, 1
3.48759, 199.824 , 65.638, 60.0169, 1
3.48859, 199.882 , 65.6355, 60.8317, 1
3.48959, 199.939 , 65.633, 61.6714, 1
3.49059, 199.996 , 65.6305, 62.5371, 1
3.49159, 200.054 , 65.628, 63.4297, 1
3.49259, 200.111 , 65.6254, 64.3503, 1
3.49359, 200.168 , 65.6229, 65.2999, 1
3.49459, 200.225 , 65.6203, 66.2797, 1
3.49559, 200.283 , 65.6177, 67.2908, 1
3.49659, 200.34 , 65.6152, 68.3346, 1
3.49759, 200.397 , 65.6126, 69.4124, 1
3.49859, 200.455 , 65.61, 70.5255, 1
3.49959, 200.512 , 65.6074, 71.6755, 1
3.50059, 200.569 , 65.6048, 72.8638, 1
3.50159, 200.626 , 65.6022, 74.0921, 1
3.50259, 200.684 , 65.5995, 75.3622, 1
3.50359, 200.741 , 65.5969, 76.6759, 1
3.50459, 200.798 , 65.5943, 78.035, 1
3.50559, 200.856 , 65.5916, 79.4417, 1
3.50659, 200.913 , 65.5889, 80.8981, 1
3.50759, 200.97 , 65.5863, 82.4064, 1
3.50859, 201.028 , 65.5836, 83.9692, 1
3.50959, 201.085 , 65.5809, 85.5888, 1
3.51059, 201.142 , 65.5782, 87.2682, 1
3.51159, 201.199 , 65.5755, 89.01, 1
3.51259, 201.257 , 65.5728, 90.8175, 1
3.51359, 201.314 , 65.5701, 92.6938, 1
3.51459, 201.371 , 65.5673, 94.6425, 1
3.51559, 201.429 , 65.5646, 96.6672, 1
3.51659, 201.486 , 65.5618, 98.7718, 1
3.51759, 201.543 , 65.5591, 100.961, 1
3.51859, 201.601 , 65.5563, 103.238, 1
3.51959, 201.658 , 65.5536, 105.609, 1
3.52059, 201.715 , 65.5508, 108.078, 1
3.52159, 201.772 , 65.548, 110.651, 1
3.52259, 201.83 , 65.5452, 113.334, 1
3.52359, 201.887 , 65.5424, 116.133, 1
3.52459, 201.944 , 65.5395, 119.055, 1
3.52559, 202.002 , 65.5367, 122.107, 1
3.52659, 202.059 , 65.5339, 125.297, 1
3.52759, 202.116 , 65.531, 128.633, 1
3.52859, 202.173 , 65.5282, 132.124, 1
3.52959, 202.231 , 65.5253, 135.78, 1
3.53059, 202.288 , 65.5225, 139.612, 1
3.53159, 202.345 , 65.5196, 143.631, 1
3.53259, 202.403 , 65.5167, 147.849, 1
3.53359, 202.46 , 65.5138, 152.28, 1
3.53459, 202.517 , 65.5052, 155.859, 1
3.53559, 202.575 , 65.496, 160.769, 1
3.53659, 202.632 , 65.4869, 165.94, 1
3.53759, 202.689 , 65.4777, 171.39, 1
3.53859, 202.746 , 65.4684, 177.14, 1
3.53959, 202.804 , 65.4592, 183.212, 1
3.54059, 202.861 , 65.4499, 189.631, 1
3.54159, 202.918 , 65.4406, 196.424, 1
3.54259, 202.976 , 65.4312, 203.621, 1
3.54359, 203.033 , 65.4219, 211.256, 1
3.54459, 203.09 , 65.4125, 219.364, 1
3.54559, 203.147 , 65.403, 227.986, 1
3.54659, 203.205 , 65.3936, 237.167, 1
3.54759, 203.262 , 65.3841, 246.957, 1
3.54859, 203.319 , 65.3746, 257.411, 1
3.54959, 203.377 , 65.365, 268.592, 1
3.55059, 203.434 , 65.3555, 280.569, 1
3.55159, 203.491 , 65.3459, 293.42, 1
3.55259, 203.549 , 65.3362, 307.235, 1
3.55359, 203.606 , 65.3266, 322.114, 1
3.55459, 203.663 , 65.3169, 338.169, 1
3.55559, 203.72 , 65.3072, 355.53, 1
3.55659, 203.778 , 65.2974, 374.346, 1
3.55759, 203.835 , 65.2876, 394.786, 1
3.55859, 203.892 , 65.2778, 417.045, 1
3.55959, 203.95 , 65.268, 441.351, 1
3.56059, 204.007 , 65.2581, 467.966, 1
3.56159, 204.064 , 65.2482, 497.199, 1
3.56259, 204.122 , 65.2383, 529.411, 1
3.56359, 204.179 , 65.2283, 565.03, 1
3.56459, 204.236 , 65.2184, 604.565, 1
3.56559, 204.293 , 65.2083, 648.626, 1
3.56659, 204.351 , 65.1983, 697.946, 1
3.56759, 204.408 , 65.1882, 753.42, 1
3.56859, 204.465 , 65.1781, 816.142, 1
3.56959, 204.523 , 65.168, 887.467, 1
3.57059, 204.58 , 65.1578, 969.09, 1
3.57159, 204.637 , 65.1476, 1063.15, 1
3.57259, 204.694 , 65.1374, 1172.4, 1
3.57359, 204.752 , 65.1272, 1300.39, 1
3.57459, 204.809 , 65.1169, 1451.81, 1
3.57559, 204.866 , 65.1066, 1632.96, 1
3.57659, 204.924 , 65.0962, 1852.46, 1
3.57759, 204.981 , 65.0859, 2122.34, 1
3.57859, 205.038 , 65.0755, 2459.92, 1
3.57959, 205.096 , 65.065, 2890.78, 1
3.58059, 205.153 , 65.0546, 3454.16, 1
3.58159, 205.21 , 65.0441, 4212.81, 1
3.58259, 205.267 , 65.0335, 5272.36, 1
3.58359, 205.325 , 65.023, 6822.41, 1
3.58459, 205.382 , 65.0124, 9232.23, 1
3.58559, 205.439 , 65.0018, 13303.6, 1
3.58659, 205.497 , 64.9911, 21063, 1
3.58759, 205.554 , 64.9805, 38965, 1
3.58859, 205.611 , 64.9698, 97834.9, 1
3.58959, 205.669 , 64.959, 600894, 1
3.59059, 205.726 , 64.9482, 2.46702e+06, 1
3.59159, 205.783 , 64.9374, 154648, 1
3.59259, 205.84 , 64.9266, 52761.9, 1
3.59359, 205.898 , 64.9158, 28287.4, 1
3.59459, 205.955 , 64.9049, 19560.4, 1
3.59559, 206.012 , 64.8939, 16496.1, 1
3.59659, 206.07 , 64.883, 16720.5, 1
3.59759, 206.127 , 64.872, 20412.7, 1
3.59859, 206.184 , 64.861, 30641.7, 1
3.59959, 206.241 , 64.8499, 60709, 1
3.60059, 206.299 , 64.8388, 205659, 1
3.60159, 206.356 , 64.8277, 1.35286e+07, 1
3.60259, 206.413 , 64.8166, 358835, 1
3.60359, 206.471 , 64.8054, 77968.1, 1
3.60459, 206.528 , 64.7942, 33698, 1
3.60559, 206.585 , 64.7829, 18956.9, 1
3.60659, 206.643 , 64.7717, 12267.7, 1
3.60759, 206.7 , 64.7604, 8657.24, 1
3.60859, 206.757 , 64.749, 6478.28, 1
3.60959, 206.814 , 64.7377, 5056.48, 1
3.61059, 206.872 , 64.7263, 4073.73, 1
3.61159, 206.929 , 64.7148, 3363.76, 1
3.61259, 206.986 , 64.7034, 2832.63, 1
3.61359, 207.044 , 64.6919, 2423.9, 1
3.61459, 207.101 , 64.6803, 2101.95, 1
3.61559, 207.158 , 64.6688, 1843.36, 1
3.61659, 207.215 , 64.6572, 1632.2, 1
3.61759, 207.273 , 64.6456, 1457.29, 1
3.61859, 207.33 , 64.6339, 1310.62, 1
3.61959, 207.387 , 64.6222, 1186.29, 1
3.62059, 207.445 , 64.6105, 1079.9, 1
3.62159, 207.502 , 64.5987, 988.072, 1
3.62259, 207.559 , 64.5869, 908.223, 1
3.62359, 207.617 , 64.5751, 838.316, 1
3.62459, 207.674 , 64.5633, 776.736, 1
3.62559, 207.731 , 64.5514, 722.189, 1
3.62659, 207.788 , 64.5395, 673.627, 1
3.62759, 207.846 , 64.5275, 630.192, 1
3.62859, 207.903 , 64.5155, 591.177, 1
3.62959, 207.96 , 64.5035, 555.994, 1
3.63059, 208.018 , 64.4914, 524.154, 1
3.63159, 208.075 , 64.4794, 495.24, 1
3.63259, 208.132 , 64.4672, 468.904, 1
3.63359, 208.19 , 64.4551, 444.845, 1
3.63459, 208.247 , 64.4429, 422.807, 1
3.63559, 208.304 , 64.4307, 402.57, 1
3.63659, 208.361 , 64.4184, 383.943, 1
3.63759, 208.419 , 64.4061, 366.76, 1
3.63859, 208.476 , 64.3938, 350.876, 1
3.63959, 208.533 , 64.3815, 336.166, 1
3.64059, 208.591 , 64.3691, 322.516, 1
3.64159, 208.648 , 64.3566, 309.83, 1
3.64259, 208.705 , 64.3442, 298.021, 1
3.64359, 208.762 , 64.3317, 287.01, 1
3.64459, 208.82 , 64.3192, 276.73, 1
3.64559, 208.877 , 64.3066, 267.12, 1
3.64659, 208.934 , 64.294, 258.123, 1
3.64759, 208.992 , 64.2814, 249.692, 1
3.64859, 209.049 , 64.2687, 241.782, 1
3.64959, 209.106 , 64.256, 234.354, 1
3.65059, 209.164 , 64.2433, 227.37, 1
3.65159, 209.221 , 64.2305, 220.799, 1
3.65259, 209.278 , 64.2177, 214.611, 1
3.65359, 209.335 , 64.2049, 208.779, 1
3.65459, 209.393 , 64.192, 203.279, 1
3.65559, 209.45 , 64.1791, 198.088, 1
3.65659, 209.507 , 64.1662, 193.186, 1
3.65759, 209.565 , 64.1532, 188.555, 1
3.65859, 209.622 , 64.1402, 184.177, 1
3.65959, 209.679 , 64.1272, 180.037, 1
3.66059, 209.737 , 64.1141, 176.121, 1
3.66159, 209.794 , 64.101, 172.415, 1
3.66259, 209.851 , 64.0878, 168.906, 1
3.66359, 209.908 , 64.0746, 165.585, 1
3.66459, 209.966 , 64.0614, 162.44, 1
3.66559, 210.023 , 64.0481, 159.463, 1
3.66659, 210.08 , 64.0348, 156.643, 1
3.66759, 210.138 , 64.0215, 153.974, 1
3.66859, 210.195 , 64.0081, 151.447, 1
3.66959, 210.252 , 63.9947, 149.056, 1
3.67059, 210.309 , 63.9813, 146.793, 1
3.67159, 210.367 , 63.9678, 144.654, 1
3.67259, 210.424 , 63.9543, 142.632, 1
3.67359, 210.481 , 63.9408, 140.722, 1
3.67459, 210.539 , 63.9272, 138.92, 1
3.67559, 210.596 , 63.9136, 137.221, 1
3.67659, 210.653 , 63.8999, 135.621, 1
3.67759, 210.711 , 63.8862, 134.116, 1
3.67859, 210.768 , 63.8725, 132.702, 1
3.67959, 210.825 , 63.8587, 131.376, 1
3.68059, 210.882 , 63.8449, 130.136, 1
3.68159, 210.94 , 63.8311, 128.977, 1
3.68259, 210.997 , 63.8172, 127.899, 1
3.68359, 211.054 , 63.8033, 126.897, 1
3.68459, 211.112 , 63.7894, 125.97, 1
3.68559, 211.169 , 63.7754, 125.116, 1
3.68659, 211.226 , 63.7614, 124.333, 1
3.68759, 211.283 , 63.7473, 123.62, 1
3.68859, 211.341 , 63.7332, 122.973, 1
3.68959, 211.398 , 63.7191, 122.394, 1
3.69059, 211.455 , 63.7049, 121.878, 1
3.69159, 211.513 , 63.6907, 121.427, 1
3.69259, 211.57 , 63.6765, 121.038, 1
3.69359, 211.627 , 63.6622, 120.711, 1
3.69459, 211.685 , 63.6478, 120.444, 1
3.69559, 211.742 , 63.6335, 120.238, 1
3.69659, 211.799 , 63.6191, 120.091, 1
3.69759, 211.856 , 63.6047, 120.004, 1
3.69859, 211.914 , 63.5902, 119.974, 1
3.69959, 211.971 , 63.5757, 120.004, 1
3.70059, 212.028 , 63.5611, 120.091, 1
3.70159, 212.086 , 63.5465, 120.237, 1
3.70259, 212.143 , 63.5319, 120.441, 1
3.70359, 212.2 , 63.5172, 120.703, 1
3.70459, 212.258 , 63.5025, 121.024, 1
3.70559, 212.315 , 63.4878, 121.403, 1
3.70659, 212.372 , 63.473, 121.842, 1
3.70759, 212.429 , 63.4582, 122.341, 1
3.70859, 212.487 , 63.4433, 122.9, 1
3.70959, 212.544 , 63.4284, 123.52, 1
3.71059, 212.601 , 63.4135, 124.202, 1
3.71159, 212.659 , 63.3985, 124.947, 1
3.71259, 212.716 , 63.3835, 125.756, 1
3.71359, 212.773 , 63.3685, 126.63, 1
3.71459, 212.83 , 63.3534, 127.571, 1
3.71559, 212.888 , 63.3382, 128.579, 1
3.71659, 212.945 , 63.3231, 129.657, 1
3.71759, 213.002 , 63.3078, 130.806, 1
3.71859, 213.06 , 63.2926, 132.029, 1
3.71959, 213.117 , 63.2773, 133.326, 1
3.72059, 213.174 , 63.262, 134.7, 1
3.72159, 213.232 , 63.2466, 136.154, 1
3.72259, 213.289 , 63.2312, 137.689, 1
3.72359, 213.346 , 63.2157, 139.309, 1
3.72459, 213.403 , 63.2002, 141.016, 1
3.72559, 213.461 , 63.1847, 142.814, 1
3.72659, 213.518 , 63.1691, 144.706, 1
3.72759, 213.575 , 63.1535, 146.694, 1
3.72859, 213.633 , 63.1379, 148.783, 1
3.72959, 213.69 , 63.1222, 150.978, 1
3.73059, 213.747 , 63.1064, 153.281, 1
3.73159, 213.805 , 63.0907, 155.698, 1
3.73259, 213.862 , 63.0748, 158.234, 1
3.73359, 213.919 , 63.059, 160.893, 1
3.73459, 213.976 , 63.0431, 163.682, 1
3.73559, 214.034 , 63.0271, 166.606, 1
3.73659, 214.091 , 63.0112, 169.672, 1
3.73759, 214.148 , 62.9951, 172.886, 1
3.73859, 214.206 , 62.9791, 176.257, 1
3.73959, 214.263 , 62.963, 179.791, 1
3.74059, 214.32 , 62.9468, 183.497, 1
3.74159, 214.377 , 62.9306, 187.385, 1
3.74259, 214.435 , 62.9144, 191.464, 1
3.74359, 214.492 , 62.8981, 195.744, 1
3.74459, 214.549 , 62.8818, 200.238, 1
3.74559, 214.607 , 62.8654, 204.956, 1
3.74659, 214.664 , 62.849, 209.912, 1
3.74759, 214.721 , 62.8326, 215.12, 1
3.74859, 214.779 , 62.8161, 220.596, 1
3.74959, 214.836 , 62.7996, 226.355, 1
3.75059, 214.893 , 62.783, 232.417, 1
3.75159, 214.95 , 62.7664, 238.799, 1
3.75259, 215.008 , 62.7497, 245.524, 1
3.75359, 215.065 , 62.733, 252.613, 1
3.75459, 215.122 , 62.7163, 260.092, 1
3.75559, 215.18 , 62.6995, 267.987, 1
3.75659, 215.237 , 62.6827, 276.329, 1
3.75759, 215.294 , 62.6658, 285.149, 1
3.75859, 215.351 , 62.6489, 294.483, 1
3.75959, 215.409 , 62.6319, 304.368, 1
3.76059, 215.466 , 62.6149, 314.849, 1
3.76159, 215.523 , 62.5979, 325.97, 1
3.76259, 215.581 , 62.5808, 337.784, 1
3.76359, 215.638 , 62.5637, 350.347, 1
3.76459, 215.695 , 62.5465, 363.722, 1
3.76559, 215.753 , 62.5293, 377.979, 1
3.76659, 215.81 , 62.512, 393.195, 1
3.76759, 215.867 , 62.4947, 409.456, 1
3.76859, 215.924 , 62.4773, 426.857, 1
3.76959, 215.982 , 62.4599, 445.508, 1
3.77059, 216.039 , 62.4425, 465.527, 1
3.77159, 216.096 , 62.425, 487.052, 1
3.77259, 216.154 , 62.4075, 510.235, 1
3.77359, 216.211 , 62.3899, 535.25, 1
3.77459, 216.268 , 62.3723, 562.294, 1
3.77559, 216.326 , 62.3546, 591.591, 1
3.77659, 216.383 , 62.3369, 623.4, 1
3.77759, 216.44 , 62.3191, 658.015, 1
3.77859, 216.497 , 62.3013, 695.777, 1
3.77959, 216.555 , 62.2835, 737.08, 1
3.78059, 216.612 , 62.2656, 782.384, 1
3.78159, 216.669 , 62.2476, 832.225, 1
3.78259, 216.727 , 62.2296, 887.236, 1
3.78359, 216.784 , 62.2116, 948.163, 1
3.78459, 216.841 , 62.1935, 1015.9, 1
3.78559, 216.898 , 62.1754, 1091.5, 1
3.78659, 216.956 , 62.1572, 1176.26, 1
3.78759, 217.013 , 62.139, 1271.74, 1
3.78859, 217.07 , 62.1207, 1379.85, 1
3.78959, 217.128 , 62.1024, 1502.98, 1
3.79059, 217.185 , 62.084, 1644.08, 1
3.79159, 217.242 , 62.0656, 1806.91, 1
3.79259, 217.3 , 62.0472, 1996.29, 1
3.79359, 217.357 , 62.0287, 2218.46, 1
3.79459, 217.414 , 62.0101, 2481.64, 1
3.79559, 217.471 , 61.9915, 2796.88, 1
3.79659, 217.529 , 61.9729, 3179.31, 1
3.79759, 217.586 , 61.9542, 3650.08, 1
3.79859, 217.643 , 61.9355, 4239.59, 1
3.79959, 217.701 , 61.9167, 4992.88, 1
3.80059, 217.758 , 61.8978, 5979.04, 1
3.80159, 217.815 , 61.879, 7308.8, 1
3.80259, 217.873 , 61.86, 9169.09, 1
3.80359, 217.93 , 61.841, 11896.8, 1
3.80459, 217.987 , 61.822, 16151.9, 1
3.80559, 218.044 , 61.8029, 23380.5, 1
3.80659, 218.102 , 61.7838, 37289.8, 1
3.80759, 218.159 , 61.7646, 69972.3, 1
3.80859, 218.216 , 61.7454, 182034, 1
3.80959, 218.274 , 61.7261, 1.31296e+06, 1
3.81059, 218.331 , 61.7068, 2.6375e+06, 1
3.81159, 218.388 , 61.6875, 231804, 1
3.81259, 218.445 , 61.668, 85637.7, 1
3.81359, 218.503 , 61.6486, 49967, 1
3.81459, 218.56 , 61.629, 39459.2, 1
3.81559, 218.617 , 61.6095, 41068.7, 1
3.81659, 218.675 , 61.5899, 57239.1, 1
3.81759, 218.732 , 61.5702, 115259, 1
3.81859, 218.789 , 61.5505, 472996, 1
3.81959, 218.847 , 61.5307, 6.10718e+07, 1
3.82059, 218.904 , 61.5109, 342654, 1
3.82159, 218.961 , 61.491, 94839.3, 1
3.82259, 219.018 , 61.4711, 44651.8, 1
3.82359, 219.076 , 61.4511, 26316.1, 1
3.82459, 219.133 , 61.4311, 17551.1, 1
3.82559, 219.19 , 61.411, 12651.8, 1
3.82659, 219.248 , 61.3909, 9617.46, 1
3.82759, 219.305 , 61.3707, 7596.89, 1
3.82859, 219.362 , 61.3505, 6177.09, 1
3.82959, 219.419 , 61.3302, 5137.26, 1
3.83059, 219.477 , 61.3099, 4350.34, 1
3.83159, 219.534 , 61.2895, 3738.8, 1
3.83259, 219.591 , 61.2691, 3253.01, 1
3.83359, 219.649 , 61.2486, 2859.94, 1
3.83459, 219.706 , 61.228, 2536.9, 1
3.83559, 219.763 , 61.2074, 2267.82, 1
3.83659, 219.821 , 61.1868, 2041.04, 1
3.83759, 219.878 , 61.1661, 1847.96, 1
3.83859, 219.935 , 61.1454, 1682.06, 1
3.83959, 219.992 , 61.1246, 1538.37, 1
3.84059, 220.05 , 61.1037, 1413.01, 1
3.84159, 220.107 , 61.0828, 1302.93, 1
3.84259, 220.164 , 61.0618, 1205.7, 1
3.84359, 220.222 , 61.0408, 1119.35, 1
3.84459, 220.279 , 61.0197, 1042.29, 1
3.84559, 220.336 , 60.9986, 973.209, 1
3.84659, 220.394 , 60.9774, 911.023, 1
3.84759, 220.451 , 60.9562, 854.829, 1
3.84859, 220.508 , 60.9349, 803.868, 1
3.84959, 220.565 , 60.9136, 757.499, 1
3.85059, 220.623 , 60.8922, 715.179, 1
3.85159, 220.68 , 60.8708, 676.443, 1
3.85259, 220.737 , 60.8492, 640.89, 1
3.85359, 220.795 , 60.8277, 608.176, 1
3.85459, 220.852 , 60.8061, 578.003, 1
3.85559, 220.909 , 60.7844, 550.11, 1
3.85659, 220.966 , 60.7627, 524.27, 1
3.85759, 221.024 , 60.7409, 500.283, 1
3.85859, 221.081 , 60.7191, 477.975, 1
3.85959, 221.138 , 60.6972, 457.19, 1
3.86059, 221.196 , 60.6752, 437.791, 1
3.86159, 221.253 , 60.6532, 419.655, 1
3.86259, 221.31 , 60.6312, 402.674, 1
3.86359, 221.368 , 60.6091, 386.751, 1
3.86459, 221.425 , 60.5869, 371.798, 1
3.86559, 221.482 , 60.5647, 357.737, 1
3.86659, 221.539 , 60.5424, 344.499, 1
3.86759, 221.597 , 60.52, 332.018, 1
3.86859, 221.654 , 60.4977, 320.238, 1
3.86959, 221.711 , 60.4752, 309.106, 1
3.87059, 221.769 , 60.4527, 298.576, 1
3.87159, 221.826 , 60.4301, 288.604, 1
3.87259, 221.883 , 60.4075, 279.15, 1
3.87359, 221.941 , 60.3848, 270.18, 1
3.87459, 221.998 , 60.3621, 261.66, 1
3.87559, 222.055 , 60.3393, 253.561, 1
3.87659, 222.112 , 60.3164, 245.854, 1
3.87759, 222.17 , 60.2935, 238.515, 1
3.87859, 222.227 , 60.2705, 231.519, 1
3.87959, 222.284 , 60.2475, 224.847, 1
3.88059, 222.342 , 60.2244, 218.477, 1
3.88159, 222.399 , 60.2012, 212.393, 1
3.88259, 222.456 , 60.178, 206.575, 1
3.88359, 222.513 , 60.1547, 201.01, 1
3.88459, 222.571 , 60.1314, 195.683, 1
3.88559, 222.628 , 60.108, 190.579, 1
3.88659, 222.685 , 60.0846, 185.687, 1
3.88759, 222.743 , 60.0611, 180.994, 1
3.88859, 222.8 , 60.0375, 176.491, 1
3.88959, 222.857 , 60.0139, 172.166, 1
3.89059, 222.915 , 59.9902, 168.011, 1
3.89159, 222.972 , 59.9664, 164.016, 1
3.89259, 223.029 , 59.9426, 160.173, 1
3.89359, 223.086 , 59.9187, 156.475, 1
3.89459, 223.144 , 59.8948, 152.914, 1
3.89559, 223.201 , 59.8708, 149.484, 1
3.89659, 223.258 , 59.8467, 146.177, 1
3.89759, 223.316 , 59.8226, 142.988, 1
3.89859, 223.373 , 59.7984, 139.912, 1
3.89959, 223.43 , 59.7742, 136.943, 1
3.90059, 223.487 , 59.7499, 134.076, 1
3.90159, 223.545 , 59.7255, 131.307, 1
3.90259, 223.602 , 59.7011, 128.631, 1
3.90359, 223.659 , 59.6766, 126.043, 1
3.90459, 223.717 , 59.652, 123.54, 1
3.90559, 223.774 , 59.6274, 121.118, 1
3.90659, 223.831 , 59.6027, 118.774, 1
3.90759, 223.889 , 59.578, 116.505, 1
3.90859, 223.946 , 59.5532, 114.306, 1
3.90959, 224.003 , 59.5283, 112.176, 1
3.91059, 224.06 , 59.5033, 110.111, 1
3.91159, 224.118 , 59.4783, 108.108, 1
3.91259, 224.175 , 59.4533, 106.166, 1
3.91359, 224.232 , 59.4281, 104.281, 1
3.91459, 224.29 , 59.4029, 102.452, 1
3.91559, 224.347 , 59.3777, 100.676, 1
3.91659, 224.404 , 59.3524, 98.9505, 1
3.91759, 224.462 , 59.327, 97.2745, 1
3.91859, 224.519 , 59.3015, 95.6458, 1
3.91959, 224.576 , 59.276, 94.0626, 1
3.92059, 224.633 , 59.2504, 92.5232, 1
3.92159, 224.691 , 59.2247, 91.0259, 1
3.92259, 224.748 , 59.199, 89.5691, 1
3.92359, 224.805 , 59.1732, 88.1515, 1
3.92459, 224.863 , 59.1474, 86.7716, 1
3.92559, 224.92 , 59.1215, 85.428, 1
3.92659, 224.977 , 59.0955, 84.1195, 1
3.92759, 225.034 , 59.0694, 82.8448, 1
3.92859, 225.092 , 59.0433, 81.6027, 1
3.92959, 225.149 , 59.0171, 80.3922, 1
3.93059, 225.206 , 58.9908, 79.2121, 1
3.93159, 225.264 , 58.9645, 78.0615, 1
3.93259, 225.321 , 58.9381, 76.9393, 1
3.93359, 225.378 , 58.9117, 75.8445, 1
3.93459, 225.436 , 58.8851, 74.7764, 1
3.93559, 225.493 , 58.8585, 73.7339, 1
3.93659, 225.55 , 58.8319, 72.7163, 1
3.93759, 225.607 , 58.8051, 71.7228, 1
3.93859, 225.665 , 58.7783, 70.7526, 1
3.93959, 225.722 , 58.7515, 69.805, 1
3.94059, 225.779 , 58.7245, 68.8792, 1
3.94159, 225.837 , 58.6975, 67.9747, 1
3.94259, 225.894 , 58.6704, 67.0906, 1
3.94359, 225.951 , 58.6433, 66.2265, 1
3.94459, 226.009 , 58.616, 65.3816, 1
3.94559, 226.066 , 58.5887, 64.5555, 1
3.94659, 226.123 , 58.5614, 63.7475, 1
3.94759, 226.18 , 58.5339, 62.9571, 1
3.94859, 226.238 , 58.5064, 62.1838, 1
3.94959, 226.295 , 58.4788, 61.4271, 1
3.95059, 226.352 , 58.4512, 60.6866, 1
3.95159, 226.41 , 58.4235, 59.9617, 1
3.95259, 226.467 , 58.3957, 59.252, 1
3.95359, 226.524 , 58.3678, 58.5571, 1
3.95459, 226.581 , 58.3398, 57.8765, 1
3.95559, 226.639 , 58.3118, 57.2099, 1
3.95659, 226.696 , 58.2837, 56.5569, 1
3.95759, 226.753 , 58.2556, 55.9171, 1
3.95859, 226.811 , 58.2274, 55.2901, 1
3.95959, 226.868 , 58.199, 54.6756, 1
3.96059, 226.925 , 58.1707, 54.0733, 1
3.96159, 226.983 , 58.1422, 53.4828, 1
3.96259, 227.04 , 58.1137, 52.9038, 1
3.96359, 227.097 , 58.0851, 52.336, 1
3.96459, 227.154 , 58.0369, 61.0421, 1
3.96559, 227.212 , 57.9849, 60.413, 1
3.96659, 227.269 , 57.9328, 59.7954, 1
3.96759, 227.326 , 57.8806, 59.1891, 1
3.96859, 227.384 , 57.8284, 58.5936, 1
3.96959, 227.441 , 57.7762, 58.0088, 1
3.97059, 227.498 , 57.7238, 57.4344, 1
3.97159, 227.555 , 57.6715, 56.8702, 1
3.97259, 227.613 , 57.619, 56.3158, 1
3.97359, 227.67 , 57.5665, 55.7711, 1
3.97459, 227.727 , 57.5139, 55.2358, 1
3.97559, 227.785 , 57.4612, 54.7098, 1
3.97659, 227.842 , 57.4085, 54.1927, 1
3.97759, 227.899 , 57.3557, 53.6844, 1
3.97859, 227.957 , 57.3029, 53.1847, 1
3.97959, 228.014 , 57.25, 52.6934, 1
3.98059, 228.071 , 57.197, 52.2103, 1
3.98159, 228.128 , 57.1439, 51.7352, 1
3.98259, 228.186 , 57.0908, 51.2679, 1
3.98359, 228.243 , 57.0376, 50.8082, 1
3.98459, 228.3 , 56.9844, 50.356, 1
3.98559, 228.358 , 56.9311, 49.9112, 1
3.98659, 228.415 , 56.8777, 49.4735, 1
3.98759, 228.472 , 56.8242, 49.0428, 1
3.98859, 228.53 , 56.7707, 48.6189, 1
3.98959, 228.587 , 56.7171, 48.2017, 1
3.99059, 228.644 , 56.6634, 47.7911, 1
3.99159, 228.701 , 56.6097, 47.3869, 1
3.99259, 228.759 , 56.5559, 46.989, 1
3.99359, 228.816 , 56.502, 46.5972, 1
3.99459, 228.873 , 56.4481, 46.2114, 1
3.99559, 228.931 , 56.3941, 45.8315, 1
3.99659, 228.988 , 56.34, 45.4574, 1
3.99759, 229.045 , 56.2858, 45.0889, 1
3.99859, 229.102 , 56.2316, 44.7259, 1
3.99959, 229.16 , 56.1773, 44.3684, 1
4.00059, 229.217 , 56.1229, 44.0162, 1
4.00159, 229.274 , 56.0684, 43.6691, 1
4.00259, 229.332 , 56.0139, 43.3272, 1
4.00359, 229.389 , 55.9593, 42.9903, 1
4.00459, 229.446 , 55.9046, 42.6582, 1
4.00559, 229.504 , 55.8499, 42.331, 1
4.00659, 229.561 , 55.795, 42.0085, 1
4.00759, 229.618 , 55.7401, 41.6905, 1
4.00859, 229.675 , 55.6852, 41.3771, 1
4.00959, 229.733 , 55.6301, 41.0682, 1
4.01059, 229.79 , 55.575, 40.7636, 1
4.01159, 229.847 , 55.5198, 40.4632, 1
4.01259, 229.905 , 55.4645, 40.1671, 1
4.01359, 229.962 , 55.4091, 39.875, 1
4.01459, 230.019 , 55.3537, 39.587, 1
4.01559, 230.077 , 55.2981, 39.303, 1
4.01659, 230.134 , 55.2425, 39.0228, 1
4.01759, 230.191 , 55.1869, 38.7464, 1
4.01859, 230.248 , 55.1311, 38.4738, 1
4.01959, 230.306 , 55.0753, 38.2049, 1
4.02059, 230.363 , 55.0193, 37.9395, 1
4.02159, 230.42 , 54.9633, 37.6777, 1
4.02259, 230.478 , 54.9073, 37.4194, 1
4.02359, 230.535 , 54.8511, 37.1645, 1
4.02459, 230.592 , 54.7948, 36.9129, 1
4.02559, 230.649 , 54.7385, 36.6646, 1
4.02659, 230.707 , 54.6821, 36.4196, 1
4.02759, 230.764 , 54.6256, 36.1778, 1
4.02859, 230.821 , 54.569, 35.939, 1
4.02959, 230.879 , 54.5123, 35.7034, 1
4.03059, 230.936 , 54.4556, 35.4707, 1
4.03159, 230.993 , 54.3988, 35.241, 1
4.03259, 231.051 , 54.3418, 35.0143, 1
4.03359, 231.108 , 54.2848, 34.7904, 1
4.03459, 231.165 , 54.2277, 34.5693, 1
4.03559, 231.222 , 54.1706, 34.3509, 1
4.03659, 231.28 , 54.1133, 34.1353, 1
4.03759, 231.337 , 54.0559, 33.9224, 1
4.03859, 231.394 , 53.9985, 33.7121, 1
4.03959, 231.452 , 53.941, 33.5044, 1
4.04059, 231.509 , 53.8833, 33.2992, 1
4.04159, 231.566 , 53.8256, 33.0966, 1
4.04259, 231.623 , 53.7678, 32.8964, 1
4.04359, 231.681 , 53.7099, 32.6986, 1
4.04459, 231.738 , 53.6519, 32.5032, 1
4.04559, 231.795 , 53.5939, 32.3101, 1
4.04659, 231.853 , 53.5357, 32.1194, 1
4.04759, 231.91 , 53.4774, 31.9309, 1
4.04859, 231.967 , 53.4191, 31.7447, 1
4.04959, 232.025 , 53.3606, 31.5606, 1
4.05059, 232.082 , 53.3021, 31.3788, 1
4.05159, 232.139 , 53.2434, 31.199, 1
4.05259, 232.196 , 53.1847, 31.0213, 1
4.05359, 232.254 , 53.1259, 30.8458, 1
4.05459, 232.311 , 53.067, 30.6722, 1
4.05559, 232.368 , 53.0079, 30.5006, 1
4.05659, 232.426 , 52.9488, 30.3311, 1
4.05759, 232.483 , 52.8896, 30.1634, 1
4.05859, 232.54 , 52.8303, 29.9977, 1
4.05959, 232.598 , 52.7709, 29.8338, 1
4.06059, 232.655 , 52.7114, 29.6718, 1
4.06159, 232.712 , 52.6518, 29.5117, 1
4.06259, 232.769 , 52.592, 29.3533, 1
4.06359, 232.827 , 52.5322, 29.1967, 1
4.06459, 232.884 , 52.4723, 29.0418, 1
4.06559, 232.941 , 52.4123, 28.8887, 1
4.06659, 232.999 , 52.3522, 28.7373, 1
4.06759, 233.056 , 52.292, 28.5875, 1
4.06859, 233.113 , 52.2316, 28.4394, 1
4.06959, 233.17 , 52.1712, 28.2929, 1
4.07059, 233.228 , 52.1107, 28.148, 1
4.07159, 233.285 , 52.05, 28.0047, 1
4.07259, 233.342 , 51.9893, 27.8629, 1
4.07359, 233.4 , 51.9284, 27.7227, 1
4.07459, 233.457 , 51.8675, 27.5839, 1
4.07559, 233.514 , 51.8064, 27.4467, 1
4.07659, 233.572 , 51.7452, 27.3109, 1
4.07759, 233.629 , 51.6839, 27.1766, 1
4.07859, 233.686 , 51.6225, 27.0437, 1
4.07959, 233.743 , 51.561, 26.9122, 1
4.08059, 233.801 , 51.4994, 26.7821, 1
4.08159, 233.858 , 51.4377, 26.6534, 1
4.08259, 233.915 , 51.3758, 26.526, 1
4.08359, 233.973 , 51.3139, 26.3999, 1
4.08459, 234.03 , 51.2518, 26.2752, 1
4.08559, 234.087 , 51.1897, 26.1518, 1
4.08659, 234.145 , 51.1274, 26.0296, 1
4.08759, 234.202 , 51.0649, 25.9087, 1
4.08859, 234.259 , 51.0024, 25.789, 1
4.08959, 234.316 , 50.9398, 25.6706, 1
4.09059, 234.374 , 50.877, 25.5534, 1
4.09159, 234.431 , 50.8141, 25.4374, 1
4.09259, 234.488 , 50.7511, 25.3225, 1
4.09359, 234.546 , 50.688, 25.2088, 1
4.09459, 234.603 , 50.6248, 25.0963, 1
4.09559, 234.66 , 50.5614, 24.9849, 1
4.09659, 234.717 , 50.498, 24.8746, 1
4.09759, 234.775 , 50.4344, 24.7655, 1
4.09859, 234.832 , 50.3706, 24.6574, 1
4.09959, 234.889 , 50.3068, 24.5504, 1
4.10059, 234.947 , 50.2428, 24.4445, 1
4.10159, 235.004 , 50.1787, 24.3396, 1
4.10259, 235.061 , 50.1145, 24.2357, 1
4.10359, 235.119 , 50.0501, 24.1329, 1
4.10459, 235.176 , 49.9857, 24.0311, 1
4.10559, 235.233 , 49.9211, 23.9303, 1
4.10659, 235.29 , 49.8563, 23.8305, 1
4.10759, 235.348 , 49.7915, 23.7316, 1
4.10859, 235.405 , 49.7265, 23.6337, 1
4.10959, 235.462 , 49.6614, 23.5368, 1
4.11059, 235.52 , 49.5961, 23.4408, 1
4.11159, 235.577 , 49.5307, 23.3457, 1
4.11259, 235.634 , 49.4652, 23.2515, 1
4.11359, 235.691 , 49.3995, 23.1583, 1
4.11459, 235.749 , 49.3337, 23.0659, 1
4.11559, 235.806 , 49.2678, 22.9744, 1
4.11659, 235.863 , 49.2017, 22.8838, 1
4.11759, 235.921 , 49.1355, 22.7941, 1
4.11859, 235.978 , 49.0692, 22.7052, 1
4.11959, 236.035 , 49.0027, 22.6172, 1
4.12059, 236.093 , 48.9361, 22.53, 1
4.12159, 236.15 , 48.8693, 22.4436, 1
4.12259, 236.207 , 48.8024, 22.358, 1
4.12359, 236.264 , 48.7354, 22.2732, 1
4.12459, 236.322 , 48.6682, 22.1892, 1
4.12559, 236.379 , 48.6008, 22.106, 1
4.12659, 236.436 , 48.5334, 22.0236, 1
4.12759, 236.494 , 48.4657, 21.942, 1
4.12859, 236.551 , 48.3979, 21.8611, 1
4.12959, 236.608 , 48.33, 21.781, 1
4.13059, 236.666 , 48.2619, 21.7016, 1
4.13159, 236.723 , 48.1937, 21.6229, 1
4.13259, 236.78 , 48.1253, 21.545, 1
4.13359, 236.837 , 48.0568, 21.4677, 1
4.13459, 236.895 , 47.9881, 21.3912, 1
4.13559, 236.952 , 47.9193, 21.3154, 1
4.13659, 237.009 , 47.8503, 21.2403, 1
4.13759, 237.067 , 47.7811, 21.1659, 1
4.13859, 237.124 , 47.7118, 21.0921, 1
4.13959, 237.181 , 47.6424, 21.019, 1
4.14059, 237.238 , 47.5727, 20.9466, 1
4.14159, 237.296 , 47.4776, 20.8748, 1
4.14259, 237.353 , 47.311, 20.8037, 1
4.14359, 237.41 , 47.1444, 20.7333, 1
4.14459, 237.468 , 46.9778, 20.6634, 1
4.14559, 237.525 , 46.8113, 20.5942, 1
4.14659, 237.582 , 46.6447, 20.5256, 1
4.14759, 237.64 , 46.4782, 20.4577, 1
4.14859, 237.697 , 46.3117, 20.3903, 1
4.14959, 237.754 , 46.1452, 20.3236, 1
4.15059, 237.811 , 45.9788, 20.2574, 1
4.15159, 237.869 , 45.8123, 20.1918, 1
4.15259, 237.926 , 45.6459, 20.1268, 1
4.15359, 237.983 , 45.4794, 20.0624, 1
4.15459, 238.041 , 45.313, 19.9986, 1
4.15559, 238.098 , 45.1466, 19.9353, 1
4.15659, 238.155 , 44.9802, 19.8726, 1
4.15759, 238.213 , 44.8138, 19.8105, 1
4.15859, 238.27 , 44.6474, 19.7489, 1
4.15959, 238.327 , 44.4811, 19.6878, 1
4.16059, 238.384 , 44.3147, 19.6273, 1
4.16159, 238.442 , 44.1484, 19.5673, 1
4.16259, 238.499 , 43.982, 19.5079, 1
4.16359, 238.556 , 43.8157, 19.449, 1
4.16459, 238.614 , 43.6494, 19.3905, 1
4.16559, 238.671 , 43.483, 19.3326, 1
4.16659, 238.728 , 43.3167, 19.2752, 1
4.16759, 238.785 , 43.1504, 19.2183, 1
4.16859, 238.843 , 42.984, 19.162, 1
4.16959, 238.9 , 42.8177, 19.1061, 1
4.17059, 238.957 , 42.6514, 19.0506, 1
4.17159, 239.015 , 42.4851, 18.9957, 1
4.17259, 239.072 , 42.3188, 18.9413, 1
4.17359, 239.129 , 42.1524, 18.8873, 1
4.17459, 239.187 , 41.9861, 18.8338, 1
4.17559, 239.244 , 41.8198, 18.7807, 1
4.17659, 239.301 , 41.6534, 18.7282, 1
4.17759, 239.358 , 41.4871, 18.676, 1
4.17859, 239.416 , 41.3208, 18.6244, 1
4.17959, 239.473 , 41.1544, 18.5731, 1
4.18059, 239.53 , 40.988, 18.5224, 1
4.18159, 239.588 , 40.8217, 18.472, 1
4.18259, 239.645 , 40.6553, 18.4221, 1
4.18359, 239.702 , 40.4889, 18.3727, 1
4.18459, 239.759 , 40.3225, 18.3236, 1
4.18559, 239.817 , 40.1561, 18.275, 1
4.18659, 239.874 , 39.9897, 18.2268, 1
4.18759, 239.931 , 39.8232, 18.179, 1
4.18859, 239.989 , 39.6568, 18.1317, 1
4.18959, 240.046 , 39.4903, 18.0847, 1
4.19059, 240.103 , 39.3238, 18.0381, 1
4.19159, 240.161 , 39.1573, 17.992, 1
4.19259, 240.218 , 38.9575, 17.9462, 1
4.19359, 240.275 , 38.7561, 17.9009, 1
4.19459, 240.332 , 38.5548, 17.8559, 1
4.19559, 240.39 , 38.3538, 17.8114, 1
4.19659, 240.447 , 38.1529, 17.7672, 1
4.19759, 240.504 , 37.9523, 17.7234, 1
4.19859, 240.562 , 37.7518, 17.6799, 1
4.19959, 240.619 , 37.5516, 17.6369, 1
4.20059, 240.676 , 37.3515, 17.5942, 1
4.20159, 240.734 , 37.1517, 17.5519, 1
4.20259, 240.791 , 36.952, 17.5099, 1
4.20359, 240.848 , 36.7525, 17.4683, 1
4.20459, 240.905 , 36.5532, 17.4271, 1
4.20559, 240.963 , 36.354, 17.3863, 1
4.20659, 241.02 , 36.1551, 17.3457, 1
4.20759, 241.077 , 35.9563, 17.3056, 1
4.20859, 241.135 , 35.7577, 17.2658, 1
4.20959, 241.192 , 35.5592, 17.2263, 1
4.21059, 241.249 , 35.361, 17.1872, 1
4.21159, 241.306 , 35.1628, 17.1484, 1
4.21259, 241.364 , 34.9649, 17.1099, 1
4.21359, 241.421 , 34.7671, 17.0718, 1
4.21459, 241.478 , 34.5695, 17.0341, 1
4.21559, 241.536 , 34.372, 16.9966, 1
4.21659, 241.593 , 34.1746, 16.9595, 1
4.21759, 241.65 , 33.9774, 16.9227, 1
4.21859, 241.708 , 33.7804, 16.8862, 1
4.21959, 241.765 , 33.5835, 16.85, 1
4.22059, 241.822 , 33.3867, 16.8142, 1
4.22159, 241.879 , 33.1901, 16.7787, 1
4.22259, 241.937 , 32.9936, 16.7434, 1
4.22359, 241.994 , 32.7973, 16.7085, 1
4.22459, 242.051 , 32.601, 16.6739, 1
4.22559, 242.109 , 32.4049, 16.6396, 1
4.22659, 242.166 , 32.209, 16.6056, 1
4.22759, 242.223 , 32.0131, 16.572, 1
4.22859, 242.281 , 31.8174, 16.5386, 1
4.22959, 242.338 , 31.6218, 16.5055, 1
4.23059, 242.395 , 31.4263, 16.4727, 1
4.23159, 242.452 , 31.2309, 16.4401, 1
4.23259, 242.51 , 31.0357, 16.4079, 1
4.23359, 242.567 , 30.8405, 16.376, 1
4.23459, 242.624 , 30.6455, 16.3443, 1
4.23559, 242.682 , 30.4505, 16.313, 1
4.23659, 242.739 , 30.2557, 16.2819, 1
4.23759, 242.796 , 30.0609, 16.2511, 1
4.23859, 242.853 , 29.8663, 16.2206, 1
4.23959, 242.911 , 29.6718, 16.1903, 1
4.24059, 242.968 , 29.4773, 16.1603, 1
4.24159, 243.025 , 29.2829, 16.1306, 1
4.24259, 243.083 , 29.0887, 16.1012, 1
4.24359, 243.14 , 28.8945, 16.072, 1
4.24459, 243.197 , 28.7004, 16.0431, 1
4.24559, 243.255 , 28.5064, 16.0145, 1
4.24659, 243.312 , 28.3124, 15.9861, 1
4.24759, 243.369 , 28.1186, 15.958, 1
4.24859, 243.426 , 27.9248, 15.9301, 1
4.24959, 243.484 , 27.7311, 15.9026, 1
4.25059, 243.541 , 27.5374, 15.8752, 1
4.25159, 243.598 , 27.3438, 15.8529, 1
4.25259, 243.656 , 27.1503, 15.8413, 1
4.25359, 243.713 , 26.9569, 15.83, 1
4.25459, 243.77 , 26.7635, 15.8189, 1
4.25559, 243.827 , 26.5702, 15.808, 1
4.25659, 243.885 , 26.3769, 15.7975, 1
4.25759, 243.942 , 26.1837, 15.7871, 1
4.25859, 243.999 , 25.9906, 15.777, 1
4.25959, 244.057 , 25.7975, 15.7672, 1
4.26059, 244.114 , 25.6044, 15.7575, 1
4.26159, 244.171 , 25.4114, 15.7482, 1
4.26259, 244.229 , 25.2185, 15.7391, 1
4.26359, 244.286 , 25.0255, 15.7302, 1
4.26459, 244.343 , 24.8327, 15.7216, 1
4.26559, 244.4 , 24.6398, 15.7132, 1
4.26659, 244.458 , 24.447, 15.705, 1
4.26759, 244.515 , 24.2543, 15.6971, 1
4.26859, 244.572 , 24.0615, 15.6894, 1
4.26959, 244.63 , 23.8688, 15.682, 1
4.27059, 244.687 , 23.6761, 15.6748, 1
4.27159, 244.744 , 23.4835, 15.6679, 1
4.27259, 244.802 , 23.2909, 15.6611, 1
4.27359, 244.859 , 23.0983, 15.6547, 1
4.27459, 244.916 , 22.9057, 15.6484, 1
4.27559, 244.973 , 22.7131, 15.6424, 1
4.27659, 245.031 , 22.5205, 15.6366, 1
4.27759, 245.088 , 22.328, 15.6311, 1
4.27859, 245.145 , 22.1355, 15.6258, 1
4.27959, 245.203 , 21.9429, 15.6207, 1
4.28059, 245.26 , 21.7504, 15.6159, 1
4.28159, 245.317 , 21.5579, 15.6112, 1
4.28259, 245.374 , 21.3654, 15.6069, 1
4.28359, 245.432 , 21.1729, 15.6027, 1
4.28459, 245.489 , 20.9804, 15.5988, 1
4.28559, 245.546 , 20.7878, 15.5951, 1
4.28659, 245.604 , 20.5953, 15.5916, 1
4.28759, 245.661 , 20.4028, 15.5884, 1
4.28859, 245.718 , 20.2102, 15.5854, 1
4.28959, 245.776 , 20.0177, 15.5826, 1
4.29059, 245.833 , 19.8251, 15.5801, 1
4.29159, 245.89 , 19.6325, 15.5777, 1
4.29259, 245.947 , 19.4399, 15.5757, 1
4.29359, 246.005 , 19.2473, 15.5738, 1
4.29459, 246.062 , 19.0546, 15.5721, 1
4.29559, 246.119 , 18.862, 15.5707, 1
4.29659, 246.177 , 18.6693, 15.5695, 1
4.29759, 246.234 , 18.4765, 15.5686, 1
4.29859, 246.291 , 18.2838, 15.5678, 1
4.29959, 246.349 , 18.091, 15.5673, 1
4.30059, 246.406 , 17.8981, 15.567, 1
4.30159, 246.463 , 17.7052, 15.567, 1
4.30259, 246.52 , 17.5123, 15.5671, 1
4.30359, 246.578 , 17.3194, 15.5675, 1
4.30459, 246.635 , 17.1264, 15.5681, 1
4.30559, 246.692 , 16.9333, 15.5689, 1
4.30659, 246.75 , 16.7402, 15.57, 1
4.30759, 246.807 , 16.547, 15.5713, 1
4.30859, 246.864 , 16.3538, 15.5728, 1
4.30959, 246.921 , 16.1606, 15.5745, 1
4.31059, 246.979 , 15.9673, 15.5765, 1
4.31159, 247.036 , 15.7739, 15.5786, 1
4.31259, 247.093 , 15.5804, 15.581, 1
4.31359, 247.151 , 13.4048, 15.5836, 1
4.31459, 247.208 , 13.237, 15.5865, 1
4.31559, 247.265 , 13.069, 15.5895, 1
4.31659, 247.323 , 12.9011, 15.5928, 1
4.31759, 247.38 , 12.733, 15.5963, 1
4.31859, 247.437 , 12.5649, 15.6001, 1
4.31959, 247.494 , 12.3967, 15.604, 1
4.32059, 247.552 , 12.2285, 15.6082, 1
4.32159, 247.609 , 12.0602, 15.6126, 1
4.32259, 247.666 , 11.8918, 15.6173, 1
4.32359, 247.724 , 9.73245, 15.6221, 1
4.32459, 247.781 , 9.59492, 15.6272, 1
4.32559, 247.838 , 9.45729, 15.6325, 1
4.32659, 247.895 , 9.31955, 15.638, 1
4.32759, 247.953 , 9.1817, 15.6437, 1
4.32859, 248.01 , 9.04374, 15.6497, 1
4.32959, 248.067 , 8.90567, 15.6559, 1
4.33059, 248.125 , 8.76749, 15.6623, 1
4.33159, 248.182 , 8.6292, 15.669, 1
4.33259, 248.239 , 8.49079, 15.6759, 1
4.33359, 248.297 , 8.35226, 15.683, 1
4.33459, 248.354 , 8.21362, 15.6903, 1
4.33559, 248.411 , 8.07486, 15.6978, 1
4.33659, 248.468 , 7.93598, 15.7056, 1
4.33759, 248.526 , 7.79698, 15.7136, 1
4.33859, 248.583 , 7.65786, 15.7218, 1
4.33959, 248.64 , 7.51861, 15.7303, 1
4.34059, 248.698 , 7.37923, 15.739, 1
4.34159, 248.755 , 7.23973, 15.7479, 1
4.34259, 248.812 , 7.1001, 15.757, 1
4.34359, 248.87 , 6.96034, 15.7664, 1
4.34459, 248.927 , 6.82045, 15.776, 1
4.34559, 248.984 , 6.68043, 15.7858, 1
4.34659, 249.041 , 6.54027, 15.7959, 1
4.34759, 249.099 , 6.39997, 15.8061, 1
4.34859, 249.156 , 6.25954, 15.8167, 1
4.34959, 249.213 , 6.11897, 15.8274, 1
4.35059, 249.271 , 5.97825, 15.8384, 1
4.35159, 249.328 , 5.8374, 15.8496, 1
4.35259, 249.385 , 5.6964, 15.861, 1
4.35359, 249.442 , 5.55525, 15.8727, 1
4.35459, 249.5 , 5.41396, 15.8846, 1
4.35559, 249.557 , 5.27252, 15.8968, 1
4.35659, 249.614 , 5.13093, 15.9092, 1
4.35759, 249.672 , 4.98919, 15.9218, 1
4.35859, 249.729 , 4.8473, 15.9346, 1
4.35959, 249.786 , 4.70525, 15.9477, 1
4.36059, 249.844 , 4.56304, 15.961, 1
4.36159, 249.901 , 4.42067, 15.9746, 1
4.36259, 249.958 , 4.27815, 15.9884, 1
4.36359, 250.015 , 4.13546, 16.0025, 1
4.36459, 250.073 , 3.99261, 16.0167, 1
4.36559, 250.13 , 3.8496, 16.0313, 1
4.36659, 250.187 , 3.70641, 16.046, 1
4.36759, 250.245 , 3.56306, 16.061, 1
4.36859, 250.302 , 3.41954, 16.0763, 1
4.36959, 250.359 , 3.27585, 16.0918, 1
4.37059, 250.417 , 3.13198, 16.1075, 1
4.37159, 250.474 , 2.98794, 16.1235, 1
4.37259, 250.531 , 2.84372, 16.1397, 1
4.37359, 250.588 , 2.69932, 16.1562, 1
4.37459, 250.646 , 2.55474, 16.1729, 1
4.37559, 250.703 , 2.40998, 16.1899, 1
4.37659, 250.76 , 2.26503, 16.2071, 1
4.37759, 250.818 , 2.1199, 16.2246, 1
4.37859, 250.875 , 0, 16.2423, 16.2423
4.37959, 250.932 , 0, 16.2603, 16.2603
4.38059, 250.989 , 0, 16.2785, 16.2785
4.38159, 251.047 , 0, 16.297, 16.297
4.38259, 251.104 , 0, 16.3157, 16.3157
4.38359, 251.161 , 0, 16.3347, 16.3347
4.38459, 251.219 , 0, 16.354, 16.354
4.38559, 251.276 , 0, 16.3735, 16.3735
4.38659, 251.333 , 0, 16.3933, 16.3933
4.38759, 251.391 , 0, 16.4133, 16.4133
4.38859, 251.448 , 0, 16.4336, 16.4336
4.38959, 251.505 , 0, 16.4541, 16.4541
4.39059, 251.562 , 0, 16.4749, 16.4749
4.39159, 251.62 , 0, 16.496, 16.496
4.39259, 251.677 , 0, 16.5174, 16.5174
4.39359, 251.734 , 0, 16.539, 16.539
4.39459, 251.792 , 0, 16.5608, 16.5608
4.39559, 251.849 , 0, 16.583, 16.583
4.39659, 251.906 , 0, 16.6054, 16.6054
4.39759, 251.963 , 0, 16.6281, 16.6281
4.39859, 252.021 , 2.00212, 16.6511, 1
4.39959, 252.078 , 2.1377, 16.6743, 1
4.40059, 252.135 , 2.27333, 16.6978, 1
4.40159, 252.193 , 2.409, 16.7216, 1
4.40259, 252.25 , 2.54472, 16.7456, 1
4.40359, 252.307 , 2.68048, 16.77, 1
4.40459, 252.365 , 2.81631, 16.7946, 1
4.40559, 252.422 , 2.95218, 16.8195, 1
4.40659, 252.479 , 3.08813, 16.8447, 1
4.40759, 252.536 , 3.22413, 16.8702, 1
4.40859, 252.594 , 3.3602, 16.8959, 1
4.40959, 252.651 , 3.49635, 16.922, 1
4.41059, 252.708 , 3.63256, 16.9483, 1
4.41159, 252.766 , 3.76886, 16.9749, 1
4.41259, 252.823 , 3.90524, 17.0018, 1
4.41359, 252.88 , 4.0417, 17.0291, 1
4.41459, 252.938 , 4.17825, 17.0566, 1
4.41559, 252.995 , 4.31489, 17.0844, 1
4.41659, 253.052 , 4.45163, 17.1125, 1
4.41759, 253.109 , 4.58847, 17.1409, 1
4.41859, 253.167 , 4.72541, 17.1695, 1
4.41959, 253.224 , 4.86246, 17.1986, 1
4.42059, 253.281 , 4.99961, 17.2279, 1
4.42159, 253.339 , 5.13688, 17.2575, 1
4.42259, 253.396 , 5.27426, 17.2874, 1
4.42359, 253.453 , 5.41177, 17.3176, 1
4.42459, 253.51 , 5.5494, 17.3482, 1
4.42559, 253.568 , 5.68715, 17.379, 1
4.42659, 253.625 , 5.82504, 17.4102, 1
4.42759, 253.682 , 5.96306, 17.4417, 1
4.42859, 253.74 , 6.10122, 17.4735, 1
4.42959, 253.797 , 6.23952, 17.5056, 1
4.43059, 253.854 , 8.40928, 17.5381, 1
4.43159, 253.912 , 8.59295, 17.5708, 1
4.43259, 253.969 , 8.7767, 17.6039, 1
4.43359, 254.026 , 8.96054, 17.6374, 1
4.43459, 254.083 , 9.14447, 17.6711, 1
4.43559, 254.141 , 9.32851, 17.7052, 1
4.43659, 254.198 , 9.51264, 17.7397, 1
4.43759, 254.255 , 9.69689, 17.7744, 1
4.43859, 254.313 , 9.88124, 17.8095, 1
4.43959, 254.37 , 10.0657, 17.845, 1
4.44059, 254.427 , 10.2503, 17.8808, 1
4.44159, 254.485 , 10.435, 17.9169, 1
4.44259, 254.542 , 10.6198, 17.9534, 1
4.44359, 254.599 , 10.8048, 17.9902, 1
4.44459, 254.656 , 10.9899, 18.0274, 1
4.44559, 254.714 , 11.1751, 18.065, 1
4.44659, 254.771 , 11.3605, 18.1029, 1
4.44759, 254.828 , 11.546, 18.1412, 1
4.44859, 254.886 , 11.7317, 18.1798, 1
4.44959, 254.943 , 11.9175, 18.2188, 1
4.45059, 255 , 12.1035, 18.2582, 1
4.45159, 255.057 , 12.2897, 18.2979, 1
4.45259, 255.115 , 14.5008, 18.338, 1
4.45359, 255.172 , 14.7319, 18.3785, 1
4.45459, 255.229 , 14.9631, 18.4193, 1
4.45559, 255.287 , 15.1944, 18.4606, 1
4.45659, 255.344 , 15.426, 18.5022, 1
4.45759, 255.401 , 15.6577, 18.5442, 1
4.45859, 255.459 , 15.8896, 18.5866, 1
4.45959, 255.516 , 16.1217, 18.6294, 1
4.46059, 255.573 , 18.3895, 18.6726, 1
4.46159, 255.63 , 18.6791, 18.7162, 1
4.46259, 255.688 , 18.9689, 18.7602, 1
4.46359, 255.745 , 19.259, 18.8046, 1
4.46459, 255.802 , 19.5492, 18.8494, 1
4.46559, 255.86 , 19.8397, 18.8947, 1
4.46659, 255.917 , 20.1303, 18.9403, 1
4.46759, 255.974 , 20.4213, 18.9864, 1
4.46859, 256.031 , 20.7124, 19.0328, 1
4.46959, 256.089 , 21.0038, 19.0797, 1
4.47059, 256.146 , 21.2955, 19.1271, 1
4.47159, 256.203 , 21.5875, 19.1748, 1
4.47259, 256.261 , 21.8797, 19.223, 1
4.47359, 256.318 , 22.1722, 19.2717, 1
4.47459, 256.375 , 22.465, 19.3207, 1
4.47559, 256.433 , 22.7581, 19.3703, 1
4.47659, 256.49 , 23.0515, 19.4202, 1
4.47759, 256.547 , 23.3452, 19.4707, 1
4.47859, 256.604 , 23.6393, 19.5215, 1
4.47959, 256.662 , 23.9337, 19.5729, 1
4.48059, 256.719 , 24.2284, 19.6247, 1
4.48159, 256.776 , 24.5235, 19.677, 1
4.48259, 256.834 , 24.819, 19.7297, 1
4.48359, 256.891 , 25.1148, 19.7829, 1
4.48459, 256.948 , 25.411, 19.8366, 1
4.48559, 257.006 , 25.7076, 19.8908, 1
4.48659, 257.063 , 26.0046, 19.9455, 1
4.48759, 257.12 , 26.3019, 20.0007, 1
4.48859, 257.177 , 26.5997, 20.0564, 1
4.48959, 257.235 , 26.898, 20.1125, 1
4.49059, 257.292 , 27.1966, 20.1692, 1
4.49159, 257.349 , 27.4957, 20.2264, 1
4.49259, 257.407 , 27.7952, 20.2841, 1
4.49359, 257.464 , 28.0952, 20.3423, 1
4.49459, 257.521 , 28.3957, 20.4011, 1
4.49559, 257.578 , 28.6967, 20.4604, 1
4.49659, 257.636 , 28.9981, 20.5202, 1
4.49759, 257.693 , 29.3, 20.5806, 1
4.49859, 257.75 , 29.6024, 20.6415, 1
4.49959, 257.808 , 29.9054, 20.7029, 1
4.50059, 257.865 , 30.2088, 20.7649, 1
4.50159, 257.922 , 30.5128, 20.8275, 1
4.50259, 257.98 , 30.8173, 20.8907, 1
4.50359, 258.037 , 31.1224, 20.9544, 1
4.50459, 258.094 , 31.428, 21.0187, 1
4.50559, 258.151 , 31.7343, 21.0835, 1
4.50659, 258.209 , 32.041, 21.149, 1
4.50759, 258.266 , 32.3484, 21.215, 1
4.50859, 258.323 , 32.6564, 21.2817, 1
4.50959, 258.381 , 32.965, 21.349, 1
4.51059, 258.438 , 33.2742, 21.4168, 1
4.51159, 258.495 , 33.584, 21.4853, 1
4.51259, 258.553 , 33.8944, 21.5544, 1
4.51359, 258.61 , 34.2056, 21.6242, 1
4.51459, 258.667 , 34.5173, 21.6946, 1
4.51559, 258.724 , 34.8298, 21.7656, 1
4.51659, 258.782 , 35.1429, 21.8372, 1
4.51759, 258.839 , 35.4567, 21.9096, 1
4.51859, 258.896 , 35.6798, 21.9826, 1
4.51959, 258.954 , 35.8719, 22.0562, 1
4.52059, 259.011 , 36.0639, 22.1306, 1
4.52159, 259.068 , 36.246, 22.2056, 1
4.52259, 259.125 , 36.4039, 22.2813, 1
4.52359, 259.183 , 36.5615, 22.3577, 1
4.52459, 259.24 , 36.7185, 22.4348, 1
4.52559, 259.297 , 36.8752, 22.5126, 1
4.52659, 259.355 , 37.0314, 22.5912, 1
4.52759, 259.412 , 37.1872, 22.6705, 1
4.52859, 259.469 , 37.3426, 22.7505, 1
4.52959, 259.527 , 37.4976, 22.8312, 1
4.53059, 259.584 , 37.6522, 22.9127, 1
4.53159, 259.641 , 37.8063, 22.995, 1
4.53259, 259.698 , 37.9601, 23.078, 1
4.53359, 259.756 , 38.1135, 23.1619, 1
4.53459, 259.813 , 38.2666, 23.2465, 1
4.53559, 259.87 , 38.4192, 23.3319, 1
4.53659, 259.928 , 38.5715, 23.418, 1
4.53759, 259.985 , 38.7234, 23.5051, 1
4.53859, 260.042 , 38.875, 23.5929, 1
4.53959, 260.099 , 39.0262, 23.6815, 1
4.54059, 260.157 , 39.177, 23.771, 1
4.54159, 260.214 , 39.3275, 23.8614, 1
4.54259, 260.271 , 39.4777, 23.9526, 1
4.54359, 260.329 , 39.6275, 24.0447, 1
4.54459, 260.386 , 39.777, 24.1376, 1
4.54559, 260.443 , 39.9262, 24.2315, 1
4.54659, 260.501 , 40.075, 24.3262, 1
4.54759, 260.558 , 40.2236, 24.4219, 1
4.54859, 260.615 , 40.3718, 24.5185, 1
4.54959, 260.672 , 40.5197, 24.616, 1
4.55059, 260.73 , 40.6673, 24.7144, 1
4.55159, 260.787 , 40.8146, 24.8138, 1
4.55259, 260.844 , 40.9616, 24.9142, 1
4.55359, 260.902 , 41.1083, 25.0155, 1
4.55459, 260.959 , 41.2547, 25.1179, 1
4.55559, 261.016 , 41.4008, 25.2212, 1
4.55659, 261.074 , 41.5467, 25.3256, 1
4.55759, 261.131 , 41.6923, 25.4309, 1
4.55859, 261.188 , 41.8376, 25.5373, 1
4.55959, 261.245 , 41.9826, 25.6448, 1
4.56059, 261.303 , 42.1273, 25.7533, 1
4.56159, 261.36 , 42.2718, 25.8629, 1
4.56259, 261.417 , 42.4161, 25.9736, 1
4.56359, 261.475 , 42.56, 26.0854, 1
4.56459, 261.532 , 42.7038, 26.1983, 1
4.56559, 261.589 , 42.8472, 26.3124, 1
4.56659, 261.646 , 42.9904, 26.4276, 1
4.56759, 261.704 , 43.1334, 26.5439, 1
4.56859, 261.761 , 43.2762, 26.6615, 1
4.56959, 261.818 , 43.4187, 26.7802, 1
4.57059, 261.876 , 43.561, 26.9001, 1
4.57159, 261.933 , 43.703, 27.0213, 1
4.57259, 261.99 , 43.8448, 27.1437, 1
4.57359, 262.048 , 43.9864, 27.2673, 1
4.57459, 262.105 , 44.1278, 27.3922, 1
4.57559, 262.162 , 44.2689, 27.5184, 1
4.57659, 262.219 , 44.4099, 27.6459, 1
4.57759, 262.277 , 44.5506, 27.7748, 1
4.57859, 262.334 , 44.6911, 27.9049, 1
4.57959, 262.391 , 44.8314, 28.0365, 1
4.58059, 262.449 , 44.9716, 28.1694, 1
4.58159, 262.506 , 45.1115, 28.3037, 1
4.58259, 262.563 , 45.2512, 28.4394, 1
4.58359, 262.621 , 45.3907, 28.5765, 1
4.58459, 262.678 , 45.53, 28.7151, 1
4.58559, 262.735 , 45.6692, 28.8552, 1
4.58659, 262.792 , 45.8082, 28.9968, 1
4.58759, 262.85 , 45.9469, 29.1399, 1
4.58859, 262.907 , 46.0855, 29.2845, 1
4.58959, 262.964 , 46.224, 29.4307, 1
4.59059, 263.022 , 46.3622, 29.5784, 1
4.59159, 263.079 , 46.5003, 29.7278, 1
4.59259, 263.136 , 46.6382, 29.8788, 1
4.59359, 263.193 , 46.776, 30.0314, 1
4.59459, 263.251 , 46.9135, 30.1857, 1
4.59559, 263.308 , 47.051, 30.3418, 1
4.59659, 263.365 , 47.1882, 30.4995, 1
4.59759, 263.423 , 47.3253, 30.659, 1
4.59859, 263.48 , 47.4623, 30.8202, 1
4.59959, 263.537 , 47.5991, 30.9833, 1
4.60059, 263.595 , 47.7358, 31.1481, 1
4.60159, 263.652 , 47.8723, 31.3149, 1
4.60259, 263.709 , 48.0087, 31.4835, 1
4.60359, 263.766 , 48.1449, 31.654, 1
4.60459, 263.824 , 48.281, 31.8265, 1
4.60559, 263.881 , 48.417, 32.0009, 1
4.60659, 263.938 , 48.5528, 32.1773, 1
4.60759, 263.996 , 48.6885, 32.3557, 1
4.60859, 264.053 , 48.8241, 32.5362, 1
4.60959, 264.11 , 48.9595, 32.7188, 1
4.61059, 264.168 , 49.0949, 32.9036, 1
4.61159, 264.225 , 49.2301, 33.0904, 1
4.61259, 264.282 , 49.3652, 33.2795, 1
4.61359, 264.339 , 49.5001, 33.4708, 1
4.61459, 264.397 , 49.635, 33.6644, 1
4.61559, 264.454 , 49.7698, 33.8602, 1
4.61659, 264.511 , 49.9044, 34.0584, 1
4.61759, 264.569 , 50.039, 34.259, 1
4.61859, 264.626 , 50.1734, 34.4619, 1
4.61959, 264.683 , 50.3078, 34.6673, 1
4.62059, 264.74 , 50.442, 34.8753, 1
4.62159, 264.798 , 50.5761, 35.0857, 1
4.62259, 264.855 , 50.7102, 35.2987, 1
4.62359, 264.912 , 50.8442, 35.5143, 1
4.62459, 264.97 , 50.978, 35.7326, 1
4.62559, 265.027 , 51.0827, 19.5487, 1
4.62659, 265.084 , 51.169, 19.6128, 1
4.62759, 265.142 , 51.2551, 19.6773, 1
4.62859, 265.199 , 51.341, 19.7425, 1
4.62959, 265.256 , 51.4267, 19.8082, 1
4.63059, 265.313 , 51.5121, 19.8746, 1
4.63159, 265.371 , 51.5973, 19.9415, 1
4.63259, 265.428 , 51.6823, 20.009, 1
4.63359, 265.485 , 51.7671, 20.0771, 1
4.63459, 265.543 , 51.8516, 20.1458, 1
4.63559, 265.6 , 51.936, 20.2151, 1
4.63659, 265.657 , 52.0201, 20.2851, 1
4.63759, 265.714 , 52.104, 20.3557, 1
4.63859, 265.772 , 52.1877, 20.4269, 1
4.63959, 265.829 , 52.2712, 20.4988, 1
4.64059, 265.886 , 52.3544, 20.5713, 1
4.64159, 265.944 , 52.4375, 20.6445, 1
4.64259, 266.001 , 52.5203, 20.7183, 1
4.64359, 266.058 , 52.603, 20.7929, 1
4.64459, 266.116 , 52.6854, 20.8681, 1
4.64559, 266.173 , 52.7676, 20.944, 1
4.64659, 266.23 , 52.8496, 21.0206, 1
4.64759, 266.287 , 52.9314, 21.0979, 1
4.64859, 266.345 , 53.013, 21.1759, 1
4.64959, 266.402 , 53.0944, 21.2546, 1
4.65059, 266.459 , 53.1755, 21.3341, 1
4.65159, 266.517 , 53.2565, 21.4143, 1
4.65259, 266.574 , 53.3373, 21.4953, 1
4.65359, 266.631 , 53.4178, 21.577, 1
4.65459, 266.689 , 53.4982, 21.6595, 1
4.65559, 266.746 , 53.5784, 21.7428, 1
4.65659, 266.803 , 53.6583, 21.8268, 1
4.65759, 266.86 , 53.7381, 21.9116, 1
4.65859, 266.918 , 53.8176, 21.9973, 1
4.65959, 266.975 , 53.897, 22.0838, 1
4.66059, 267.032 , 53.9762, 22.1711, 1
4.66159, 267.09 , 54.0551, 22.2592, 1
4.66259, 267.147 , 54.1339, 22.3482, 1
4.66359, 267.204 , 54.2125, 22.438, 1
4.66459, 267.261 , 54.2909, 22.5287, 1
4.66559, 267.319 , 54.369, 22.6203, 1
4.66659, 267.376 , 54.447, 22.7127, 1
4.66759, 267.433 , 54.5248, 22.8061, 1
4.66859, 267.491 , 54.6024, 22.9004, 1
4.66959, 267.548 , 54.6799, 22.9956, 1
4.67059, 267.605 , 54.7571, 23.0917, 1
4.67159, 267.663 , 54.8341, 23.1888, 1
4.67259, 267.72 , 54.911, 23.2868, 1
4.67359, 267.777 , 54.9876, 23.3858, 1
4.67459, 267.834 , 55.0641, 23.4858, 1
4.67559, 267.892 , 55.1404, 23.5868, 1
4.67659, 267.949 , 55.2165, 23.6888, 1
4.67759, 268.006 , 55.2924, 23.7918, 1
4.67859, 268.064 , 55.3681, 23.8959, 1
4.67959, 268.121 , 55.4436, 24.001, 1
4.68059, 268.178 , 55.519, 24.1072, 1
4.68159, 268.236 , 55.5942, 24.2145, 1
4.68259, 268.293 , 55.6692, 24.3228, 1
4.68359, 268.35 , 55.744, 24.4323, 1
4.68459, 268.407 , 55.8186, 24.5429, 1
4.68559, 268.465 , 55.8931, 24.6546, 1
4.68659, 268.522 , 55.9673, 24.7675, 1
4.68759, 268.579 , 56.0414, 24.8816, 1
4.68859, 268.637 , 56.1153, 24.9968, 1
4.68959, 268.694 , 56.189, 25.1133, 1
4.69059, 268.751 , 56.2626, 25.231, 1
4.69159, 268.808 , 56.336, 25.3499, 1
4.69259, 268.866 , 56.4092, 25.47, 1
4.69359, 268.923 , 56.4822, 25.5915, 1
4.69459, 268.98 , 56.5551, 25.7142, 1
4.69559, 269.038 , 56.6277, 25.8382, 1
4.69659, 269.095 , 56.7002, 25.9636, 1
4.69759, 269.152 , 56.7726, 26.0903, 1
4.69859, 269.21 , 56.8447, 26.2184, 1
4.69959, 269.267 , 56.9167, 26.3479, 1
4.70059, 269.324 , 56.9885, 26.4788, 1
4.70159, 269.381 , 57.0602, 26.6111, 1
4.70259, 269.439 , 57.1316, 26.7448, 1
4.70359, 269.496 , 57.2029, 26.8801, 1
4.70459, 269.553 , 57.2741, 27.0168, 1
4.70559, 269.611 , 57.345, 27.155, 1
4.70659, 269.668 , 57.4158, 27.2948, 1
4.70759, 269.725 , 57.4865, 27.4361, 1
4.70859, 269.782 , 57.5569, 27.579, 1
4.70959, 269.84 , 57.6272, 27.7235, 1
4.71059, 269.897 , 57.6974, 27.8697, 1
4.71159, 269.954 , 57.7673, 28.0175, 1
4.71259, 270.012 , 57.8371, 28.167, 1
4.71359, 270.069 , 57.9068, 28.3182, 1
4.71459, 270.126 , 57.9763, 28.4712, 1
4.71559, 270.184 , 58.0456, 28.6259, 1
4.71659, 270.241 , 58.1147, 28.7824, 1
4.71759, 270.298 , 58.1837, 28.9407, 1
4.71859, 270.355 , 58.2526, 29.1008, 1
4.71959, 270.413 , 58.3212, 29.2629, 1
4.72059, 270.47 , 58.3897, 29.4268, 1
4.72159, 270.527 , 58.4581, 29.5927, 1
4.72259, 270.585 , 58.5263, 29.7606, 1
4.72359, 270.642 , 58.5943, 29.9304, 1
4.72459, 270.699 , 58.6622, 30.1023, 1
4.72559, 270.757 , 58.7299, 30.2762, 1
4.72659, 270.814 , 58.7975, 30.4523, 1
4.72759, 270.871 , 58.8649, 30.6305, 1
4.72859, 270.928 , 58.9321, 30.8108, 1
4.72959, 270.986 , 58.9992, 30.9934, 1
4.73059, 271.043 , 59.0662, 31.1782, 1
4.73159, 271.1 , 59.133, 31.3653, 1
4.73259, 271.158 , 59.1996, 31.5547, 1
4.73359, 271.215 , 59.2661, 31.7465, 1
4.73459, 271.272 , 59.3324, 31.9407, 1
4.73559, 271.329 , 59.3986, 32.1373, 1
4.73659, 271.387 , 59.4646, 32.3364, 1
4.73759, 271.444 , 59.5305, 32.538, 1
4.73859, 271.501 , 59.5962, 32.7422, 1
4.73959, 271.559 , 59.6618, 32.949, 1
4.74059, 271.616 , 59.7272, 33.1584, 1
4.74159, 271.673 , 59.7925, 33.3706, 1
4.74259, 271.731 , 59.8576, 33.5855, 1
4.74359, 271.788 , 59.9226, 33.8033, 1
4.74459, 271.845 , 59.9874, 34.0239, 1
4.74559, 271.902 , 60.0521, 34.2473, 1
4.74659, 271.96 , 60.1167, 34.4738, 1
4.74759, 272.017 , 60.1811, 34.7033, 1
4.74859, 272.074 , 60.2453, 34.9358, 1
4.74959, 272.132 , 60.3094, 35.1715, 1
4.75059, 272.189 , 60.3734, 35.4103, 1
4.75159, 272.246 , 60.4372, 35.6524, 1
4.75259, 272.304 , 60.5009, 35.8978, 1
4.75359, 272.361 , 60.5644, 36.1465, 1
4.75459, 272.418 , 60.6278, 36.3987, 1
4.75559, 272.475 , 60.691, 36.6544, 1
4.75659, 272.533 , 60.7541, 36.9136, 1
4.75759, 272.59 , 60.8171, 37.1765, 1
4.75859, 272.647 , 60.8799, 37.4431, 1
4.75959, 272.705 , 60.9426, 37.7134, 1
4.76059, 272.762 , 61.0051, 37.9876, 1
4.76159, 272.819 , 61.0675, 38.2657, 1
4.76259, 272.876 , 61.1298, 38.5478, 1
4.76359, 272.934 , 61.1919, 38.8339, 1
4.76459, 272.991 , 61.2539, 39.1243, 1
4.76559, 273.048 , 61.3157, 39.4188, 1
4.76659, 273.106 , 61.3774, 39.7177, 1
4.76759, 273.163 , 61.439, 40.021, 1
4.76859, 273.22 , 61.5004, 40.3288, 1
4.76959, 273.278 , 61.5617, 40.6412, 1
4.77059, 273.335 , 61.6229, 40.9583, 1
4.77159, 273.392 , 61.6839, 41.2802, 1
4.77259, 273.449 , 61.7448, 41.607, 1
4.77359, 273.507 , 61.8055, 41.9387, 1
4.77459, 273.564 , 61.8661, 42.2756, 1
4.77559, 273.621 , 61.9266, 42.6176, 1
4.77659, 273.679 , 61.987, 42.965, 1
4.77759, 273.736 , 62.0472, 43.3178, 1
4.77859, 273.793 , 62.1073, 43.6761, 1
4.77959, 273.85 , 62.1673, 44.0401, 1
4.78059, 273.908 , 62.2271, 44.4099, 1
4.78159, 273.965 , 62.2868, 44.7856, 1
4.78259, 274.022 , 62.3463, 45.1673, 1
4.78359, 274.08 , 62.4058, 45.5552, 1
4.78459, 274.137 , 62.4651, 45.9495, 1
4.78559, 274.194 , 62.5243, 46.3502, 1
4.78659, 274.252 , 62.5833, 46.7575, 1
4.78759, 274.309 , 62.6422, 47.1715, 1
4.78859, 274.366 , 62.701, 47.5925, 1
4.78959, 274.423 , 62.7597, 48.0206, 1
4.79059, 274.481 , 62.8182, 48.4558, 1
4.79159, 274.538 , 62.8766, 48.8985, 1
4.79259, 274.595 , 62.9349, 49.3487, 1
4.79359, 274.653 , 62.993, 49.8067, 1
4.79459, 274.71 , 63.0511, 50.2727, 1
4.79559, 274.767 , 63.109, 50.7468, 1
4.79659, 274.825 , 63.1667, 51.2292, 1
4.79759, 274.882 , 63.2244, 51.7201, 1
4.79859, 274.939 , 63.2819, 52.2197, 1
4.79959, 274.996 , 63.3393, 52.7283, 1
4.80059, 275.054 , 63.3966, 53.2461, 1
4.80159, 275.111 , 63.4537, 53.7732, 1
4.80259, 275.168 , 63.5108, 54.31, 1
4.80359, 275.226 , 63.5677, 54.8567, 1
4.80459, 275.283 , 63.6245, 55.4135, 1
4.80559, 275.34 , 63.6811, 55.9807, 1
4.80659, 275.397 , 63.7377, 56.5585, 1
4.80759, 275.455 , 63.7941, 57.1472, 1
4.80859, 275.512 , 63.8504, 57.7472, 1
4.80959, 275.569 , 63.9066, 58.3587, 1
4.81059, 275.627 , 63.9626, 58.9819, 1
4.81159, 275.684 , 64.0186, 59.6173, 1
4.81259, 275.741 , 64.0744, 60.2651, 1
4.81359, 275.799 , 64.1301, 60.9258, 1
4.81459, 275.856 , 64.1857, 61.5995, 1
4.81559, 275.913 , 64.2411, 62.2867, 1
4.81659, 275.97 , 64.2965, 62.9878, 1
4.81759, 276.028 , 64.3517, 63.7032, 1
4.81859, 276.085 , 64.4068, 64.4331, 1
4.81959, 276.142 , 64.4618, 65.1782, 1
4.82059, 276.2 , 64.5167, 65.9387, 1
4.82159, 276.257 , 64.5714, 66.7151, 1
4.82259, 276.314 , 64.6261, 67.5079, 1
4.82359, 276.372 , 64.6806, 68.3176, 1
4.82459, 276.429 , 64.735, 69.1446, 1
4.82559, 276.486 , 64.7893, 69.9895, 1
4.82659, 276.543 , 64.8435, 70.8528, 1
4.82759, 276.601 , 64.8976, 71.735, 1
4.82859, 276.658 , 64.9515, 72.6368, 1
4.82959, 276.715 , 65.0054, 73.5586, 1
4.83059, 276.773 , 65.0591, 74.5012, 1
4.83159, 276.83 , 65.1127, 75.4651, 1
4.83259, 276.887 , 65.1662, 76.4511, 1
4.83359, 276.944 , 65.2196, 77.4598, 1
4.83459, 277.002 , 65.2729, 78.4919, 1
4.83559, 277.059 , 65.3261, 79.5482, 1
4.83659, 277.116 , 65.3791, 80.6294, 1
4.83759, 277.174 , 65.4321, 81.7364, 1
4.83859, 277.231 , 65.4849, 82.8701, 1
4.83959, 277.288 , 65.5376, 84.0312, 1
4.84059, 277.346 , 65.5902, 85.2207, 1
4.84159, 277.403 , 65.6427, 86.4396, 1
4.84259, 277.46 , 65.6951, 87.6889, 1
4.84359, 277.517 , 65.7474, 88.9695, 1
4.84459, 277.575 , 65.7996, 90.2826, 1
4.84559, 277.632 , 65.8517, 91.6293, 1
4.84659, 277.689 , 65.9036, 93.0108, 1
4.84759, 277.747 , 65.9555, 94.4282, 1
4.84859, 277.804 , 66.0072, 95.883, 1
4.84959, 277.861 , 66.0588, 97.3764, 1
4.85059, 277.918 , 66.1104, 98.9098, 1
4.85159, 277.976 , 66.1618, 100.485, 1
4.85259, 278.033 , 66.2131, 102.103, 1
4.85359, 278.09 , 66.2643, 103.765, 1
4.85459, 278.148 , 66.3154, 105.474, 1
4.85559, 278.205 , 66.3664, 107.231, 1
4.85659, 278.262 , 66.4173, 109.038, 1
4.85759, 278.32 , 66.4681, 110.897, 1
4.85859, 278.377 , 66.5188, 112.81, 1
4.85959, 278.434 , 66.5693, 114.779, 1
4.86059, 278.491 , 66.6198, 116.806, 1
4.86159, 278.549 , 66.6702, 118.894, 1
4.86259, 278.606 , 66.7204, 121.045, 1
4.86359, 278.663 , 66.7706, 123.262, 1
4.86459, 278.721 , 66.8207, 125.548, 1
4.86559, 278.778 , 66.8706, 127.904, 1
4.86659, 278.835 , 66.9205, 130.336, 1
4.86759, 278.893 , 66.9702, 132.845, 1
4.86859, 278.95 , 67.0199, 135.435, 1
4.86959, 279.007 , 67.0694, 138.109, 1
4.87059, 279.064 , 67.1189, 140.872, 1
4.87159, 279.122 , 67.1682, 143.728, 1
4.87259, 279.179 , 67.2174, 146.68, 1
4.87359, 279.236 , 67.2666, 149.733, 1
4.87459, 279.294 , 67.3156, 152.892, 1
4.87559, 279.351 , 67.3646, 156.162, 1
4.87659, 279.408 , 67.4134, 159.548, 1
4.87759, 279.465 , 67.4622, 163.056, 1
4.87859, 279.523 , 67.5108, 166.691, 1
4.87959, 279.58 , 67.5593, 170.46, 1
4.88059, 279.637 , 67.6078, 174.371, 1
4.88159, 279.695 , 67.6561, 178.429, 1
4.88259, 279.752 , 67.7044, 182.643, 1
4.88359, 279.809 , 67.7525, 187.02, 1
4.88459, 279.867 , 67.8006, 191.57, 1
4.88559, 279.924 , 67.8486, 196.301, 1
4.88659, 279.981 , 67.8964, 201.224, 1
4.88759, 280.038 , 67.9442, 206.35, 1
4.88859, 280.096 , 67.9918, 211.688, 1
4.88959, 280.153 , 68.0394, 217.252, 1
4.89059, 280.21 , 68.0869, 223.055, 1
4.89159, 280.268 , 68.1343, 229.11, 1
4.89259, 280.325 , 68.1815, 235.432, 1
4.89359, 280.382 , 68.2287, 242.038, 1
4.89459, 280.44 , 68.2758, 248.945, 1
4.89559, 280.497 , 68.3228, 256.171, 1
4.89659, 280.554 , 68.3697, 263.737, 1
4.89759, 280.611 , 68.4165, 271.664, 1
4.89859, 280.669 , 68.4632, 279.977, 1
4.89959, 280.726 , 68.5099, 288.699, 1
4.90059, 280.783 , 68.5564, 297.86, 1
4.90159, 280.841 , 68.6028, 307.489, 1
4.90259, 280.898 , 68.6491, 317.618, 1
4.90359, 280.955 , 68.6954, 328.283, 1
4.90459, 281.012 , 68.7415, 339.524, 1
4.90559, 281.07 , 68.7876, 351.381, 1
4.90659, 281.127 , 68.8336, 363.902, 1
4.90759, 281.184 , 68.8795, 377.136, 1
4.90859, 281.242 , 68.9252, 391.14, 1
4.90959, 281.299 , 68.9709, 405.975, 1
4.91059, 281.356 , 69.0165, 421.708, 1
4.91159, 281.414 , 69.062, 438.412, 1
4.91259, 281.471 , 69.1075, 456.171, 1
4.91359, 281.528 , 69.1528, 475.075, 1
4.91459, 281.585 , 69.198, 495.224, 1
4.91559, 281.643 , 69.2432, 516.732, 1
4.91659, 281.7 , 69.2882, 539.723, 1
4.91759, 281.757 , 69.3332, 564.337, 1
4.91859, 281.815 , 69.3781, 590.732, 1
4.91959, 281.872 , 69.4229, 619.084, 1
4.92059, 281.929 , 69.4676, 649.591, 1
4.92159, 281.986 , 69.5122, 682.478, 1
4.92259, 282.044 , 69.5567, 717.999, 1
4.92359, 282.101 , 69.6012, 756.445, 1
4.92459, 282.158 , 69.6455, 798.147, 1
4.92559, 282.216 , 69.6898, 843.482, 1
4.92659, 282.273 , 69.7339, 892.886, 1
4.92759, 282.33 , 69.778, 946.863, 1
4.92859, 282.388 , 69.822, 1005.99, 1
4.92959, 282.445 , 69.8659, 1070.96, 1
4.93059, 282.502 , 69.9098, 1142.55, 1
4.93159, 282.559 , 69.9535, 1221.71, 1
4.93259, 282.617 , 69.9972, 1309.53, 1
4.93359, 282.674 , 70.0407, 1407.34, 1
4.93459, 282.731 , 70.0842, 1516.7, 1
4.93559, 282.789 , 70.1276, 1639.51, 1
4.93659, 282.846 , 70.1709, 1778.08, 1
4.93759, 282.903 , 70.2141, 1935.21, 1
4.93859, 282.961 , 70.2573, 2114.39, 1
4.93959, 283.018 , 70.3003, 2319.94, 1
4.94059, 283.075 , 70.3433, 2557.3, 1
4.94159, 283.132 , 70.3862, 2833.4, 1
4.94259, 283.19 , 70.429, 3157.15, 1
4.94359, 283.247 , 70.4717, 3540.19, 1
4.94459, 283.304 , 70.5143, 3997.92, 1
4.94559, 283.362 , 70.5569, 4551.13, 1
4.94659, 283.419 , 70.5993, 5228.34, 1
4.94759, 283.476 , 70.6417, 6069.58, 1
4.94859, 283.533 , 70.684, 7132.46, 1
4.94959, 283.591 , 70.7262, 8502.27, 1
4.95059, 283.648 , 70.7684, 10309.7, 1
4.95159, 283.705 , 70.8104, 12763.1, 1
4.95259, 283.763 , 70.8524, 16211.4, 1
4.95359, 283.82 , 70.8943, 21275.5, 1
4.95459, 283.877 , 70.9361, 29148.6, 1
4.95559, 283.935 , 70.9778, 42368.9, 1
4.95659, 283.992 , 71.0195, 67155, 1
4.95759, 284.049 , 71.061, 122318, 1
4.95859, 284.106 , 71.1025, 289216, 1
4.95959, 284.164 , 71.1439, 1.35354e+06, 1
