a, Fruling, Fbend
3.14159,4.99192,1000000
3.14259,4.99106,125907
3.14359,4.9902,31492.2
3.14459,4.98934,14008.3
3.14559,4.98847,7889.26
3.14659,4.98761,5057.23
3.14759,4.98675,3519.03
3.14859,4.98588,2591.73
3.14959,4.98501,1990.04
3.15059,4.98415,1577.68
3.15159,4.98328,1282.86
3.15259,4.98241,1064.87
3.15359,4.98154,899.209
3.15459,4.98067,770.412
3.15559,4.97979,668.343
3.15659,4.97892,586.122
3.15759,4.97805,518.953
3.15859,4.97717,463.405
3.15959,4.97629,416.975
3.16059,4.97542,377.8
3.16159,4.97454,344.472
3.16259,4.97366,315.91
3.16359,4.97278,291.274
3.16459,4.97189,269.9
3.16559,4.97101,251.264
3.16659,4.97013,234.942
3.16759,4.96924,220.592
3.16859,4.96836,207.933
3.16959,4.96747,196.735
3.17059,4.96658,186.808
3.17159,4.96569,177.991
3.17259,4.9648,170.151
3.17359,4.96391,163.176
3.17459,4.96302,156.971
3.17559,4.96212,151.455
3.17659,4.96123,146.56
3.17759,4.96033,142.227
3.17859,4.95944,138.405
3.17959,4.95854,135.052
3.18059,4.95764,132.132
3.18159,4.95674,129.612
3.18259,4.95584,127.468
3.18359,4.95494,125.676
3.18459,4.95403,124.217
3.18559,4.95313,123.077
3.18659,4.95222,122.243
3.18759,4.95132,121.705
3.18859,4.95041,121.457
3.18959,4.9495,121.493
3.19059,4.94859,121.811
3.19159,4.94768,122.411
3.19259,4.94677,123.296
3.19359,4.94586,124.469
3.19459,4.94494,125.936
3.19559,4.94403,127.709
3.19659,4.94311,129.796
3.19759,4.94219,132.214
3.19859,4.94128,134.979
3.19959,4.94036,138.112
3.20059,4.93944,141.635
3.20159,4.93851,145.579
3.20259,4.93759,149.974
3.20359,4.93667,154.858
3.20459,4.93574,160.275
3.20559,4.93482,166.274
3.20659,4.93389,172.915
3.20759,4.93296,180.262
3.20859,4.93203,188.395
3.20959,4.9311,197.404
3.21059,4.93017,207.393
3.21159,4.92924,218.487
3.21259,4.9283,230.83
3.21359,4.92737,244.593
3.21459,4.92643,259.98
3.21559,4.92549,277.232
3.21659,4.92456,296.64
3.21759,4.92362,318.556
3.21859,4.92268,343.406
3.21959,4.92173,371.714
3.22059,4.92079,404.128
3.22159,4.91985,441.456
3.22259,4.9189,484.718
3.22359,4.91796,535.212
3.22459,4.91701,594.617
3.22559,4.91606,665.127
3.22659,4.91511,749.661
3.22759,4.91416,852.163
3.22859,4.91321,978.072
3.22959,4.91225,1135.05
3.23059,4.9113,1334.19
3.23159,4.91035,1591.99
3.23259,4.90939,1933.91
3.23359,4.90843,2400.89
3.23459,4.90747,3062.17
3.23559,4.90651,4042.49
3.23659,4.90555,5585.54
3.23759,4.90459,8221.24
3.23859,4.90363,13289.6
3.23959,4.90266,25052.3
3.24059,4.9017,63768.6
3.24159,4.90073,389962
3.24259,4.89976,1.74E+06
3.24359,4.89879,103024
3.24459,4.89782,33390
3.24559,4.89685,16319.3
3.24659,4.89588,9647.19
3.24759,4.8949,6367.53
3.24859,4.89393,4516.8
3.24959,4.89295,3371.01
3.25059,4.89197,2612.77
3.25159,4.89099,2085.1
3.25259,4.89001,1703.16
3.25359,4.88903,1417.83
3.25459,4.88805,1199.05
3.25559,4.88707,1027.63
3.25659,4.88608,890.804
3.25759,4.8851,779.851
3.25859,4.88411,688.63
3.25959,4.88312,612.721
3.26059,4.88213,548.874
3.26159,4.88114,494.659
3.26259,4.88015,448.23
3.26359,4.87916,408.16
3.26459,4.87816,373.338
3.26559,4.87717,342.883
3.26659,4.87617,316.093
3.26759,4.87517,292.4
3.26859,4.87418,271.345
3.26959,4.87318,252.548
3.27059,4.87217,235.696
3.27159,4.87117,220.529
3.27259,4.87017,206.829
3.27359,4.86916,194.412
3.27459,4.86816,183.122
3.27559,4.86715,172.826
3.27659,4.86614,163.41
3.27759,4.86513,154.776
3.27859,4.86412,146.839
3.27959,4.86311,139.526
3.28059,4.86209,132.772
3.28159,4.86108,126.523
3.28259,4.86006,120.727
3.28359,4.85905,115.344
3.28459,4.85803,110.333
3.28559,4.85701,105.661
3.28659,4.85599,101.298
3.28759,4.85496,97.2172
3.28859,4.85394,93.3946
3.28959,4.85292,89.8087
3.29059,4.85189,86.4401
3.29159,4.85086,83.2715
3.29259,4.84983,80.2874
3.29359,4.8488,77.4735
3.29459,4.84777,74.817
3.29559,4.84674,72.3063
3.29659,4.84571,69.9309
3.29759,4.84467,67.6811
3.29859,4.84364,65.5481
3.29959,4.8426,63.5241
3.30059,4.84156,61.6015
3.30159,4.84052,59.7737
3.30259,4.83948,58.0345
3.30359,4.83844,56.3782
3.30459,4.83739,54.7997
3.30559,4.83635,53.294
3.30659,4.8353,51.8567
3.30759,4.83425,50.4838
3.30859,4.83321,49.1714
3.30959,4.83216,47.9159
3.31059,4.8311,46.7142
3.31159,4.83005,45.5632
3.31259,4.829,44.46
3.31359,4.82794,43.402
3.31459,4.82689,42.3868
3.31559,4.82583,41.4121
3.31659,4.82477,40.4757
3.31759,4.82371,39.5757
3.31859,4.82265,38.7102
3.31959,4.82158,37.8775
3.32059,4.82052,37.0759
3.32159,4.81945,36.3039
3.32259,4.81839,35.56
3.32359,4.81732,34.8429
3.32459,4.81625,34.1514
3.32559,4.81518,33.4841
3.32659,4.81411,32.8401
3.32759,4.81303,32.2183
3.32859,4.81196,31.6175
3.32959,4.81088,31.037
3.33059,4.8098,30.4758
3.33159,4.80872,29.9331
3.33259,4.80764,29.4081
3.33359,4.80656,28.9
3.33459,4.80548,28.4081
3.33559,4.8044,27.9317
3.33659,4.80331,27.4703
3.33759,4.80222,27.0231
3.33859,4.80114,26.5897
3.33959,4.80005,26.1695
3.34059,4.79895,25.7619
3.34159,4.79786,25.3664
3.34259,4.79677,24.9827
3.34359,4.79567,24.6102
3.34459,4.79458,24.2486
3.34559,4.79348,23.8974
3.34659,4.79238,23.5562
3.34759,4.79128,23.2247
3.34859,4.79018,22.9025
3.34959,4.78908,22.5893
3.35059,4.78797,22.2848
3.35159,4.78687,21.9886
3.35259,4.78576,21.7005
3.35359,4.78465,21.4202
3.35459,4.78354,21.1475
3.35559,4.78243,20.882
3.35659,4.78132,20.6236
3.35759,4.7802,20.3719
3.35859,4.77909,20.1269
3.35959,4.77797,19.8882
3.36059,4.77685,19.6557
3.36159,4.77573,19.4291
3.36259,4.77461,19.2084
3.36359,4.77349,18.9932
3.36459,4.77236,18.7835
3.36559,4.77124,18.579
3.36659,4.77011,18.3796
3.36759,4.76898,18.1852
3.36859,4.76785,17.9956
3.36959,4.76672,17.8106
3.37059,4.76559,17.6302
3.37159,4.76446,17.4541
3.37259,4.76332,17.2823
3.37359,4.76219,17.1147
3.37459,4.76105,16.9511
3.37559,4.75991,16.7914
3.37659,4.75877,16.6356
3.37759,4.75762,16.4834
3.37859,4.75648,16.3348
3.37959,4.75534,16.1898
3.38059,4.75419,16.0482
3.38159,4.75304,15.9099
3.38259,4.75189,15.7748
3.38359,4.75074,15.6429
3.38459,4.74959,15.5141
3.38559,4.74843,15.3883
3.38659,4.74728,15.2654
3.38759,4.74612,15.1453
3.38859,4.74496,15.0281
3.38959,4.7438,14.9135
3.39059,4.74264,14.8016
3.39159,4.74148,14.6923
3.39259,4.74032,14.5855
3.39359,4.73915,14.4812
3.39459,4.73798,14.3793
3.39559,4.73682,14.2798
3.39659,4.73565,14.1825
3.39759,4.73447,14.0875
3.39859,4.7333,13.9947
3.39959,4.73213,13.9041
3.40059,4.73095,13.8155
3.40159,4.72977,13.729
3.40259,4.7286,13.6446
3.40359,4.72742,13.5621
3.40459,4.72623,13.4815
3.40559,4.72505,13.4029
3.40659,4.72387,13.3261
3.40759,4.72268,13.2511
3.40859,4.72149,13.1779
3.40959,4.7203,13.1064
3.41059,4.71911,13.0367
3.41159,4.71792,12.9687
3.41259,4.71673,12.9023
3.41359,4.71553,12.8375
3.41459,4.71433,12.7743
3.41559,4.71313,12.7127
3.41659,4.71194,12.6526
3.41759,4.71073,12.594
3.41859,4.70953,12.5369
3.41959,4.70833,12.4813
3.42059,4.70712,12.4271
3.42159,4.70591,12.3743
3.42259,4.7047,12.3228
3.42359,4.70349,12.2728
3.42459,4.70228,12.2241
3.42559,4.70107,12.1767
3.42659,4.69985,12.1306
3.42759,4.69863,12.0858
3.42859,4.69742,12.0423
3.42959,4.6962,12
3.43059,4.69498,11.9589
3.43159,4.69375,11.919
3.43259,4.69253,11.8804
3.43359,4.6913,11.8429
3.43459,4.69007,11.8066
3.43559,4.68884,11.7714
3.43659,4.68761,11.7374
3.43759,4.68638,11.7044
3.43859,4.68515,11.6726
3.43959,4.68391,11.6419
3.44059,4.68267,11.6123
3.44159,4.68143,11.5837
3.44259,4.68019,11.5562
3.44359,4.67895,11.5297
3.44459,4.67771,11.5043
3.44559,4.67646,11.4798
3.44659,4.67522,11.4564
3.44759,4.67397,11.4341
3.44859,4.67272,11.4127
3.44959,4.67147,11.3923
3.45059,4.67021,11.3728
3.45159,4.66896,11.3544
3.45259,4.6677,11.3369
3.45359,4.66644,11.3203
3.45459,4.66518,11.3047
3.45559,4.66392,11.2901
3.45659,4.66266,11.2764
3.45759,4.66139,11.2636
3.45859,4.66013,11.2517
3.45959,4.65886,11.2408
3.46059,4.65759,11.2308
3.46159,4.65632,11.2217
3.46259,4.65505,11.2135
3.46359,4.65377,11.2062
3.46459,4.6525,11.1997
3.46559,4.65122,11.1942
3.46659,4.64994,11.1896
3.46759,4.64866,11.1859
3.46859,4.64737,11.183
3.46959,4.64609,11.181
3.47059,4.6448,11.1799
3.47159,4.64352,11.1797
3.47259,4.64223,11.1804
3.47359,4.64094,11.1819
3.47459,4.63964,11.1844
3.47559,4.63835,11.1876
3.47659,4.63705,11.1918
3.47759,4.63575,11.1969
3.47859,4.63445,11.2028
3.47959,4.63315,11.2096
3.48059,4.63185,11.2172
3.48159,4.63054,11.2258
3.48259,4.62924,11.2352
3.48359,4.62793,11.2455
3.48459,4.62662,11.2566
3.48559,4.62531,11.2687
3.48659,4.624,11.2816
3.48759,4.62268,11.2955
3.48859,4.62136,11.3102
3.48959,4.62004,11.3258
3.49059,4.61872,11.3423
3.49159,4.6174,11.3597
3.49259,4.61608,11.3781
3.49359,4.61475,11.3973
3.49459,4.61343,11.4174
3.49559,4.6121,11.4385
3.49659,4.61077,11.4605
3.49759,4.60943,11.4834
3.49859,4.6081,11.5073
3.49959,4.60676,11.5321
3.50059,4.60543,11.5578
3.50159,4.60409,11.5845
3.50259,4.60274,11.6122
3.50359,4.6014,11.6408
3.50459,4.60006,11.6704
3.50559,4.59871,11.701
3.50659,4.59736,11.7326
3.50759,4.59601,11.7651
3.50859,4.59466,11.7987
3.50959,4.59331,11.8333
3.51059,4.59195,11.869
3.51159,4.59059,11.9057
3.51259,4.58923,11.9434
3.51359,4.58787,11.9822
3.51459,4.58651,12.022
3.51559,4.58515,12.063
3.51659,4.58378,12.105
3.51759,4.58241,12.1482
3.51859,4.58104,12.1924
3.51959,4.57967,12.2378
3.52059,4.57829,12.2844
3.52159,4.57692,12.3321
3.52259,4.57554,12.381
3.52359,4.57416,12.4311
3.52459,4.57278,12.4823
3.52559,4.5714,12.5348
3.52659,4.57001,12.5886
3.52759,4.56863,12.6436
3.52859,4.56724,12.6998
3.52959,4.56585,12.7574
3.53059,4.56446,12.8163
3.53159,4.56306,12.8765
3.53259,4.56167,12.938
3.53359,4.56027,13.0009
3.53459,4.55887,13.0652
3.53559,4.55747,13.1309
3.53659,4.55606,13.198
3.53759,4.55466,13.2666
3.53859,4.55325,13.3367
3.53959,4.55184,13.4082
3.54059,4.55043,13.4813
3.54159,4.54902,13.5559
3.54259,4.5476,13.6321
3.54359,4.54619,13.71
3.54459,4.54477,13.7894
3.54559,4.54335,13.8705
3.54659,4.54192,13.9533
3.54759,4.5405,14.0378
3.54859,4.53907,14.124
3.54959,4.53764,14.2121
3.55059,4.53621,14.3019
3.55159,4.53478,14.3936
3.55259,4.53335,14.4872
3.55359,4.53191,14.5827
3.55459,4.53047,14.6801
3.55559,4.52903,14.7795
3.55659,4.52759,14.881
3.55759,4.52615,14.9845
3.55859,4.5247,15.0901
3.55959,4.52325,15.1979
3.56059,4.5218,15.3079
3.56159,4.52035,15.4201
3.56259,4.5189,15.5346
3.56359,4.51744,15.6515
3.56459,4.51599,15.7707
3.56559,4.51453,15.8924
3.56659,4.51306,16.0165
3.56759,4.5116,16.1432
3.56859,4.51013,16.2724
3.56959,4.50867,16.4044
3.57059,4.5072,16.539
3.57159,4.50572,16.6764
3.57259,4.50425,16.8166
3.57359,4.50278,16.9597
3.57459,4.5013,17.1058
3.57559,4.49982,17.2549
3.57659,4.49834,17.4071
3.57759,4.49685,17.5625
3.57859,4.49537,17.7211
3.57959,4.49388,17.8831
3.58059,4.49239,18.0484
3.58159,4.4909,18.2173
3.58259,4.4894,18.3897
3.58359,4.4879,18.5657
3.58459,4.48641,18.7455
3.58559,4.48491,18.9292
3.58659,4.4834,19.1168
3.58759,4.4819,19.3084
3.58859,4.48039,19.5041
3.58959,4.47888,19.7041
3.59059,4.47737,19.9085
3.59159,4.47586,20.1173
3.59259,4.47434,20.3307
3.59359,4.47283,20.5488
3.59459,4.47131,20.7718
3.59559,4.46979,20.9997
3.59659,4.46826,21.2327
3.59759,4.46674,21.471
3.59859,4.46521,21.7146
3.59959,4.46368,21.9637
3.60059,4.46215,22.2186
3.60159,4.46061,22.4793
3.60259,4.45908,22.746
3.60359,4.45754,23.0189
3.60459,4.456,23.2982
3.60559,4.45446,23.584
3.60659,4.45291,23.8765
3.60759,4.45136,24.176
3.60859,4.44982,24.4827
3.60959,4.44826,24.7967
3.61059,4.44671,25.1183
3.61159,4.44515,25.4477
3.61259,4.4436,25.7852
3.61359,4.44204,26.131
3.61459,4.44047,26.4854
3.61559,4.43891,26.8486
3.61659,4.43734,27.221
3.61759,4.43577,27.6027
3.61859,4.4342,27.9942
3.61959,4.43263,28.3958
3.62059,4.43105,28.8077
3.62159,4.42948,29.2304
3.62259,4.4279,29.6641
3.62359,4.42631,30.1093
3.62459,4.42473,30.5664
3.62559,4.42314,31.0357
3.62659,4.42155,31.5177
3.62759,4.41996,32.0128
3.62859,4.41837,32.5215
3.62959,4.41677,33.0444
3.63059,4.41518,33.5818
3.63159,4.41358,34.1343
3.63259,4.41197,34.7025
3.63359,4.41037,35.287
3.63459,4.40876,35.8884
3.63559,4.40715,36.5072
3.63659,4.40554,37.1443
3.63759,4.40393,37.8002
3.63859,4.40231,38.4758
3.63959,4.40069,39.1717
3.64059,4.39907,39.8889
3.64159,4.39745,40.6281
3.64259,4.39582,41.3902
3.64359,4.39419,42.1762
3.64459,4.39256,42.9871
3.64559,4.39093,43.8239
3.64659,4.3893,44.6878
3.64759,4.38766,45.5798
3.64859,4.38602,46.5011
3.64959,4.38438,47.4532
3.65059,4.38273,48.4372
3.65159,4.38109,49.4547
3.65259,4.37944,50.5072
3.65359,4.37779,51.5962
3.65459,4.37613,52.7235
3.65559,4.37448,53.8908
3.65659,4.37282,55.1
3.65759,4.37116,56.3532
3.65859,4.36949,57.6524
3.65959,4.36783,58.9999
3.66059,4.36616,60.3981
3.66159,4.36449,61.8496
3.66259,4.36282,63.3571
3.66359,4.36114,64.9234
3.66459,4.35946,66.5516
3.66559,4.35778,68.2451
3.66659,4.3561,70.0072
3.66759,4.35442,71.8418
3.66859,4.35273,73.7528
3.66959,4.35104,75.7445
3.67059,4.34935,77.8214
3.67159,4.34765,79.9885
3.67259,4.34595,82.2509
3.67359,4.34425,84.6145
3.67459,4.34255,87.0851
3.67559,4.34085,89.6693
3.67659,4.33914,92.3742
3.67759,4.33743,95.2074
3.67859,4.33572,98.1769
3.67959,4.334,101.292
3.68059,4.33228,104.561
3.68159,4.33056,107.996
3.68259,4.32884,111.608
3.68359,4.32712,115.408
3.68459,4.32539,119.41
3.68559,4.32366,123.628
3.68659,4.32193,128.079
3.68759,4.32019,132.779
3.68859,4.31845,137.748
3.68959,4.31671,143.006
3.69059,4.31497,148.577
3.69159,4.31322,154.484
3.69259,4.31148,160.757
3.69359,4.30973,167.425
3.69459,4.30797,174.522
3.69559,4.30622,182.085
3.69659,4.30446,190.157
3.69759,4.3027,198.784
3.69859,4.30093,208.018
3.69959,4.29908,225.568
3.70059,4.29578,236.147
3.70159,4.29247,247.53
3.70259,4.28915,259.799
3.70359,4.28584,273.049
3.70459,4.28251,287.385
3.70559,4.27919,302.929
3.70659,4.27586,319.82
3.70759,4.27253,338.216
3.70859,4.2692,358.301
3.70959,4.26586,380.287
3.71059,4.26251,404.42
3.71159,4.25917,430.989
3.71259,4.25582,460.329
3.71359,4.25246,492.841
3.71459,4.24911,528.994
3.71559,4.24575,569.353
3.71659,4.24238,614.594
3.71759,4.23901,665.534
3.71859,4.23564,723.169
3.71959,4.23227,788.724
3.72059,4.22889,863.715
3.72159,4.22551,950.04
3.72259,4.22212,1050.1
3.72359,4.21873,1166.96
3.72459,4.21534,1304.59
3.72559,4.21194,1468.23
3.72659,4.20854,1664.85
3.72759,4.20514,1903.94
3.72859,4.20173,2198.64
3.72959,4.19832,2567.62
3.73059,4.19491,3038.08
3.73159,4.19149,3650.92
3.73259,4.18807,4469.91
3.73359,4.18464,5598.95
3.73459,4.18122,7216.69
3.73559,4.17778,9651.7
3.73659,4.17435,13563.4
3.73759,4.17091,20439.6
3.73859,4.16747,34251.9
3.73959,4.16402,68793.8
3.74059,4.16057,202396
3.74159,4.15712,2.49E+06
3.74259,4.15366,1.10E+06
3.74359,4.1502,154907
3.74459,4.14674,58733.6
3.74559,4.14327,30666.8
3.74659,4.1398,18801
3.74759,4.13633,12698.3
3.74859,4.13285,9151.05
3.74959,4.12937,6908.45
3.75059,4.12589,5401.01
3.75159,4.1224,4339.2
3.75259,4.11891,3563.17
3.75359,4.11542,2978.82
3.75459,4.11192,2527.83
3.75559,4.10842,2172.49
3.75659,4.10491,1887.52
3.75759,4.1014,1655.48
3.75859,4.09789,1464.04
3.75959,4.09438,1304.23
3.76059,4.09086,1169.44
3.76159,4.08734,1054.71
3.76259,4.08381,956.239
3.76359,4.08028,871.093
3.76459,4.07675,796.969
3.76559,4.07322,732.041
3.76659,4.06968,674.846
3.76759,4.06613,624.201
3.76859,4.06259,579.141
3.76959,4.05904,538.874
3.77059,4.05549,502.741
3.77159,4.05193,470.194
3.77259,4.04837,440.774
3.77359,4.04481,414.09
3.77459,4.04124,389.814
3.77559,4.03767,367.663
3.77659,4.0341,347.396
3.77759,4.03053,328.804
3.77859,4.02695,311.708
3.77959,4.02336,295.95
3.78059,4.01978,281.394
3.78159,4.01619,267.921
3.78259,4.0126,255.425
3.78359,4.009,243.814
3.78459,4.0054,233.006
3.78559,4.0018,222.928
3.78659,3.99819,213.515
3.78759,3.99458,204.711
3.78859,3.99097,196.463
3.78959,3.98735,188.726
3.79059,3.98373,181.457
3.79159,3.98011,174.62
3.79259,3.97649,168.181
3.79359,3.97286,162.11
3.79459,3.96922,156.378
3.79559,3.96559,150.962
3.79659,3.96195,145.837
3.79759,3.95831,140.984
3.79859,3.95466,136.383
3.79959,3.95101,132.017
3.80059,3.94736,127.871
3.80159,3.94371,123.929
3.80259,3.94005,120.179
3.80359,3.93638,116.607
3.80459,3.93272,113.204
3.80559,3.92905,109.957
3.80659,3.92538,106.859
3.80759,3.9217,103.899
3.80859,3.91803,101.07
3.80959,3.91434,98.3638
3.81059,3.91066,95.7735
3.81159,3.90697,93.2925
3.81259,3.90328,90.9147
3.81359,3.89959,88.6344
3.81459,3.89589,86.4462
3.81559,3.89219,84.3452
3.81659,3.88848,82.3269
3.81759,3.88478,80.3868
3.81859,3.88107,78.521
3.81959,3.87735,76.7257
3.82059,3.87363,74.9972
3.82159,3.86991,73.3324
3.82259,3.86619,71.7281
3.82359,3.86246,70.1813
3.82459,3.85873,68.6893
3.82559,3.855,67.2496
3.82659,3.85127,65.8596
3.82759,3.84753,64.5171
3.82859,3.84378,63.2199
3.82959,3.84004,61.966
3.83059,3.83629,60.7534
3.83159,3.83254,59.5804
3.83259,3.82878,58.4451
3.83359,3.82502,57.346
3.83459,3.82126,56.2816
3.83559,3.8175,55.2503
3.83659,3.81373,54.2508
3.83759,3.80996,53.2818
3.83859,3.80618,52.342
3.83959,3.80241,51.4302
3.84059,3.79862,50.5454
3.84159,3.79484,49.6864
3.84259,3.79105,48.8523
3.84359,3.78726,48.042
3.84459,3.78347,47.2548
3.84559,3.77967,46.4896
3.84659,3.77587,45.7456
3.84759,3.77207,45.0221
3.84859,3.76827,44.3184
3.84959,3.76446,43.6336
3.85059,3.76064,42.9671
3.85159,3.75683,42.3182
3.85259,3.75301,41.6864
3.85359,3.74919,41.0709
3.85459,3.74537,40.4713
3.85559,3.74154,39.887
3.85659,3.73771,39.3174
3.85759,3.73387,38.7621
3.85859,3.73004,38.2206
3.85959,3.7262,37.6924
3.86059,3.72235,37.1771
3.86159,3.71851,36.6742
3.86259,3.71466,36.1834
3.86359,3.7108,35.7042
3.86459,3.70695,35.2363
3.86559,3.70309,34.7793
3.86659,3.69923,34.3329
3.86759,3.69536,33.8968
3.86859,3.69149,33.4706
3.86959,3.68762,33.054
3.87059,3.68375,32.6467
3.87159,3.67987,32.2485
3.87259,3.67599,31.859
3.87359,3.67211,31.4781
3.87459,3.66822,31.1055
3.87559,3.66433,30.7408
3.87659,3.66044,30.3839
3.87759,3.65654,30.0346
3.87859,3.65265,29.6927
3.87959,3.64874,29.3579
3.88059,3.64484,29.03
3.88159,3.64093,28.7088
3.88259,3.63702,28.3942
3.88359,3.63311,28.086
3.88459,3.62919,27.7839
3.88559,3.62527,27.4879
3.88659,3.62134,27.1978
3.88759,3.61742,26.9133
3.88859,3.61349,26.6344
3.88959,3.60956,26.3609
3.89059,3.60562,26.0927
3.89159,3.60168,25.8296
3.89259,3.59774,25.5715
3.89359,3.5938,25.3182
3.89459,3.58985,25.0697
3.89559,3.5859,24.8258
3.89659,3.58194,24.5864
3.89759,3.57799,24.3514
3.89859,3.57403,24.1207
3.89959,3.57006,23.8942
3.90059,3.5661,23.6717
3.90159,3.56213,23.4532
3.90259,3.55816,23.2386
3.90359,3.55418,23.0277
3.90459,3.55021,22.8206
3.90559,3.54622,22.617
3.90659,3.54224,22.417
3.90759,3.53825,22.2204
3.90859,3.53426,22.0271
3.90959,3.53027,21.8372
3.91059,3.52627,21.6504
3.91159,3.52228,21.4668
3.91259,3.51827,21.2862
3.91359,3.51427,21.1086
3.91459,3.51026,20.9339
3.91559,3.50625,20.7621
3.91659,3.50224,20.5931
3.91759,3.49822,20.4268
3.91859,3.4942,20.2632
3.91959,3.49017,20.1021
3.92059,3.48615,19.9437
3.92159,3.48212,19.7877
3.92259,3.47809,19.6342
3.92359,3.47405,19.4831
3.92459,3.47001,19.3343
3.92559,3.46597,19.1878
3.92659,3.46193,19.0436
3.92759,3.45788,18.9016
3.92859,3.45383,18.7617
3.92959,3.44978,18.6239
3.93059,3.44572,18.4882
3.93159,3.44166,18.3545
3.93259,3.4376,18.2228
3.93359,3.43354,18.0931
3.93459,3.42947,17.9652
3.93559,3.4254,17.8392
3.93659,3.42132,17.715
3.93759,3.41725,17.5927
3.93859,3.41317,17.4721
3.93959,3.40908,17.3532
3.94059,3.405,17.236
3.94159,3.40091,17.1204
3.94259,3.39682,17.0065
3.94359,3.39272,16.8942
3.94459,3.38862,16.7835
3.94559,3.38452,16.6742
3.94659,3.38042,16.5665
3.94759,3.37631,16.4603
3.94859,3.3722,16.3555
3.94959,3.36809,16.2521
3.95059,3.36397,16.1502
3.95159,3.35986,16.0496
3.95259,3.35573,15.9503
3.95359,3.35161,15.8524
3.95459,3.34748,15.7558
3.95559,3.34335,15.6604
3.95659,3.33922,15.5663
3.95759,3.33508,15.4735
3.95859,3.33094,15.3818
3.95959,3.3268,15.2913
3.96059,3.32265,15.202
3.96159,3.3185,15.1139
3.96259,3.31435,15.0268
3.96359,3.3102,14.9409
3.96459,3.30604,14.8561
3.96559,3.30188,14.7723
3.96659,3.29772,14.6896
3.96759,3.29355,14.6079
3.96859,3.28938,14.5272
3.96959,3.28521,14.4476
3.97059,3.28103,14.3689
3.97159,3.27686,14.2912
3.97259,3.27267,14.2144
3.97359,3.26849,14.1386
3.97459,3.2643,14.0637
3.97559,3.26011,13.9897
3.97659,3.25592,13.9166
3.97759,3.25172,13.8443
3.97859,3.24753,13.7729
3.97959,3.24332,13.7024
3.98059,3.23912,13.6327
3.98159,3.23491,13.5638
3.98259,3.2307,13.4958
3.98359,3.22649,13.4285
3.98459,3.22227,13.362
3.98559,3.21805,13.2963
3.98659,3.21383,13.2314
3.98759,3.2096,13.1672
3.98859,3.20537,13.1037
3.98959,3.20114,13.0409
3.99059,3.1969,12.9789
3.99159,3.19267,12.9176
3.99259,3.18843,12.857
3.99359,3.18418,12.797
3.99459,3.17993,12.7377
3.99559,3.17569,12.6791
3.99659,3.17143,12.6212
3.99759,3.16718,12.5638
3.99859,3.16292,12.5072
3.99959,3.15866,12.4511
4.00059,3.15439,12.3957
4.00159,3.15012,12.3408
4.00259,3.14585,12.2866
4.00359,3.14158,12.2329
4.00459,3.1373,12.1799
4.00559,3.13302,12.1274
4.00659,3.12874,12.0755
4.00759,3.12446,12.0241
4.00859,3.12017,11.9733
4.00959,3.11588,11.923
4.01059,3.11158,11.8732
4.01159,3.10728,11.824
4.01259,3.10298,11.7753
4.01359,3.09868,11.7271
4.01459,3.09437,11.6794
4.01559,3.09006,11.6323
4.01659,3.08575,11.5856
4.01759,3.08143,11.5394
4.01859,3.07712,11.4936
4.01959,3.07279,11.4484
4.02059,3.06847,11.4036
4.02159,3.06414,11.3593
4.02259,3.05981,11.3154
4.02359,3.05548,11.272
4.02459,3.05114,11.229
4.02559,3.0468,11.1864
4.02659,3.04246,11.1443
4.02759,3.03811,11.1026
4.02859,3.03376,11.0614
4.02959,3.02941,11.0205
4.03059,3.02506,10.9801
4.03159,3.0207,10.94
4.03259,3.01634,10.9004
4.03359,3.01197,10.8611
4.03459,3.00761,10.8223
4.03559,3.00324,10.7838
4.03659,2.99886,10.7457
4.03759,2.99449,10.708
4.03859,2.99011,10.6706
4.03959,2.98573,10.6336
4.04059,2.98134,10.597
4.04159,2.97695,10.5607
4.04259,2.97256,10.5248
4.04359,2.96817,10.4893
4.04459,2.96377,10.4541
4.04559,2.95937,10.4192
4.04659,2.95497,10.3846
4.04759,2.95056,10.3504
4.04859,2.94615,10.3165
4.04959,2.94174,10.283
4.05059,2.93732,10.2497
4.05159,2.9329,10.2168
4.05259,2.92848,10.1842
4.05359,2.92406,10.1519
4.05459,2.91963,10.1199
4.05559,2.9152,10.0882
4.05659,2.91076,10.0569
4.05759,2.90632,10.0258
4.05859,2.90188,9.99497
4.05959,2.89744,9.96446
4.06059,2.89299,9.93424
4.06159,2.88854,9.9043
4.06259,2.88409,9.87464
4.06359,2.87963,9.84526
4.06459,2.87518,9.81615
4.06559,2.87071,9.78731
4.06659,2.86625,9.75874
4.06759,2.86178,9.73044
4.06859,2.85731,9.7024
4.06959,2.85283,9.67461
4.07059,2.84836,9.64709
4.07159,2.84387,9.61981
4.07259,2.83939,9.59279
4.07359,2.8349,9.56602
4.07459,2.83041,9.53949
4.07559,2.82592,9.51321
4.07659,2.82142,9.48717
4.07759,2.81692,9.46136
4.07859,2.81242,9.43579
4.07959,2.80791,9.41046
4.08059,2.8034,9.38536
4.08159,2.79889,9.36048
4.08259,2.79438,9.33583
4.08359,2.78986,9.31141
4.08459,2.78534,9.28721
4.08559,2.78081,9.26322
4.08659,2.77628,9.23946
4.08759,2.77175,9.21591
4.08859,2.76722,9.19257
4.08959,2.76268,9.16945
4.09059,2.75814,9.14653
4.09159,2.75359,9.12382
4.09259,2.74905,9.10132
4.09359,2.74449,9.07902
4.09459,2.73994,9.05692
4.09559,2.73538,9.03502
4.09659,2.73082,9.01332
4.09759,2.72626,8.99181
4.09859,2.72169,8.9705
4.09959,2.71712,8.94938
4.10059,2.71255,8.92845
4.10159,2.70797,8.90771
4.10259,2.70339,8.88715
4.10359,2.69881,8.86678
4.10459,2.69422,8.84659
4.10559,2.68963,8.82658
4.10659,2.68504,8.80676
4.10759,2.68045,8.78711
4.10859,2.67585,8.76764
4.10959,2.67124,8.74834
4.11059,2.66664,8.72922
4.11159,2.66203,8.71027
4.11259,2.65742,8.69149
4.11359,2.6528,8.67288
4.11459,2.64818,8.65443
4.11559,2.64356,8.63616
4.11659,2.63893,8.61804
4.11759,2.6343,8.60009
4.11859,2.62967,8.58231
4.11959,2.62504,8.56468
4.12059,2.6204,8.54721
4.12159,2.61576,8.5299
4.12259,2.61111,8.51275
4.12359,2.60646,8.49575
4.12459,2.60181,8.47891
4.12559,2.59715,8.46222
4.12659,2.59249,8.44568
4.12759,2.58783,8.42929
4.12859,2.58316,8.41304
4.12959,2.5785,8.39695
4.13059,2.57382,8.381
4.13159,2.56915,8.3652
4.13259,2.56447,8.34955
4.13359,2.55978,8.33403
4.13459,2.5551,8.31866
4.13559,2.55041,8.30343
4.13659,2.54572,8.28834
4.13759,2.54102,8.27339
4.13859,2.53632,8.25857
4.13959,2.53162,8.2439
4.14059,2.52691,8.22935
4.14159,2.5222,8.21495
4.14259,2.51748,8.20067
4.14359,2.51277,8.18653
4.14459,2.50805,8.17252
4.14559,2.50332,8.15864
4.14659,2.49859,8.14489
4.14759,2.49386,8.13127
4.14859,2.48913,8.11778
4.14959,2.48439,8.10442
4.15059,2.47965,8.09118
4.15159,2.4749,8.07806
4.15259,2.47015,8.06507
4.15359,2.4654,8.0522
4.15459,2.46065,8.03946
4.15559,2.45589,8.02684
4.15659,2.45112,8.01433
4.15759,2.44636,8.00195
4.15859,2.44159,7.98969
4.15959,2.43681,7.97755
4.16059,2.43204,7.96552
4.16159,2.42726,7.95361
4.16259,2.42247,7.94181
4.16359,2.41768,7.93014
4.16459,2.41289,7.91857
4.16559,2.4081,7.90712
4.16659,2.4033,7.89578
4.16759,2.3985,7.88456
4.16859,2.39369,7.87345
4.16959,2.38888,7.86244
4.17059,2.38407,7.85155
4.17159,2.37925,7.84077
4.17259,2.37443,7.83009
4.17359,2.3696,7.81953
4.17459,2.36478,7.80907
4.17559,2.35994,7.79872
4.17659,2.35511,7.78847
4.17759,2.35027,7.77834
4.17859,2.34543,7.7683
4.17959,2.34058,7.75837
4.18059,2.33573,7.74855
4.18159,2.33087,7.73882
4.18259,2.32602,7.7292
4.18359,2.32115,7.71968
4.18459,2.31629,7.71027
4.18559,2.31142,7.70095
4.18659,2.30655,7.69174
4.18759,2.30167,7.68262
4.18859,2.29679,7.6736
4.18959,2.29191,7.66469
4.19059,2.28702,7.65587
4.19159,2.28212,7.64714
4.19259,2.27723,7.63852
4.19359,2.27233,7.62999
4.19459,2.26743,7.62156
4.19559,2.26252,7.61322
4.19659,2.25761,7.60498
4.19759,2.25269,7.59683
4.19859,2.24777,7.58878
4.19959,2.24285,7.58082
4.20059,2.23792,7.57296
4.20159,2.23299,7.56519
4.20259,2.22806,7.55751
4.20359,2.22312,7.54992
4.20459,2.21817,7.54242
4.20559,2.21323,7.53502
4.20659,2.20828,7.5277
4.20759,2.20332,7.52048
4.20859,2.19836,7.51334
4.20959,2.1934,7.5063
4.21059,2.18843,7.49934
4.21159,2.18346,7.49247
4.21259,2.17849,7.4857
4.21359,2.17351,7.479
4.21459,2.16853,7.4724
4.21559,2.16354,7.46588
4.21659,2.15855,7.45946
4.21759,2.15355,7.45311
4.21859,2.14855,7.44686
4.21959,2.14355,7.44068
4.22059,2.13854,7.4346
4.22159,2.13353,7.4286
4.22259,2.12852,7.42268
4.22359,2.1235,7.41685
4.22459,2.11847,7.41111
4.22559,2.11344,7.40544
4.22659,2.10841,7.39986
4.22759,2.10337,7.39437
4.22859,2.09833,7.38895
4.22959,2.09329,7.38362
4.23059,2.08824,7.37837
4.23159,2.08319,7.37321
4.23259,2.07813,7.36812
4.23359,2.07307,7.36312
4.23459,2.068,7.3582
4.23559,2.06293,7.35336
4.23659,2.05785,7.3486
4.23759,2.05277,7.34392
4.23859,2.04769,7.33932
4.23959,2.0426,7.33481
4.24059,2.03751,7.33037
4.24159,2.03241,7.32601
4.24259,2.02731,7.32173
4.24359,2.02221,7.31753
4.24459,2.0171,7.31341
4.24559,2.01198,7.30936
4.24659,2.00686,7.3054
4.24759,2.00174,7.30151
4.24859,0,7.2977
4.24959,0,7.29397
4.25059,0,7.29032
4.25159,0,7.28675
4.25259,0,7.28325
4.25359,0,7.27983
4.25459,0,7.27649
4.25559,0,7.27322
4.25659,0,7.27003
4.25759,0,7.26692
4.25859,0,7.26388
4.25959,0,7.26092
4.26059,0,7.25803
4.26159,0,7.25523
4.26259,0,7.25249
4.26359,0,7.24984
4.26459,0,7.24725
4.26559,0,7.24475
4.26659,0,7.24232
4.26759,0,7.23996
4.26859,0,7.23768
4.26959,0,7.23547
4.27059,0,7.23334
4.27159,0,7.23129
4.27259,0,7.22931
4.27359,0,7.2274
4.27459,0,7.22557
4.27559,0,7.22381
4.27659,0,7.22212
4.27759,0,7.22051
4.27859,0,7.21898
4.27959,0,7.21751
4.28059,0,7.21613
4.28159,0,7.21481
4.28259,0,7.21357
4.28359,0,7.21241
4.28459,0,7.21131
4.28559,0,7.21029
4.28659,0,7.20935
4.28759,0,7.20848
4.28859,0,7.20768
4.28959,0,7.20695
4.29059,0,7.2063
4.29159,0,7.20573
4.29259,0,7.20522
4.29359,0,7.20479
4.29459,0,7.20443
4.29559,0,7.20415
4.29659,0,7.20394
4.29759,0,7.2038
4.29859,0,7.20374
4.29959,0,7.20375
4.30059,0,7.20383
4.30159,0,7.20399
4.30259,0,7.20422
4.30359,0,7.20452
4.30459,0,7.2049
4.30559,0,7.20535
4.30659,0,7.20587
4.30759,0,7.20647
4.30859,0,7.20714
4.30959,0,7.20788
4.31059,0,7.2087
4.31159,0,7.20959
4.31259,0,7.21056
4.31359,0,7.2116
4.31459,0,7.21271
4.31559,0,7.2139
4.31659,0,7.21516
4.31759,0,7.2165
4.31859,0,7.21791
4.31959,0,7.21939
4.32059,0,7.22095
4.32159,0,7.22258
4.32259,0,7.22429
4.32359,0,7.22607
4.32459,0,7.22793
4.32559,0,7.22986
4.32659,0,7.23187
4.32759,0,7.23395
4.32859,0,7.2361
4.32959,0,7.23833
4.33059,0,7.24064
4.33159,0,7.24302
4.33259,0,7.24548
4.33359,0,7.24802
4.33459,0,7.25063
4.33559,0,7.25331
4.33659,0,7.25607
4.33759,0,7.25891
4.33859,0,7.26183
4.33959,0,7.26482
4.34059,0,7.26788
4.34159,0,7.27103
4.34259,0,7.27425
4.34359,0,7.27755
4.34459,0,7.28093
4.34559,0,7.28438
4.34659,0,7.28791
4.34759,0,7.29152
4.34859,0,7.29521
4.34959,0,7.29898
4.35059,0,7.30282
4.35159,0,7.30675
4.35259,0,7.31075
4.35359,0,7.31483
4.35459,0,7.31899
4.35559,0,7.32323
4.35659,0,7.32755
4.35759,0,7.33195
4.35859,0,7.33644
4.35959,0,7.341
4.36059,0,7.34564
4.36159,0,7.35036
4.36259,0,7.35517
4.36359,0,7.36005
4.36459,0,7.36502
4.36559,0,7.37007
4.36659,0,7.3752
4.36759,0,7.38042
4.36859,0,7.38572
4.36959,0,7.3911
4.37059,0,7.39656
4.37159,0,7.40211
4.37259,0,7.40774
4.37359,0,7.41346
4.37459,0,7.41926
4.37559,0,7.42515
4.37659,0,7.43112
4.37759,0,7.43718
4.37859,0,7.44332
4.37959,0,7.44955
4.38059,0,7.45586
4.38159,0,7.46227
4.38259,0,7.46876
4.38359,0,7.47533
4.38459,0,7.482
4.38559,0,7.48875
4.38659,0,7.49559
4.38759,0,7.50252
4.38859,0,7.50955
4.38959,0,7.51666
4.39059,0,7.52386
4.39159,0,7.53115
4.39259,0,7.53853
4.39359,0,7.546
4.39459,0,7.55357
4.39559,0,7.56123
4.39659,0,7.56898
4.39759,0,7.57682
4.39859,0,7.58476
4.39959,0,7.59279
4.40059,0,7.60091
4.40159,0,7.60913
4.40259,0,7.61744
4.40359,0,7.62586
4.40459,0,7.63436
4.40559,0,7.64296
4.40659,0,7.65167
4.40759,0,7.66046
4.40859,0,7.66936
4.40959,0,7.67835
4.41059,0,7.68745
4.41159,0,7.69664
4.41259,0,7.70593
4.41359,0,7.71533
4.41459,0,7.72482
4.41559,0,7.73442
4.41659,0,7.74412
4.41759,0,7.75392
4.41859,0,7.76382
4.41959,0,7.77383
4.42059,0,7.78395
4.42159,0,7.79417
4.42259,0,7.80449
4.42359,0,7.81492
4.42459,0,7.82546
4.42559,0,7.8361
4.42659,0,7.84685
4.42759,0,7.85771
4.42859,0,7.86868
4.42959,0,7.87977
4.43059,0,7.89096
4.43159,0,7.90226
4.43259,0,7.91367
4.43359,0,7.9252
4.43459,0,7.93684
4.43559,0,7.94859
4.43659,0,7.96046
4.43759,0,7.97244
4.43859,0,7.98454
4.43959,0,7.99676
4.44059,0,8.00909
4.44159,0,8.02154
4.44259,0,8.03411
4.44359,0,8.0468
4.44459,0,8.05961
4.44559,0,8.07254
4.44659,0,8.0856
4.44759,0,8.09877
4.44859,0,8.11207
4.44959,0,8.1255
4.45059,0,8.13905
4.45159,0,8.15272
4.45259,0,8.16653
4.45359,0,8.18046
4.45459,0,8.19451
4.45559,0,8.2087
4.45659,0,8.22302
4.45759,0,8.23747
4.45859,0,8.25205
4.45959,0,8.26676
4.46059,0,8.28161
4.46159,0,8.29659
4.46259,0,8.31171
4.46359,0,8.32697
4.46459,0,8.34236
4.46559,0,8.35789
4.46659,0,8.37356
4.46759,0,8.38938
4.46859,0,8.40533
4.46959,0,8.42142
4.47059,0,8.43766
4.47159,0,8.45455
4.47259,0,8.47369
4.47359,0,8.49298
4.47459,0,8.51241
4.47559,0,8.53199
4.47659,0,8.55172
4.47759,0,8.57161
4.47859,0,8.59164
4.47959,0,8.61182
4.48059,0,8.63216
4.48159,0,8.65265
4.48259,0,8.6733
4.48359,0,8.69411
4.48459,0,8.71508
4.48559,0,8.7362
4.48659,0,8.75749
4.48759,0,8.77893
4.48859,0,8.80055
4.48959,0,8.82232
4.49059,0,8.84426
4.49159,0,8.86637
4.49259,0,8.88865
4.49359,0,8.9111
4.49459,0,8.93372
4.49559,0,8.95652
4.49659,0,8.97949
4.49759,0,9.00263
4.49859,0,9.02596
4.49959,0,9.04946
4.50059,0,9.07314
4.50159,0,9.097
4.50259,0,9.12105
4.50359,0,9.14528
4.50459,0,9.1697
4.50559,0,9.19431
4.50659,0,9.2191
4.50759,0,9.24409
4.50859,0,9.26927
4.50959,0,9.29465
4.51059,0,9.32022
4.51159,0,9.34599
4.51259,0,9.37196
4.51359,0,9.39813
4.51459,0,9.42451
4.51559,0,9.45109
4.51659,0,9.47788
4.51759,0,9.50487
4.51859,0,9.53208
4.51959,0,9.5595
4.52059,0,9.58714
4.52159,0,9.61499
4.52259,0,9.64305
4.52359,0,9.67134
4.52459,0,9.69986
4.52559,0,9.72859
4.52659,0,9.75755
4.52759,0,9.78675
4.52859,0,9.81617
4.52959,0,9.84582
4.53059,0,9.87571
4.53159,0,9.90584
4.53259,0,9.9362
4.53359,0,9.96681
4.53459,0,9.99766
4.53559,0,10.0288
4.53659,0,10.0601
4.53759,0,10.0917
4.53859,0,10.1236
4.53959,0,10.1557
4.54059,0,10.188
4.54159,0,10.2206
4.54259,0,10.2535
4.54359,0,10.2867
4.54459,0,10.3201
4.54559,0,10.3538
4.54659,0,10.3878
4.54759,0,10.422
4.54859,0,10.4565
4.54959,0,10.4913
4.55059,0,10.5264
4.55159,0,10.5618
4.55259,0,10.5975
4.55359,0,10.6334
4.55459,0,10.6697
4.55559,0,10.7062
4.55659,0,10.7431
4.55759,0,10.7803
4.55859,0,10.8177
4.55959,0,10.8555
4.56059,0,10.8936
4.56159,0,10.932
4.56259,0,10.9707
4.56359,0,11.0098
4.56459,0,11.0492
4.56559,0,11.0889
4.56659,0,11.129
4.56759,0,11.1694
4.56859,0,11.2101
4.56959,0,11.2512
4.57059,0,11.2926
4.57159,0,11.3344
4.57259,0,11.3765
4.57359,0,11.419
4.57459,0,11.4619
4.57559,0,11.5051
4.57659,0,11.5487
4.57759,0,11.5927
4.57859,0,11.6371
4.57959,0,11.6818
4.58059,0,11.7269
4.58159,0,11.7725
4.58259,0,11.8184
4.58359,0,11.8647
4.58459,0,11.9114
4.58559,0,11.9586
4.58659,0,12.0061
4.58759,0,12.0541
4.58859,0,12.1025
4.58959,0,12.1513
4.59059,0,12.2006
4.59159,0,12.2503
4.59259,0,12.3005
4.59359,0,12.3511
4.59459,0,12.4021
4.59559,0,12.4536
4.59659,0,12.5056
4.59759,0,12.5581
4.59859,0,12.611
4.59959,0,12.6644
4.60059,0,12.7183
4.60159,0,12.7727
4.60259,0,12.8275
4.60359,0,12.8829
4.60459,0,12.9388
4.60559,0,12.9953
4.60659,0,13.0522
4.60759,0,13.1097
4.60859,0,13.1677
4.60959,0,13.2262
4.61059,0,13.2853
4.61159,0,13.345
4.61259,0,13.4052
4.61359,0,13.4659
4.61459,0,13.5273
4.61559,0,13.5892
4.61659,0,13.6518
4.61759,0,13.7149
4.61859,0,13.7786
4.61959,0,13.843
4.62059,0,13.9079
4.62159,0,13.9735
4.62259,0,14.0397
4.62359,0,14.1066
4.62459,0,14.1741
4.62559,0,14.2423
4.62659,0,14.3112
4.62759,0,14.3807
4.62859,0,14.4509
4.62959,0,14.5218
4.63059,0,14.5934
4.63159,0,14.6658
4.63259,0,14.7388
4.63359,0,14.8126
4.63459,0,14.8871
4.63559,0,14.9624
4.63659,0,15.0384
4.63759,0,15.1152
4.63859,0,15.1928
4.63959,0,15.2712
4.64059,0,15.3504
4.64159,0,15.4304
4.64259,0,15.5112
4.64359,0,15.5929
4.64459,0,15.6754
4.64559,0,15.7587
4.64659,0,15.843
4.64759,0,15.9281
4.64859,0,16.0141
4.64959,0,16.101
4.65059,0,16.1889
4.65159,0,16.2776
4.65259,0,16.3674
4.65359,0,16.458
4.65459,0,16.5497
4.65559,0,16.6423
4.65659,0,16.736
4.65759,0,16.8306
4.65859,0,16.9263
4.65959,0,17.023
4.66059,0,17.1208
4.66159,0,17.2197
4.66259,0,17.3196
4.66359,0,17.4207
4.66459,0,17.5229
4.66559,0,17.6262
4.66659,0,17.7307
4.66759,0,17.8364
4.66859,0,17.9432
4.66959,0,18.0513
4.67059,0,18.1605
4.67159,0,18.2711
4.67259,0,18.3829
4.67359,0,18.4959
4.67459,0,18.6103
4.67559,0,18.726
4.67659,0,18.8431
4.67759,0,18.9615
4.67859,0,19.0813
4.67959,0,19.2025
4.68059,0,19.3252
4.68159,0,19.4493
4.68259,0,19.5748
4.68359,0,19.7019
4.68459,0,19.8305
4.68559,0,19.9606
4.68659,0,20.0923
4.68759,0,20.2256
4.68859,0,20.3606
4.68959,0,20.4972
4.69059,0,20.6354
4.69159,0,20.7754
4.69259,0,20.9171
4.69359,0,21.0605
4.69459,0,21.2058
4.69559,0,21.3528
4.69659,0,21.5017
4.69759,0,21.6525
4.69859,0,21.8052
4.69959,0,21.9599
4.70059,0,22.1165
4.70159,0,22.2752
4.70259,0,22.4359
4.70359,0,22.5987
4.70459,0,22.7635
4.70559,0,22.9306
4.70659,0,23.0998
4.70759,0,23.2713
4.70859,0,23.4451
4.70959,0,23.6211
4.71059,0,23.7995
4.71159,0,23.9804
4.71259,0,24.1636
4.71359,0,24.3493
4.71459,0,24.5376
4.71559,0,24.7284
4.71659,0,24.9219
4.71759,0,25.118
4.71859,0,25.3168
4.71959,0,25.5184
4.72059,0,25.7229
4.72159,0,25.9302
4.72259,0,26.1404
4.72359,0,26.3536
4.72459,0,26.5698
4.72559,0,26.7892
4.72659,0,27.0117
4.72759,0,27.2374
4.72859,0,27.4664
4.72959,0,27.6988
4.73059,0,27.9345
4.73159,0,28.1738
4.73259,0,28.4166
4.73359,0,28.663
4.73459,0,28.913
4.73559,0,29.1669
4.73659,0,29.4246
4.73759,0,29.6862
4.73859,0,29.9518
4.73959,0,30.2215
4.74059,0,30.4954
4.74159,0,30.7735
4.74259,0,31.0559
4.74359,0,31.3428
4.74459,0,31.6342
4.74559,0,31.9302
4.74659,0,32.2309
4.74759,0,32.5364
4.74859,0,32.8469
4.74959,0,33.1624
4.75059,0,33.483
4.75159,0,33.8089
4.75259,0,34.1402
4.75359,0,34.4769
4.75459,0,34.8192
4.75559,0,35.1673
4.75659,0,35.5212
4.75759,0,35.8812
4.75859,0,36.2472
4.75959,0,36.6195
4.76059,0,36.9983
4.76159,0,37.3836
4.76259,0,37.7756
4.76359,0,38.1745
4.76459,0,38.5804
4.76559,0,38.9935
4.76659,0,39.414
4.76759,0,39.8421
4.76859,0,40.2778
4.76959,0,40.7215
4.77059,0,41.1733
4.77159,0,41.6335
4.77259,0,42.1021
4.77359,0,42.5795
4.77459,0,43.0658
4.77559,0,43.5613
4.77659,0,44.0662
4.77759,0,44.5808
4.77859,0,45.1052
4.77959,0,45.6399
4.78059,0,46.1849
4.78159,0,46.7406
4.78259,0,47.3073
4.78359,0,47.8852
4.78459,0,48.4747
4.78559,0,49.0761
4.78659,0,49.6897
4.78759,0,50.3158
4.78859,0,50.9548
4.78959,0,51.6071
4.79059,0,52.2729
4.79159,0,52.9527
4.79259,0,53.6469
4.79359,0,54.3558
4.79459,0,55.08
4.79559,0,55.8198
4.79659,0,56.5758
4.79759,0,57.3483
4.79859,0,58.1378
4.79959,0,58.945
4.80059,0,59.7702
4.80159,0,60.6141
4.80259,0,61.4772
4.80359,0,62.3601
4.80459,0,63.2634
4.80559,0,64.1877
4.80659,0,65.1338
4.80759,0,66.1022
4.80859,0,67.0938
4.80959,0,68.1092
4.81059,0,69.1492
4.81159,0,70.2146
4.81259,0,71.3063
4.81359,0,72.4251
4.81459,0,73.572
4.81559,0,74.7479
4.81659,0,75.9537
4.81759,0,77.1905
4.81859,0,78.4594
4.81959,0,79.7616
4.82059,0,81.098
4.82159,0,82.4701
4.82259,0,83.879
4.82359,0,85.3261
4.82459,0,86.8129
4.82559,0,88.3406
4.82659,0,89.911
4.82759,0,91.5255
4.82859,0,93.1859
4.82959,0,94.8939
4.83059,0,96.6514
4.83159,0,98.4602
4.83259,0,100.322
4.83359,0,102.24
4.83459,0,104.216
4.83559,0,106.251
4.83659,0,108.35
4.83759,0,110.513
4.83859,0,112.744
4.83959,0,115.047
4.84059,0,117.422
4.84159,0,119.875
4.84259,0,122.409
4.84359,0,125.026
4.84459,0,127.731
4.84559,0,130.527
4.84659,0,133.419
4.84759,0,136.412
4.84859,0,139.51
4.84959,0,142.717
4.85059,0,146.04
4.85159,0,149.483
4.85259,0,153.053
4.85359,0,156.756
4.85459,0,160.599
4.85559,0,164.589
4.85659,0,168.733
4.85759,0,173.039
4.85859,0,177.516
4.85959,0,182.174
4.86059,0,187.022
4.86159,0,192.071
4.86259,0,197.331
4.86359,0,202.815
4.86459,0,208.536
4.86559,0,214.507
4.86659,0,220.743
4.86759,0,227.261
4.86859,0,234.078
4.86959,0,241.212
4.87059,0,248.682
4.87159,0,256.512
4.87259,0,264.723
4.87359,0,273.341
4.87459,0,282.394
4.87559,0,291.912
4.87659,0,301.926
4.87759,0,312.472
4.87859,0,323.588
4.87959,0,335.316
4.88059,0,347.702
4.88159,0,360.796
4.88259,0,374.654
4.88359,0,389.334
4.88459,0,404.905
4.88559,0,421.439
4.88659,0,439.018
4.88759,0,457.732
4.88859,0,477.68
4.88959,0,498.973
4.89059,0,521.736
4.89159,0,546.107
4.89259,0,572.24
4.89359,0,600.31
4.89459,0,630.514
4.89559,0,663.072
4.89659,0,698.237
4.89759,0,736.294
4.89859,0,777.57
4.89959,0,822.437
4.90059,0,871.325
4.90159,0,924.73
4.90259,0,983.224
4.90359,0,1047.48
4.90459,0,1118.27
4.90559,0,1196.52
4.90659,0,1283.32
4.90759,0,1379.95
4.90859,0,1487.96
4.90959,0,1609.2
4.91059,0,1745.94
4.91159,0,1900.94
4.91259,0,2077.58
4.91359,0,2280.1
4.91459,0,2513.81
4.91559,0,2785.46
4.91659,0,3103.73
4.91759,0,3479.93
4.91859,0,3929.03
4.91959,0,4471.15
4.92059,0,5133.88
4.92159,0,5955.84
4.92259,0,6992.43
4.92359,0,8325.47
4.92459,0,10079.8
4.92559,0,12453.5
4.92659,0,15776.7
4.92759,0,20632.7
4.92859,0,28132.2
4.92959,0,40610.3
4.93059,0,63691.1
4.93159,0,113942
4.93259,0,259634
4.93359,0,1.08E+06
