a, Eruling, Ebend
3.14159 , 297.041, inf
3.14259 , 297.041, 154186
3.14359 , 297.04, 39177.1
3.14459 , 297.04, 17849.5
3.14559 , 297.039, 10363.2
3.14659 , 297.038, 6881.91
3.14759 , 297.037, 4978.16
3.14859 , 297.037, 3820.19
3.14959 , 297.036, 3060.44
3.15059 , 297.035, 2532.82
3.15159 , 297.034, 2149.79
3.15259 , 297.033, 1861.64
3.15359 , 297.032, 1638.43
3.15459 , 297.031, 1461.26
3.15559 , 297.03, 1317.68
3.15659 , 297.028, 1199.23
3.15759 , 297.027, 1100.01
3.15859 , 297.026, 1015.77
3.15959 , 297.024, 943.397
3.16059 , 297.023, 880.579
3.16159 , 297.022, 825.545
3.16259 , 297.02, 776.932
3.16359 , 297.019, 733.674
3.16459 , 297.017, 694.925
3.16559 , 297.015, 660.008
3.16659 , 297.014, 628.372
3.16759 , 297.012, 599.57
3.16859 , 297.01, 573.229
3.16959 , 297.009, 549.041
3.17059 , 297.007, 526.748
3.17159 , 297.005, 506.131
3.17259 , 297.003, 487.003
3.17359 , 297.001, 469.206
3.17459 , 296.999, 452.603
3.17559 , 296.997, 437.075
3.17659 , 296.995, 422.519
3.17759 , 296.992, 408.846
3.17859 , 296.99, 395.976
3.17959 , 296.988, 383.84
3.18059 , 296.986, 372.375
3.18159 , 296.983, 361.528
3.18259 , 296.981, 351.249
3.18359 , 296.978, 341.495
3.18459 , 296.976, 332.226
3.18559 , 296.973, 323.407
3.18659 , 296.971, 315.007
3.18759 , 296.968, 306.995
3.18859 , 296.965, 299.347
3.18959 , 296.962, 292.038
3.19059 , 296.96, 285.046
3.19159 , 296.957, 278.352
3.19259 , 296.954, 271.937
3.19359 , 296.951, 265.785
3.19459 , 296.948, 259.88
3.19559 , 296.945, 254.208
3.19659 , 296.942, 248.756
3.19759 , 296.939, 243.511
3.19859 , 296.936, 238.463
3.19959 , 296.932, 233.601
3.20059 , 296.929, 228.916
3.20159 , 296.926, 224.398
3.20259 , 296.922, 220.038
3.20359 , 296.919, 215.83
3.20459 , 296.916, 211.766
3.20559 , 296.912, 207.838
3.20659 , 296.909, 204.041
3.20759 , 296.905, 200.368
3.20859 , 296.901, 196.814
3.20959 , 296.898, 193.374
3.21059 , 296.894, 190.042
3.21159 , 296.89, 186.814
3.21259 , 296.886, 183.685
3.21359 , 296.882, 180.652
3.21459 , 296.878, 177.709
3.21559 , 296.874, 174.854
3.21659 , 296.87, 172.083
3.21759 , 296.866, 169.393
3.21859 , 296.862, 166.78
3.21959 , 296.858, 164.241
3.22059 , 296.854, 161.774
3.22159 , 296.85, 159.376
3.22259 , 296.845, 157.044
3.22359 , 296.841, 154.776
3.22459 , 296.836, 152.569
3.22559 , 296.832, 150.421
3.22659 , 296.828, 148.331
3.22759 , 296.823, 146.296
3.22859 , 296.818, 144.314
3.22959 , 296.814, 142.383
3.23059 , 296.809, 140.502
3.23159 , 296.804, 138.669
3.23259 , 296.8, 136.883
3.23359 , 296.795, 135.141
3.23459 , 296.79, 133.443
3.23559 , 296.785, 131.786
3.23659 , 296.78, 130.171
3.23759 , 296.775, 128.595
3.23859 , 296.77, 127.056
3.23959 , 296.765, 125.555
3.24059 , 296.759, 124.09
3.24159 , 296.754, 122.659
3.24259 , 296.749, 121.263
3.24359 , 296.744, 119.898
3.24459 , 296.738, 118.566
3.24559 , 296.733, 117.265
3.24659 , 296.727, 115.993
3.24759 , 296.722, 114.75
3.24859 , 296.716, 113.536
3.24959 , 296.711, 112.35
3.25059 , 296.705, 111.189
3.25159 , 296.699, 110.055
3.25259 , 296.694, 108.947
3.25359 , 296.688, 107.863
3.25459 , 296.682, 106.802
3.25559 , 296.676, 105.766
3.25659 , 296.67, 104.751
3.25759 , 296.664, 103.759
3.25859 , 296.658, 102.789
3.25959 , 296.652, 101.839
3.26059 , 296.646, 100.91
3.26159 , 296.64, 100.001
3.26259 , 296.634, 99.1117
3.26359 , 296.627, 98.2411
3.26459 , 296.621, 97.3891
3.26559 , 296.615, 96.5552
3.26659 , 296.608, 95.7389
3.26759 , 296.602, 94.9398
3.26859 , 296.595, 94.1576
3.26959 , 296.589, 93.3919
3.27059 , 296.582, 92.6422
3.27159 , 296.575, 91.9082
3.27259 , 296.569, 91.1896
3.27359 , 296.562, 90.4861
3.27459 , 296.555, 89.7972
3.27559 , 296.548, 89.1226
3.27659 , 296.541, 88.4622
3.27759 , 296.534, 87.8154
3.27859 , 296.527, 87.1822
3.27959 , 296.52, 86.5621
3.28059 , 296.513, 85.955
3.28159 , 296.506, 85.3604
3.28259 , 296.499, 84.7783
3.28359 , 296.492, 84.2083
3.28459 , 296.484, 83.6502
3.28559 , 296.477, 83.1038
3.28659 , 296.47, 82.5688
3.28759 , 296.462, 82.045
3.28859 , 296.455, 81.5322
3.28959 , 296.447, 81.0302
3.29059 , 296.44, 80.5388
3.29159 , 296.432, 80.0578
3.29259 , 296.424, 79.5871
3.29359 , 296.417, 79.1263
3.29459 , 296.409, 78.6754
3.29559 , 296.401, 78.2341
3.29659 , 296.393, 77.8024
3.29759 , 296.385, 77.38
3.29859 , 296.377, 76.9668
3.29959 , 296.369, 76.5626
3.30059 , 296.361, 76.1674
3.30159 , 296.353, 75.7808
3.30259 , 296.345, 75.4029
3.30359 , 296.337, 75.0334
3.30459 , 296.328, 74.6722
3.30559 , 296.32, 74.3193
3.30659 , 296.312, 73.9744
3.30759 , 296.303, 73.6375
3.30859 , 296.295, 73.3084
3.30959 , 296.286, 72.9871
3.31059 , 296.278, 72.6734
3.31159 , 296.269, 72.3672
3.31259 , 296.26, 72.0684
3.31359 , 296.252, 71.7769
3.31459 , 296.243, 71.4926
3.31559 , 296.234, 71.2155
3.31659 , 296.225, 70.9453
3.31759 , 296.216, 70.6821
3.31859 , 296.207, 70.4258
3.31959 , 296.198, 70.1763
3.32059 , 296.189, 69.9334
3.32159 , 296.18, 69.6971
3.32259 , 296.171, 69.4674
3.32359 , 296.162, 69.2442
3.32459 , 296.153, 69.0274
3.32559 , 296.143, 68.8169
3.32659 , 296.134, 68.6126
3.32759 , 296.125, 68.4146
3.32859 , 296.115, 68.2227
3.32959 , 296.106, 68.0369
3.33059 , 296.096, 67.8571
3.33159 , 296.086, 67.6833
3.33259 , 296.077, 67.5155
3.33359 , 296.067, 67.3535
3.33459 , 296.057, 67.1973
3.33559 , 296.048, 67.047
3.33659 , 296.038, 66.9023
3.33759 , 296.028, 66.7634
3.33859 , 296.018, 66.6301
3.33959 , 296.008, 66.5025
3.34059 , 295.998, 66.3804
3.34159 , 295.988, 66.2639
3.34259 , 295.978, 66.1529
3.34359 , 295.967, 66.0474
3.34459 , 295.957, 65.9474
3.34559 , 295.947, 65.8528
3.34659 , 295.936, 65.7637
3.34759 , 295.926, 65.6799
3.34859 , 295.916, 65.6015
3.34959 , 295.905, 65.5284
3.35059 , 295.895, 65.4607
3.35159 , 295.884, 65.3982
3.35259 , 295.873, 65.3411
3.35359 , 295.863, 65.2893
3.35459 , 295.852, 65.2427
3.35559 , 295.841, 65.2015
3.35659 , 295.83, 65.1654
3.35759 , 295.819, 65.1347
3.35859 , 295.808, 65.1092
3.35959 , 295.797, 65.0889
3.36059 , 295.786, 65.0739
3.36159 , 295.775, 65.0641
3.36259 , 295.764, 65.0596
3.36359 , 295.753, 65.0604
3.36459 , 295.742, 65.0664
3.36559 , 295.73, 65.0776
3.36659 , 295.719, 65.0942
3.36759 , 295.708, 65.1161
3.36859 , 295.696, 65.1432
3.36959 , 295.685, 65.1757
3.37059 , 295.673, 65.2135
3.37159 , 295.661, 65.2566
3.37259 , 295.65, 65.3052
3.37359 , 295.638, 65.3591
3.37459 , 295.626, 65.4184
3.37559 , 295.615, 65.4832
3.37659 , 295.603, 65.5535
3.37759 , 295.591, 65.6292
3.37859 , 295.579, 65.7105
3.37959 , 295.567, 65.7974
3.38059 , 295.555, 65.8898
3.38159 , 295.543, 65.9879
3.38259 , 295.53, 66.0917
3.38359 , 295.518, 66.2012
3.38459 , 295.506, 66.3164
3.38559 , 295.494, 66.4375
3.38659 , 295.481, 66.5644
3.38759 , 295.469, 66.6972
3.38859 , 295.456, 66.836
3.38959 , 295.444, 66.9807
3.39059 , 295.431, 67.1316
3.39159 , 295.419, 67.2885
3.39259 , 295.406, 67.4517
3.39359 , 295.393, 67.6211
3.39459 , 295.38, 67.7968
3.39559 , 295.368, 67.9789
3.39659 , 295.355, 68.1675
3.39759 , 295.342, 68.3626
3.39859 , 295.329, 68.5643
3.39959 , 295.316, 68.7727
3.40059 , 295.303, 68.9879
3.40159 , 295.29, 69.21
3.40259 , 295.276, 69.439
3.40359 , 295.263, 69.675
3.40459 , 295.25, 69.9182
3.40559 , 295.237, 70.1686
3.40659 , 295.223, 70.4264
3.40759 , 295.21, 70.6916
3.40859 , 295.196, 70.9644
3.40959 , 295.183, 71.2448
3.41059 , 295.169, 71.5331
3.41159 , 295.155, 71.8292
3.41259 , 295.142, 72.1334
3.41359 , 295.128, 72.4458
3.41459 , 295.114, 72.7665
3.41559 , 295.1, 73.0956
3.41659 , 295.086, 73.4333
3.41759 , 295.072, 73.7797
3.41859 , 295.058, 74.135
3.41959 , 295.044, 74.4994
3.42059 , 295.03, 74.873
3.42159 , 295.016, 75.2559
3.42259 , 295.002, 75.6484
3.42359 , 294.988, 76.0507
3.42459 , 294.973, 76.4628
3.42559 , 294.959, 76.8851
3.42659 , 294.945, 77.3177
3.42759 , 294.93, 77.7608
3.42859 , 294.916, 78.2147
3.42959 , 294.901, 78.6795
3.43059 , 294.886, 79.1555
3.43159 , 294.872, 79.6429
3.43259 , 294.857, 80.1419
3.43359 , 294.842, 80.6529
3.43459 , 294.827, 81.1761
3.43559 , 294.812, 81.7117
3.43659 , 294.797, 82.26
3.43759 , 294.783, 82.8213
3.43859 , 294.767, 83.3959
3.43959 , 294.752, 83.9842
3.44059 , 294.737, 84.5863
3.44159 , 294.722, 85.2028
3.44259 , 294.707, 85.8339
3.44359 , 294.691, 86.4799
3.44459 , 294.676, 87.1412
3.44559 , 294.661, 87.8183
3.44659 , 294.645, 88.5115
3.44759 , 294.63, 89.2212
3.44859 , 294.614, 89.9478
3.44959 , 294.599, 90.6918
3.45059 , 294.583, 91.4537
3.45159 , 294.567, 92.2339
3.45259 , 294.551, 93.0328
3.45359 , 294.536, 93.8511
3.45459 , 294.52, 94.6892
3.45559 , 294.504, 95.5477
3.45659 , 294.488, 96.4272
3.45759 , 294.472, 97.3283
3.45859 , 294.456, 98.2515
3.45959 , 294.44, 99.1975
3.46059 , 294.423, 100.167
3.46159 , 294.407, 101.161
3.46259 , 294.391, 102.179
3.46359 , 294.375, 103.223
3.46459 , 294.358, 104.294
3.46559 , 294.342, 105.392
3.46659 , 294.325, 106.518
3.46759 , 294.309, 107.673
3.46859 , 294.292, 108.858
3.46959 , 294.275, 110.073
3.47059 , 294.259, 111.321
3.47159 , 294.242, 112.602
3.47259 , 294.225, 113.916
3.47359 , 294.208, 115.266
3.47459 , 294.191, 116.652
3.47559 , 294.174, 118.075
3.47659 , 294.157, 119.538
3.47759 , 294.14, 121.041
3.47859 , 294.123, 122.585
3.47959 , 294.106, 124.173
3.48059 , 294.089, 125.805
3.48159 , 294.072, 127.484
3.48259 , 294.054, 129.211
3.48359 , 294.037, 130.988
3.48459 , 294.02, 132.817
3.48559 , 294.002, 134.7
3.48659 , 293.985, 136.639
3.48759 , 293.967, 138.636
3.48859 , 293.949, 140.693
3.48959 , 293.932, 142.814
3.49059 , 293.914, 144.999
3.49159 , 293.896, 147.254
3.49259 , 293.878, 149.579
3.49359 , 293.86, 151.979
3.49459 , 293.842, 154.455
3.49559 , 293.824, 157.013
3.49659 , 293.806, 159.655
3.49759 , 293.788, 162.385
3.49859 , 293.77, 165.207
3.49959 , 293.752, 168.125
3.50059 , 293.734, 171.145
3.50159 , 293.715, 174.27
3.50259 , 293.697, 177.505
3.50359 , 293.679, 180.857
3.50459 , 293.66, 184.331
3.50559 , 293.642, 187.933
3.50659 , 293.623, 191.669
3.50759 , 293.605, 195.546
3.50859 , 293.586, 199.573
3.50959 , 293.567, 203.756
3.51059 , 293.548, 208.105
3.51159 , 293.53, 212.629
3.51259 , 293.511, 217.336
3.51359 , 293.492, 222.239
3.51459 , 293.473, 227.347
3.51559 , 293.454, 232.674
3.51659 , 293.435, 238.232
3.51759 , 293.416, 244.036
3.51859 , 293.396, 250.1
3.51959 , 293.377, 256.442
3.52059 , 293.358, 263.079
3.52159 , 293.339, 270.031
3.52259 , 293.319, 277.319
3.52359 , 293.3, 284.965
3.52459 , 293.28, 292.995
3.52559 , 293.261, 301.437
3.52659 , 293.241, 310.32
3.52759 , 293.222, 319.677
3.52859 , 293.202, 329.544
3.52959 , 293.182, 339.962
3.53059 , 293.162, 350.974
3.53159 , 293.143, 362.628
3.53259 , 293.123, 374.979
3.53359 , 293.103, 388.086
3.53459 , 293.083, 402.016
3.53559 , 293.063, 416.843
3.53659 , 293.043, 432.651
3.53759 , 293.023, 449.534
3.53859 , 293.003, 467.596
3.53959 , 292.982, 486.959
3.54059 , 292.962, 507.757
3.54159 , 292.942, 530.145
3.54259 , 292.921, 554.301
3.54359 , 292.901, 580.426
3.54459 , 292.88, 608.758
3.54559 , 292.86, 639.566
3.54659 , 292.839, 673.17
3.54759 , 292.819, 709.94
3.54859 , 292.798, 750.316
3.54959 , 292.777, 794.818
3.55059 , 292.757, 844.067
3.55159 , 292.736, 898.813
3.55259 , 292.715, 959.964
3.55359 , 292.694, 1028.63
3.55459 , 292.673, 1106.18
3.55559 , 292.652, 1194.34
3.55659 , 292.631, 1295.26
3.55759 , 292.61, 1411.7
3.55859 , 292.589, 1547.25
3.55959 , 292.568, 1706.61
3.56059 , 292.546, 1896.09
3.56159 , 292.525, 2124.29
3.56259 , 292.504, 2403.19
3.56359 , 292.482, 2749.95
3.56459 , 292.461, 3189.79
3.56559 , 292.44, 3761.14
3.56659 , 292.418, 4524.93
3.56759 , 292.397, 5582.53
3.56859 , 292.375, 7113.12
3.56959 , 292.353, 9458.35
3.57059 , 292.332, 13338.2
3.57159 , 292.31, 20494
3.57259 , 292.288, 36092
3.57359 , 292.266, 81707.1
3.57459 , 292.244, 346715
3.57559 , 292.222, 6.79664e+07
3.57659 , 292.2, 266597
3.57759 , 292.178, 72490.8
3.57859 , 292.156, 34189.5
3.57959 , 292.134, 20625.2
3.58059 , 292.112, 14460.9
3.58159 , 292.09, 11309.4
3.58259 , 292.068, 9665.41
3.58359 , 292.045, 8925.28
3.58459 , 292.023, 8847.57
3.58559 , 292.001, 9384.24
3.58659 , 291.978, 10648.3
3.58759 , 291.956, 12978.5
3.58859 , 291.933, 17176.2
3.58959 , 291.911, 25257.5
3.59059 , 291.888, 43339.8
3.59159 , 291.866, 97709.8
3.59259 , 291.843, 436808
3.59359 , 291.82, 2.14911e+07
3.59459 , 291.798, 267672
3.59559 , 291.775, 79134.3
3.59659 , 291.752, 40722.2
3.59759 , 291.729, 28087.1
3.59859 , 291.706, 24293.9
3.59959 , 291.683, 26027.4
3.60059 , 291.66, 35018.1
3.60159 , 291.637, 62469.6
3.60259 , 291.614, 179369
3.60359 , 291.591, 2.90253e+06
3.60459 , 291.568, 679002
3.60559 , 291.545, 112606
3.60659 , 291.521, 45590.6
3.60759 , 291.498, 25095.9
3.60859 , 291.475, 16167
3.60959 , 291.452, 11458.8
3.61059 , 291.428, 8659.09
3.61159 , 291.405, 6851.1
3.61259 , 291.381, 5611.53
3.61359 , 291.358, 4722.52
3.61459 , 291.334, 4062.42
3.61559 , 291.311, 3558.79
3.61659 , 291.287, 3166.26
3.61759 , 291.264, 2855.19
3.61859 , 291.24, 2605.52
3.61959 , 291.216, 2403.33
3.62059 , 291.193, 2238.69
3.62159 , 291.169, 2104.4
3.62259 , 291.145, 1995.17
3.62359 , 291.121, 1907.07
3.62459 , 291.097, 1837.19
3.62559 , 291.074, 1783.36
3.62659 , 291.05, 1744.05
3.62759 , 291.026, 1718.19
3.62859 , 291.002, 1705.16
3.62959 , 290.978, 1704.68
3.63059 , 290.954, 1716.88
3.63159 , 290.93, 1742.22
3.63259 , 290.905, 1781.6
3.63359 , 290.881, 1836.35
3.63459 , 290.857, 1908.39
3.63559 , 290.833, 2000.34
3.63659 , 290.809, 2115.72
3.63759 , 290.785, 2259.3
3.63859 , 290.76, 2437.53
3.63959 , 290.736, 2659.2
3.64059 , 290.712, 2936.58
3.64159 , 290.687, 3287.01
3.64259 , 290.663, 3735.63
3.64359 , 290.639, 4320.01
3.64459 , 290.614, 5098.15
3.64559 , 290.59, 6163.49
3.64659 , 290.565, 7674.36
3.64759 , 290.541, 9916.74
3.64859 , 290.517, 13451
3.64959 , 290.492, 19501.5
3.65059 , 290.467, 31185.3
3.65159 , 290.443, 58524.7
3.65259 , 290.418, 150193
3.65359 , 290.394, 978481
3.65459 , 290.369, 3.13644e+06
3.65559 , 290.345, 219553
3.65659 , 290.32, 73747.4
3.65759 , 290.295, 37121
3.65859 , 290.271, 22717.7
3.65959 , 290.246, 15673.6
3.66059 , 290.221, 11772.5
3.66159 , 290.197, 9453.51
3.66259 , 290.172, 8036.81
3.66359 , 290.147, 7196.07
3.66459 , 290.122, 6770.14
3.66559 , 290.098, 6688.74
3.66659 , 290.073, 6944.91
3.66759 , 290.048, 7593.35
3.66859 , 290.024, 8774.08
3.66959 , 289.999, 10779.9
3.67059 , 289.974, 14231.1
3.67159 , 289.949, 20572
3.67259 , 289.924, 33772.9
3.67359 , 289.9, 68223.7
3.67459 , 289.875, 213270
3.67559 , 289.85, 4.37592e+06
3.67659 , 289.825, 679331
3.67759 , 289.801, 119447
3.67859 , 289.776, 48272
3.67959 , 289.751, 26184.6
3.68059 , 289.726, 16549.1
3.68159 , 289.701, 11489.9
3.68259 , 289.677, 8502.14
3.68359 , 289.652, 6587.64
3.68459 , 289.627, 5284.95
3.68559 , 289.602, 4356.77
3.68659 , 289.578, 3670.87
3.68759 , 289.553, 3148.8
3.68859 , 289.528, 2741.61
3.68959 , 289.504, 2417.45
3.69059 , 289.479, 2154.86
3.69159 , 289.454, 1938.94
3.69259 , 289.43, 1759.1
3.69359 , 289.405, 1607.62
3.69459 , 289.38, 1478.75
3.69559 , 289.356, 1368.18
3.69659 , 289.331, 1272.57
3.69759 , 289.307, 1189.34
3.69859 , 289.282, 1116.47
3.69959 , 289.258, 1052.32
3.70059 , 289.233, 995.592
3.70159 , 289.209, 945.231
3.70259 , 289.185, 900.367
3.70359 , 289.16, 860.287
3.70459 , 289.136, 824.395
3.70559 , 289.112, 792.197
3.70659 , 289.087, 763.276
3.70759 , 289.063, 737.282
3.70859 , 289.039, 713.917
3.70959 , 289.015, 692.928
3.71059 , 288.991, 674.103
3.71159 , 288.967, 657.257
3.71259 , 288.943, 642.237
3.71359 , 288.919, 628.911
3.71459 , 288.895, 617.166
3.71559 , 288.871, 606.911
3.71659 , 288.847, 598.069
3.71759 , 288.824, 590.576
3.71859 , 288.8, 584.384
3.71959 , 288.776, 579.455
3.72059 , 288.753, 575.764
3.72159 , 288.729, 573.297
3.72259 , 288.706, 572.05
3.72359 , 288.683, 572.031
3.72459 , 288.659, 573.26
3.72559 , 288.636, 575.765
3.72659 , 288.613, 579.591
3.72759 , 288.59, 584.793
3.72859 , 288.567, 591.441
3.72959 , 288.544, 599.623
3.73059 , 288.521, 609.442
3.73159 , 288.498, 621.026
3.73259 , 288.476, 634.521
3.73359 , 288.453, 650.106
3.73459 , 288.431, 667.99
3.73559 , 288.409, 688.418
3.73659 , 288.386, 711.684
3.73759 , 288.364, 738.134
3.73859 , 288.342, 768.182
3.73959 , 288.32, 802.321
3.74059 , 288.298, 841.143
3.74159 , 288.277, 885.362
3.74259 , 288.255, 935.845
3.74359 , 288.234, 993.655
3.74459 , 288.212, 1060.1
3.74559 , 288.191, 1136.79
3.74659 , 288.17, 1225.78
3.74759 , 288.149, 1329.64
3.74859 , 288.128, 1451.68
3.74959 , 288.107, 1596.2
3.75059 , 288.087, 1768.85
3.75159 , 288.067, 1977.19
3.75259 , 288.046, 2231.55
3.75359 , 288.026, 2546.26
3.75459 , 288.006, 2941.75
3.75559 , 287.987, 3447.87
3.75659 , 287.967, 4109.71
3.75759 , 287.948, 4997.88
3.75859 , 287.928, 6228.15
3.75959 , 287.909, 8001.01
3.76059 , 287.89, 10688.6
3.76159 , 287.872, 15047
3.76259 , 287.853, 22811.1
3.76359 , 287.835, 38729.7
3.76459 , 287.817, 80008.9
3.76559 , 287.799, 253711
3.76659 , 287.781, 5.32135e+06
3.76759 , 287.764, 800136
3.76859 , 287.747, 140604
3.76959 , 287.73, 56388.4
3.77059 , 287.713, 30257.3
3.77159 , 287.696, 18878.7
3.77259 , 287.68, 12923
3.77359 , 287.664, 9420.45
3.77459 , 287.648, 7187.59
3.77559 , 287.633, 5677.29
3.77659 , 287.617, 4608.29
3.77759 , 287.602, 3824.01
3.77859 , 287.588, 3231.63
3.77959 , 287.573, 2773.3
3.78059 , 287.559, 2411.45
3.78159 , 287.545, 2120.82
3.78259 , 287.532, 1883.9
3.78359 , 287.518, 1688.28
3.78459 , 287.506, 1524.91
3.78559 , 287.493, 1387.13
3.78659 , 287.481, 1269.89
3.78759 , 287.469, 1169.35
3.78859 , 287.457, 1082.53
3.78959 , 287.446, 1007.09
3.79059 , 287.435, 941.168
3.79159 , 287.425, 883.273
3.79259 , 287.415, 832.201
3.79359 , 287.405, 786.97
3.79459 , 287.396, 746.77
3.79559 , 287.387, 710.933
3.79659 , 287.379, 678.901
3.79759 , 287.371, 650.206
3.79859 , 287.363, 624.453
3.79959 , 287.356, 601.309
3.80059 , 287.35, 580.49
3.80159 , 287.343, 561.753
3.80259 , 287.338, 544.89
3.80359 , 287.333, 529.723
3.80459 , 287.328, 516.098
3.80559 , 287.324, 503.883
3.80659 , 287.32, 492.963
3.80759 , 287.317, 483.239
3.80859 , 287.315, 474.626
3.80959 , 287.313, 467.052
3.81059 , 287.311, 460.452
3.81159 , 287.311, 454.774
3.81259 , 287.311, 449.973
3.81359 , 287.311, 446.011
3.81459 , 287.312, 442.857
3.81559 , 287.314, 440.488
3.81659 , 287.317, 438.886
3.81759 , 287.32, 438.037
3.81859 , 287.324, 437.935
3.81959 , 287.328, 438.579
3.82059 , 287.333, 439.971
3.82159 , 287.34, 442.122
3.82259 , 287.346, 445.046
3.82359 , 287.354, 448.762
3.82459 , 287.348, 453.465
3.82559 , 287.335, 458.852
3.82659 , 287.323, 465.131
3.82759 , 287.312, 472.348
3.82859 , 287.301, 480.558
3.82959 , 287.291, 489.826
3.83059 , 287.283, 500.227
3.83159 , 287.275, 511.847
3.83259 , 287.268, 524.786
3.83359 , 287.262, 539.158
3.83459 , 287.257, 555.096
3.83559 , 287.253, 572.752
3.83659 , 287.25, 592.304
3.83759 , 287.249, 613.954
3.83859 , 287.248, 637.94
3.83959 , 287.249, 664.538
3.84059 , 287.25, 694.068
3.84159 , 287.253, 726.909
3.84259 , 287.257, 763.506
3.84359 , 287.263, 804.385
3.84459 , 287.269, 850.173
3.84559 , 287.277, 901.619
3.84659 , 287.287, 959.628
3.84759 , 287.298, 1025.29
3.84859 , 287.31, 1099.96
3.84959 , 287.324, 1185.27
3.85059 , 287.339, 1283.28
3.85159 , 287.356, 1396.56
3.85259 , 287.375, 1528.39
3.85359 , 287.395, 1682.97
3.85459 , 287.417, 1865.75
3.85559 , 287.441, 2083.95
3.85659 , 287.467, 2347.26
3.85759 , 287.255, 2669.06
3.85859 , 286.256, 3067.57
3.85959 , 285.301, 3569.39
3.86059 , 284.388, 4213.41
3.86159 , 283.512, 5058.78
3.86259 , 282.671, 6198.87
3.86359 , 281.864, 7788.24
3.86459 , 281.087, 10097.8
3.86559 , 280.339, 13638.3
3.86659 , 279.618, 19468.8
3.86759 , 278.922, 30090.4
3.86859 , 278.25, 52653.3
3.86959 , 277.6, 115083
3.87059 , 276.97, 424134
3.87159 , 276.361, 6.66098e+07
3.87259 , 275.77, 601146
3.87359 , 275.196, 137174
3.87459 , 274.64, 59291
3.87559 , 274.098, 32951.9
3.87659 , 273.572, 20975.6
3.87759 , 273.059, 14540.5
3.87859 , 272.56, 10689
3.87959 , 272.074, 8202.59
3.88059 , 271.599, 6504.86
3.88159 , 271.136, 5294.44
3.88259 , 270.684, 4401.3
3.88359 , 270.242, 3723.58
3.88459 , 269.81, 3197.29
3.88559 , 269.388, 2780.53
3.88659 , 268.974, 2444.97
3.88759 , 268.569, 2170.9
3.88859 , 268.172, 1944.24
3.88959 , 267.782, 1754.73
3.89059 , 267.401, 1594.76
3.89159 , 267.026, 1458.57
3.89259 , 266.658, 1341.74
3.89359 , 266.297, 1240.86
3.89459 , 265.942, 1153.21
3.89559 , 265.593, 1076.66
3.89659 , 265.249, 1009.49
3.89759 , 264.911, 950.298
3.89859 , 264.579, 897.944
3.89959 , 264.251, 851.493
3.90059 , 263.929, 810.166
3.90159 , 263.611, 773.316
3.90259 , 263.297, 740.399
3.90359 , 262.988, 710.956
3.90459 , 262.683, 684.6
3.90559 , 262.382, 661.001
3.90659 , 262.085, 639.877
3.90759 , 261.792, 620.987
3.90859 , 261.502, 604.125
3.90959 , 261.216, 589.115
3.91059 , 260.933, 575.803
3.91159 , 260.653, 564.059
3.91259 , 260.376, 553.771
3.91359 , 260.102, 544.843
3.91459 , 259.831, 537.195
3.91559 , 259.563, 530.757
3.91659 , 259.298, 525.472
3.91759 , 259.035, 521.295
3.91859 , 258.774, 518.187
3.91959 , 258.516, 516.121
3.92059 , 258.26, 515.077
3.92159 , 258.007, 515.044
3.92259 , 257.755, 516.018
3.92359 , 257.506, 518.002
3.92459 , 257.259, 521.008
3.92559 , 257.013, 525.056
3.92659 , 256.77, 530.174
3.92759 , 256.528, 536.399
3.92859 , 256.288, 543.775
3.92959 , 256.05, 552.36
3.93059 , 255.813, 562.219
3.93159 , 255.578, 573.432
3.93259 , 255.344, 586.091
3.93359 , 255.112, 600.303
3.93459 , 254.881, 616.194
3.93559 , 254.652, 633.909
3.93659 , 254.424, 653.615
3.93759 , 254.197, 675.506
3.93859 , 253.972, 699.808
3.93959 , 253.747, 726.783
3.94059 , 253.524, 756.734
3.94159 , 253.302, 790.018
3.94259 , 253.081, 827.052
3.94359 , 252.861, 868.326
3.94459 , 252.642, 914.421
3.94559 , 252.424, 966.025
3.94659 , 252.207, 1023.96
3.94759 , 251.991, 1089.22
3.94859 , 251.775, 1163
3.94959 , 251.561, 1246.76
3.95059 , 251.347, 1342.28
3.95159 , 251.134, 1451.79
3.95259 , 250.922, 1578.07
3.95359 , 250.711, 1724.61
3.95459 , 250.5, 1895.91
3.95559 , 250.29, 2097.76
3.95659 , 250.08, 2337.77
3.95759 , 249.871, 2626.09
3.95859 , 249.663, 2976.51
3.95959 , 249.455, 3408.07
3.96059 , 249.248, 3947.79
3.96159 , 249.041, 4634.91
3.96259 , 248.835, 5528.26
3.96359 , 248.629, 6719.26
3.96459 , 248.424, 8356.21
3.96559 , 248.219, 10692.8
3.96659 , 248.014, 14192.5
3.96759 , 247.81, 19777.2
3.96859 , 247.606, 29502.6
3.96959 , 247.403, 48759.1
3.97059 , 247.2, 95728.6
3.97159 , 246.997, 267572
3.97259 , 246.795, 2.49335e+06
3.97359 , 246.592, 2.25088e+06
3.97459 , 246.39, 258954
3.97559 , 246.189, 94021.4
3.97659 , 245.987, 48223
3.97759 , 245.786, 29306
3.97859 , 245.585, 19709.1
3.97959 , 245.384, 14181.4
3.98059 , 245.183, 10709.6
3.98159 , 244.983, 8387.82
3.98259 , 244.782, 6759.07
3.98359 , 244.582, 5572.86
3.98459 , 244.382, 4682.43
3.98559 , 244.182, 3997.2
3.98659 , 243.982, 3458.82
3.98759 , 243.782, 3028.29
3.98859 , 243.582, 2678.79
3.98959 , 243.382, 2391.33
3.99059 , 243.183, 2152.22
3.99159 , 242.983, 1951.34
3.99259 , 242.783, 1781.11
3.99359 , 242.583, 1635.74
3.99459 , 242.384, 1510.76
3.99559 , 242.184, 1402.69
3.99659 , 241.984, 1308.74
3.99759 , 241.784, 1226.72
3.99859 , 241.584, 1154.84
3.99959 , 241.384, 1091.65
4.00059 , 241.184, 1035.96
4.00159 , 240.984, 986.797
4.00259 , 240.784, 943.339
4.00359 , 240.583, 904.913
4.00459 , 240.383, 870.953
4.00559 , 240.182, 840.982
4.00659 , 239.982, 814.6
4.00759 , 239.781, 791.469
4.00859 , 239.58, 771.305
4.00959 , 239.378, 753.869
4.01059 , 239.177, 738.961
4.01159 , 238.975, 726.415
4.01259 , 238.695, 716.094
4.01359 , 238.409, 707.887
4.01459 , 238.122, 701.71
4.01559 , 237.835, 697.498
4.01659 , 237.549, 695.207
4.01759 , 237.261, 694.814
4.01859 , 236.974, 696.312
4.01959 , 236.686, 699.717
4.02059 , 236.398, 705.06
4.02159 , 236.11, 712.394
4.02259 , 235.822, 721.792
4.02359 , 235.533, 733.349
4.02459 , 235.244, 747.186
4.02559 , 234.954, 763.449
4.02659 , 234.664, 782.314
4.02759 , 234.374, 803.993
4.02859 , 234.084, 828.737
4.02959 , 233.793, 856.842
4.03059 , 233.502, 888.66
4.03159 , 233.211, 924.604
4.03259 , 232.919, 965.165
4.03359 , 232.626, 1010.92
4.03459 , 232.334, 1062.57
4.03559 , 232.041, 1120.94
4.03659 , 231.747, 1187.02
4.03759 , 231.454, 1262
4.03859 , 231.159, 1347.35
4.03959 , 230.865, 1444.84
4.04059 , 230.57, 1556.68
4.04159 , 228.302, 1685.59
4.04259 , 228.053, 1835.01
4.04359 , 227.805, 2009.28
4.04459 , 227.555, 2214
4.04559 , 227.305, 2456.44
4.04659 , 227.055, 2746.2
4.04759 , 226.804, 3096.13
4.04859 , 226.552, 3523.82
4.04959 , 226.3, 4053.78
4.05059 , 226.047, 4721.05
4.05159 , 225.793, 5577.04
4.05259 , 225.539, 6699.76
4.05359 , 225.284, 8212.09
4.05459 , 225.029, 10316.9
4.05559 , 224.773, 13368.3
4.05659 , 224.517, 18031.3
4.05759 , 224.259, 25675.9
4.05859 , 224.002, 39510.8
4.05959 , 223.743, 68590.5
4.06059 , 223.484, 147488
4.06159 , 223.224, 518723
4.06259 , 222.964, 3.35055e+07
4.06359 , 222.703, 920129
4.06459 , 222.441, 196368
4.06559 , 222.179, 83094.8
4.06659 , 221.916, 45673.2
4.06759 , 221.653, 28860.2
4.06859 , 221.388, 19891.8
4.06959 , 221.123, 14550
4.07059 , 220.858, 11113.1
4.07159 , 220.592, 8772.04
4.07259 , 220.325, 7105.83
4.07359 , 220.057, 5877.8
4.07459 , 219.789, 4946.64
4.07559 , 219.52, 4223.73
4.07659 , 219.25, 3651.23
4.07759 , 218.98, 3190.07
4.07859 , 218.708, 2813.09
4.07959 , 218.437, 2500.93
4.08059 , 218.164, 2239.51
4.08159 , 217.891, 2018.37
4.08259 , 217.617, 1829.6
4.08359 , 217.342, 1667.17
4.08459 , 217.067, 1526.36
4.08559 , 216.791, 1403.49
4.08659 , 216.514, 1295.62
4.08759 , 216.236, 1200.39
4.08859 , 215.958, 1115.89
4.08959 , 215.679, 1040.55
4.09059 , 215.399, 973.087
4.09159 , 215.118, 912.429
4.09259 , 214.837, 857.683
4.09359 , 214.555, 808.098
4.09459 , 214.272, 763.04
4.09559 , 213.988, 721.967
4.09659 , 213.703, 684.419
4.09759 , 213.418, 649.998
4.09859 , 213.132, 618.363
4.09959 , 212.845, 589.216
4.10059 , 212.557, 562.301
4.10159 , 212.269, 537.391
4.10259 , 211.979, 514.29
4.10359 , 211.689, 492.824
4.10459 , 211.398, 472.839
4.10559 , 211.106, 454.2
4.10659 , 210.814, 436.787
4.10759 , 210.52, 420.493
4.10859 , 210.226, 405.221
4.10959 , 209.931, 390.887
4.11059 , 209.635, 377.414
4.11159 , 209.338, 364.733
4.11259 , 209.04, 352.782
4.11359 , 208.741, 341.504
4.11459 , 208.442, 330.848
4.11559 , 208.141, 320.77
4.11659 , 207.84, 311.226
4.11759 , 207.537, 302.179
4.11859 , 207.234, 293.594
4.11959 , 206.93, 285.439
4.12059 , 206.625, 277.685
4.12159 , 206.319, 270.306
4.12259 , 206.012, 263.278
4.12359 , 205.704, 256.577
4.12459 , 205.396, 250.183
4.12559 , 205.086, 244.078
4.12659 , 204.775, 238.243
4.12759 , 204.463, 232.662
4.12859 , 204.151, 227.321
4.12959 , 203.837, 222.206
4.13059 , 203.522, 217.303
4.13159 , 203.207, 212.6
4.13259 , 202.89, 208.088
4.13359 , 202.573, 203.754
4.13459 , 202.254, 199.589
4.13559 , 201.934, 195.585
4.13659 , 201.613, 191.734
4.13759 , 201.292, 188.026
4.13859 , 200.969, 184.455
4.13959 , 200.645, 181.014
4.14059 , 200.32, 177.697
4.14159 , 199.994, 174.497
4.14259 , 199.667, 171.409
4.14359 , 199.338, 168.428
4.14459 , 199.009, 165.548
4.14559 , 198.679, 162.764
4.14659 , 198.347, 160.073
4.14759 , 198.004, 157.813
4.14859 , 197.574, 155.294
4.14959 , 197.144, 152.855
4.15059 , 196.712, 150.494
4.15159 , 196.28, 148.206
4.15259 , 195.847, 145.988
4.15359 , 195.413, 143.838
4.15459 , 194.978, 141.753
4.15559 , 194.542, 139.73
4.15659 , 194.105, 137.766
4.15759 , 193.667, 135.86
4.15859 , 193.228, 134.009
4.15959 , 192.789, 132.21
4.16059 , 192.348, 130.462
4.16159 , 191.906, 128.763
4.16259 , 191.464, 127.111
4.16359 , 191.02, 125.504
4.16459 , 190.576, 123.94
4.16559 , 190.13, 122.418
4.16659 , 189.683, 120.937
4.16759 , 189.236, 119.494
4.16859 , 188.787, 118.089
4.16959 , 188.337, 116.72
4.17059 , 187.887, 115.386
4.17159 , 187.435, 114.086
4.17259 , 186.982, 112.818
4.17359 , 186.528, 111.581
4.17459 , 186.072, 110.375
4.17559 , 185.616, 109.199
4.17659 , 185.159, 108.05
4.17759 , 184.7, 106.929
4.17859 , 184.24, 105.835
4.17959 , 183.779, 104.767
4.18059 , 183.227, 103.723
4.18159 , 182.559, 102.704
4.18259 , 181.892, 101.708
4.18359 , 181.224, 100.734
4.18459 , 180.557, 99.7827
4.18559 , 179.89, 98.8525
4.18659 , 179.223, 97.943
4.18759 , 178.556, 97.0535
4.18859 , 177.888, 96.1835
4.18959 , 177.221, 95.3324
4.19059 , 176.554, 94.4996
4.19159 , 175.887, 93.6846
4.19259 , 175.219, 92.887
4.19359 , 174.551, 92.1061
4.19459 , 173.883, 91.3416
4.19559 , 173.215, 90.593
4.19659 , 172.547, 89.8598
4.19759 , 171.878, 89.1417
4.19859 , 171.209, 88.4382
4.19959 , 170.54, 87.7489
4.20059 , 169.87, 87.0735
4.20159 , 169.2, 86.4116
4.20259 , 168.529, 85.7628
4.20359 , 167.858, 85.1268
4.20459 , 167.187, 84.5033
4.20559 , 166.515, 83.8919
4.20659 , 165.842, 83.2924
4.20759 , 165.169, 82.7045
4.20859 , 164.495, 82.1277
4.20959 , 163.821, 81.562
4.21059 , 163.146, 81.007
4.21159 , 162.47, 80.4624
4.21259 , 161.793, 79.9281
4.21359 , 161.116, 79.4037
4.21459 , 160.437, 78.889
4.21559 , 159.758, 78.3838
4.21659 , 159.078, 77.8879
4.21759 , 158.397, 77.401
4.21859 , 157.716, 76.923
4.21959 , 157.033, 76.4536
4.22059 , 156.349, 75.9927
4.22159 , 155.664, 75.5401
4.22259 , 154.978, 75.0955
4.22359 , 154.291, 74.6588
4.22459 , 153.603, 74.2299
4.22559 , 152.913, 73.8085
4.22659 , 152.222, 73.3945
4.22759 , 151.53, 72.9877
4.22859 , 150.837, 72.588
4.22959 , 150.142, 72.1953
4.23059 , 149.446, 71.8093
4.23159 , 148.749, 71.43
4.23259 , 148.05, 71.0572
4.23359 , 147.349, 70.6908
4.23459 , 146.647, 70.3306
4.23559 , 145.944, 69.9766
4.23659 , 145.238, 69.6286
4.23759 , 144.531, 69.2864
4.23859 , 143.823, 68.95
4.23959 , 143.112, 68.6192
4.24059 , 142.4, 68.294
4.24159 , 141.686, 67.9743
4.24259 , 140.97, 67.6598
4.24359 , 140.252, 67.3506
4.24459 , 139.532, 67.0466
4.24559 , 138.686, 67.353
4.24659 , 137.807, 67.0568
4.24759 , 136.928, 66.7655
4.24859 , 136.049, 66.4789
4.24959 , 135.168, 66.197
4.25059 , 134.03, 65.9198
4.25159 , 132.895, 65.647
4.25259 , 131.762, 65.3787
4.25359 , 130.633, 65.1148
4.25459 , 129.507, 64.8552
4.25559 , 128.383, 64.5997
4.25659 , 127.262, 64.3485
4.25759 , 126.143, 64.1013
4.25859 , 125.027, 63.8581
4.25959 , 123.912, 63.6189
4.26059 , 122.8, 63.3835
4.26159 , 121.69, 63.1519
4.26259 , 120.581, 62.9241
4.26359 , 119.474, 62.7
4.26459 , 118.369, 62.4796
4.26559 , 117.265, 62.2627
4.26659 , 116.162, 62.0493
4.26759 , 115.06, 61.8394
4.26859 , 113.959, 61.6329
4.26959 , 112.859, 61.4297
4.27059 , 111.76, 61.2299
4.27159 , 110.662, 61.0333
4.27259 , 109.564, 60.8399
4.27359 , 108.466, 60.6497
4.27459 , 107.368, 60.4626
4.27559 , 106.271, 60.2786
4.27659 , 105.173, 60.0976
4.27759 , 104.076, 59.9196
4.27859 , 102.978, 59.7446
4.27959 , 101.879, 59.5724
4.28059 , 100.78, 59.4031
4.28159 , 99.6803, 59.2367
4.28259 , 98.5796, 59.073
4.28359 , 97.4779, 58.912
4.28459 , 96.375, 58.7538
4.28559 , 95.2709, 58.5982
4.28659 , 94.1652, 58.4453
4.28759 , 93.058, 58.295
4.28859 , 91.949, 58.1473
4.28959 , 90.838, 58.0021
4.29059 , 89.725, 57.8594
4.29159 , 88.6097, 57.7191
4.29259 , 87.492, 57.5814
4.29359 , 86.3717, 57.446
4.29459 , 85.2487, 57.3131
4.29559 , 84.0901, 57.9289
4.29659 , 82.8063, 57.7972
4.29759 , 81.4294, 57.6678
4.29859 , 79.9393, 57.5408
4.29959 , 78.4549, 57.416
4.30059 , 76.976, 57.2934
4.30159 , 75.5022, 57.1731
4.30259 , 74.0333, 57.055
4.30359 , 72.569, 56.9391
4.30459 , 71.1091, 56.8253
4.30559 , 69.6532, 56.7136
4.30659 , 68.2011, 56.6041
4.30759 , 66.7525, 56.4966
4.30859 , 65.3071, 56.3912
4.30959 , 63.8648, 56.2879
4.31059 , 62.4252, 56.1865
4.31159 , 60.988, 56.0872
4.31259 , 59.553, 55.9898
4.31359 , 58.12, 55.8945
4.31459 , 56.6886, 55.801
4.31559 , 55.2586, 55.7095
4.31659 , 53.8297, 55.62
4.31759 , 52.4016, 55.5323
4.31859 , 50.9741, 55.4465
4.31959 , 49.5469, 55.3625
4.32059 , 48.1197, 55.2804
4.32159 , 46.6921, 55.2002
4.32259 , 45.264, 55.1217
4.32359 , 43.835, 55.0451
4.32459 , 42.4048, 54.9702
4.32559 , 40.9731, 54.8972
4.32659 , 39.5395, 54.8258
4.32759 , 38.1038, 54.7563
4.32859 , 36.6655, 54.6884
4.32959 , 35.2244, 54.6223
4.33059 , 33.78, 54.5579
4.33159 , 32.3319, 54.497
4.33259 , 30.8798, 54.4456
4.33359 , 29.4233, 54.396
4.33459 , 27.9617, 54.348
4.33559 , 26.4942, 54.3017
4.33659 , 24.9375, 54.257
4.33759 , 23.3833, 54.2139
4.33859 , 21.8313, 54.1725
4.33959 , 20.2813, 54.1327
4.34059 , 13.0387, 54.0945
4.34159 , 10.068, 54.0578
4.34259 , 7.28613, 54.0228
4.34359 , 2.65621, 53.9893
4.34459 , 2.3282, 53.9574
4.34559 , 2.00074, 53.927
4.34659 , 0, 53.8982
4.34759 , 0, 53.871
4.34859 , 0, 53.8453
4.34959 , 0, 53.8211
4.35059 , 0, 53.7984
4.35159 , 0, 53.7772
4.35259 , 0, 53.7576
4.35359 , 0, 53.7395
4.35459 , 0, 53.7228
4.35559 , 0, 53.7077
4.35659 , 0, 53.694
4.35759 , 0, 53.6818
4.35859 , 0, 53.6711
4.35959 , 0, 53.6619
4.36059 , 0, 53.6542
4.36159 , 0, 53.6479
4.36259 , 0, 53.643
4.36359 , 0, 53.6396
4.36459 , 2.15099, 53.6377
4.36559 , 4.50188, 53.6372
4.36659 , 7.01856, 53.6381
4.36759 , 7.70129, 53.6405
4.36859 , 12.6071, 53.6444
4.36959 , 13.6477, 53.6496
4.37059 , 18.854, 53.6563
4.37159 , 20.1951, 53.6644
4.37259 , 21.5373, 53.674
4.37359 , 24.9222, 53.6849
4.37459 , 26.4079, 53.6973
4.37559 , 27.8952, 53.7111
4.37659 , 29.3843, 53.7264
4.37759 , 30.8753, 53.743
4.37859 , 32.3687, 53.7611
4.37959 , 33.8645, 53.7806
4.38059 , 35.363, 53.8014
4.38159 , 36.8645, 53.8238
4.38259 , 38.3692, 53.8475
4.38359 , 39.8773, 53.8726
4.38459 , 41.389, 53.8992
4.38559 , 42.9047, 53.9271
4.38659 , 44.4246, 53.9565
4.38759 , 45.9488, 53.9873
4.38859 , 47.4777, 54.0195
4.38959 , 49.0116, 54.0531
4.39059 , 50.5507, 54.0881
4.39159 , 52.0952, 54.1246
4.39259 , 53.6455, 54.1624
4.39359 , 55.0863, 54.2017
4.39459 , 56.4614, 53.6274
4.39559 , 57.7278, 53.6667
4.39659 , 58.99, 53.7073
4.39759 , 60.2485, 53.7494
4.39859 , 61.5034, 53.7929
4.39959 , 62.755, 53.8378
4.40059 , 64.0036, 53.8841
4.40159 , 65.2493, 53.9319
4.40259 , 66.4926, 53.9811
4.40359 , 67.7335, 54.0317
4.40459 , 68.9723, 54.0837
4.40559 , 70.2092, 54.1372
4.40659 , 71.4445, 54.1922
4.40759 , 72.6784, 54.2485
4.40859 , 73.911, 54.3064
4.40959 , 75.1426, 54.3656
4.41059 , 76.3733, 54.4264
4.41159 , 77.6034, 54.4886
4.41259 , 78.8331, 54.5523
4.41359 , 80.0625, 54.6175
4.41459 , 81.2918, 54.6841
4.41559 , 82.5213, 54.7522
4.41659 , 83.751, 54.8219
4.41759 , 84.9812, 54.893
4.41859 , 86.2121, 54.9657
4.41959 , 87.4438, 55.0398
4.42059 , 88.6766, 55.1155
4.42159 , 89.9105, 55.1927
4.42259 , 91.1458, 55.2715
4.42359 , 92.3826, 55.3518
4.42459 , 93.6212, 55.4336
4.42559 , 94.8616, 55.517
4.42659 , 96.1042, 55.602
4.42759 , 97.3489, 55.6886
4.42859 , 98.5961, 55.7768
4.42959 , 99.8459, 55.8665
4.43059 , 101.099, 55.9579
4.43159 , 102.354, 56.0509
4.43259 , 103.613, 56.1455
4.43359 , 104.875, 56.2417
4.43459 , 106.14, 56.3396
4.43559 , 107.409, 56.4392
4.43659 , 108.614, 56.5404
4.43759 , 109.651, 56.6434
4.43859 , 110.602, 56.0293
4.43959 , 111.477, 56.1329
4.44059 , 112.349, 56.2382
4.44159 , 113.219, 56.3453
4.44259 , 116.164, 56.454
4.44359 , 117.135, 56.5646
4.44459 , 118.104, 56.6768
4.44559 , 119.073, 56.7909
4.44659 , 120.04, 56.9068
4.44759 , 121.006, 57.0244
4.44859 , 121.972, 57.1439
4.44959 , 122.938, 57.2652
4.45059 , 123.903, 57.3883
4.45159 , 124.868, 57.5133
4.45259 , 125.833, 57.6402
4.45359 , 126.798, 57.769
4.45459 , 127.763, 57.8997
4.45559 , 128.729, 58.0324
4.45659 , 129.696, 58.167
4.45759 , 130.664, 58.3035
4.45859 , 131.633, 58.4421
4.45959 , 132.604, 58.5826
4.46059 , 133.576, 58.7252
4.46159 , 134.55, 58.8698
4.46259 , 135.526, 59.0165
4.46359 , 136.504, 59.1653
4.46459 , 137.485, 59.3162
4.46559 , 138.468, 59.4692
4.46659 , 139.455, 59.6244
4.46759 , 140.445, 59.7817
4.46859 , 141.439, 59.9412
4.46959 , 142.437, 60.103
4.47059 , 143.439, 60.2669
4.47159 , 144.446, 60.4332
4.47259 , 145.459, 60.6017
4.47359 , 146.476, 60.7726
4.47459 , 147.5, 60.9458
4.47559 , 148.53, 61.1214
4.47659 , 149.567, 61.2994
4.47759 , 150.612, 61.4798
4.47859 , 151.665, 61.6626
4.47959 , 152.726, 61.848
4.48059 , 153.797, 62.0358
4.48159 , 154.878, 62.2262
4.48259 , 155.97, 62.4192
4.48359 , 157.074, 62.6147
4.48459 , 158.191, 62.8129
4.48559 , 159.322, 63.0138
4.48659 , 160.468, 63.2174
4.48759 , 161.63, 63.4237
4.48859 , 162.81, 63.6328
4.48959 , 164.01, 63.8447
4.49059 , 165.23, 64.0594
4.49159 , 166.474, 64.277
4.49259 , 167.743, 64.4975
4.49359 , 169.041, 64.721
4.49459 , 170.369, 64.9475
4.49559 , 171.731, 65.177
4.49659 , 173.084, 65.4096
4.49759 , 174.296, 65.6454
4.49859 , 175.553, 65.8842
4.49959 , 176.722, 66.1263
4.50059 , 177.41, 66.3717
4.50159 , 178.096, 66.6203
4.50259 , 178.78, 66.8723
4.50359 , 179.462, 67.1277
4.50459 , 180.141, 67.3865
4.50559 , 180.818, 67.6489
4.50659 , 181.494, 67.9147
4.50759 , 182.167, 68.1842
4.50859 , 182.838, 68.4573
4.50959 , 183.468, 68.2785
4.51059 , 184.014, 68.5579
4.51159 , 184.557, 68.8412
4.51259 , 185.097, 69.1283
4.51359 , 185.636, 69.4194
4.51459 , 186.171, 69.7145
4.51559 , 186.704, 70.0136
4.51659 , 187.235, 70.3169
4.51759 , 187.764, 70.6244
4.51859 , 188.29, 70.9361
4.51959 , 188.814, 71.2522
4.52059 , 189.335, 71.5726
4.52159 , 189.855, 71.8976
4.52259 , 190.372, 72.227
4.52359 , 190.887, 72.5612
4.52459 , 191.4, 72.9
4.52559 , 191.911, 73.2436
4.52659 , 192.419, 73.592
4.52759 , 192.926, 73.9454
4.52859 , 193.431, 74.3039
4.52959 , 193.934, 74.6674
4.53059 , 194.434, 75.0362
4.53159 , 194.933, 75.4103
4.53259 , 195.43, 75.7898
4.53359 , 195.925, 76.1747
4.53459 , 196.418, 76.5653
4.53559 , 196.91, 76.9616
4.53659 , 197.399, 77.3637
4.53759 , 197.887, 77.7716
4.53859 , 198.373, 78.1856
4.53959 , 198.857, 78.6058
4.54059 , 199.34, 79.0322
4.54159 , 199.82, 79.465
4.54259 , 200.3, 79.9042
4.54359 , 200.777, 80.3501
4.54459 , 201.253, 80.8027
4.54559 , 201.727, 81.2622
4.54659 , 202.2, 81.7287
4.54759 , 202.671, 82.2024
4.54859 , 203.141, 82.6834
4.54959 , 203.609, 83.1718
4.55059 , 204.075, 83.6678
4.55159 , 204.54, 84.1716
4.55259 , 205.004, 84.6833
4.55359 , 205.466, 85.2031
4.55459 , 205.927, 85.7311
4.55559 , 206.386, 86.2675
4.55659 , 206.844, 86.8126
4.55759 , 207.3, 87.3664
4.55859 , 207.755, 87.9292
4.55959 , 208.209, 88.5012
4.56059 , 208.661, 89.0826
4.56159 , 209.113, 89.6735
4.56259 , 209.562, 90.2743
4.56359 , 210.011, 90.885
4.56459 , 210.458, 91.506
4.56559 , 210.904, 92.1375
4.56659 , 211.349, 92.7797
4.56759 , 211.792, 93.4328
4.56859 , 212.235, 94.0972
4.56959 , 212.676, 94.773
4.57059 , 213.116, 95.4606
4.57159 , 213.554, 96.1603
4.57259 , 213.992, 96.8722
4.57359 , 214.429, 97.5968
4.57459 , 214.864, 98.3343
4.57559 , 215.298, 99.0851
4.57659 , 215.731, 99.8495
4.57759 , 216.163, 100.628
4.57859 , 216.594, 101.42
4.57959 , 217.024, 102.227
4.58059 , 217.453, 103.05
4.58159 , 217.881, 103.887
4.58259 , 218.307, 104.741
4.58359 , 218.733, 105.61
4.58459 , 219.158, 106.496
4.58559 , 219.582, 107.4
4.58659 , 220.005, 108.321
4.58759 , 220.426, 109.26
4.58859 , 220.847, 110.217
4.58959 , 221.267, 111.193
4.59059 , 221.686, 112.189
4.59159 , 222.104, 113.206
4.59259 , 222.521, 114.242
4.59359 , 222.938, 115.3
4.59459 , 223.353, 116.38
4.59559 , 223.767, 117.483
4.59659 , 224.181, 118.609
4.59759 , 224.594, 119.758
4.59859 , 225.006, 120.932
4.59959 , 225.417, 122.132
4.60059 , 225.827, 123.358
4.60159 , 226.236, 124.61
4.60259 , 226.645, 125.89
4.60359 , 227.053, 127.199
4.60459 , 227.46, 128.538
4.60559 , 227.866, 129.907
4.60659 , 228.271, 131.307
4.60759 , 228.676, 132.74
4.60859 , 229.08, 134.206
4.60959 , 229.483, 135.707
4.61059 , 229.886, 137.244
4.61159 , 230.207, 138.817
4.61259 , 230.477, 140.43
4.61359 , 230.746, 142.081
4.61459 , 231.014, 143.774
4.61559 , 231.282, 145.509
4.61659 , 231.548, 147.288
4.61759 , 231.813, 149.113
4.61859 , 232.077, 150.984
4.61959 , 232.341, 152.905
4.62059 , 232.603, 154.876
4.62159 , 232.865, 156.9
4.62259 , 233.125, 158.979
4.62359 , 233.385, 161.114
4.62459 , 233.644, 163.308
4.62559 , 233.902, 165.563
4.62659 , 234.159, 167.882
4.62759 , 234.415, 170.268
4.62859 , 234.67, 172.722
4.62959 , 234.924, 175.247
4.63059 , 235.178, 177.848
4.63159 , 235.43, 180.526
4.63259 , 235.682, 183.285
4.63359 , 235.933, 186.129
4.63459 , 236.183, 189.061
4.63559 , 236.432, 192.085
4.63659 , 236.68, 195.205
4.63759 , 236.928, 198.426
4.63859 , 237.174, 201.752
4.63959 , 237.42, 205.188
4.64059 , 237.665, 208.74
4.64159 , 237.909, 212.411
4.64259 , 238.153, 216.21
4.64359 , 238.395, 220.141
4.64459 , 238.637, 224.21
4.64559 , 238.878, 228.426
4.64659 , 239.118, 232.796
4.64759 , 239.357, 237.327
4.64859 , 239.596, 242.027
4.64959 , 239.834, 246.907
4.65059 , 240.071, 251.975
4.65159 , 240.307, 257.241
4.65259 , 240.543, 262.717
4.65359 , 240.777, 268.414
4.65459 , 241.011, 274.345
4.65559 , 241.245, 280.524
4.65659 , 241.477, 286.964
4.65759 , 241.709, 293.682
4.65859 , 241.94, 300.695
4.65959 , 242.17, 308.019
4.66059 , 242.4, 315.676
4.66159 , 242.629, 323.686
4.66259 , 242.857, 332.072
4.66359 , 243.084, 340.859
4.66459 , 243.311, 350.074
4.66559 , 243.537, 359.745
4.66659 , 243.762, 369.904
4.66759 , 243.987, 380.587
4.66859 , 244.211, 391.83
4.66959 , 244.434, 403.675
4.67059 , 244.657, 416.166
4.67159 , 244.879, 429.354
4.67259 , 245.1, 443.292
4.67359 , 245.32, 458.039
4.67459 , 245.54, 473.662
4.67559 , 245.759, 490.234
4.67659 , 245.978, 507.833
4.67759 , 246.196, 526.549
4.67859 , 246.413, 546.481
4.67959 , 246.629, 567.74
4.68059 , 246.845, 590.446
4.68159 , 247.06, 614.739
4.68259 , 247.275, 640.772
4.68359 , 247.489, 668.72
4.68459 , 247.702, 698.776
4.68559 , 247.915, 731.164
4.68659 , 248.127, 766.134
4.68759 , 248.339, 803.974
4.68859 , 248.549, 845.01
4.68959 , 248.76, 889.619
4.69059 , 248.969, 938.232
4.69159 , 249.178, 991.351
4.69259 , 249.358, 1049.34
4.69359 , 249.519, 1113.31
4.69459 , 249.678, 1183.84
4.69559 , 249.837, 1261.87
4.69659 , 249.996, 1348.51
4.69759 , 250.154, 1445.09
4.69859 , 250.311, 1553.19
4.69959 , 250.468, 1674.75
4.70059 , 250.624, 1812.11
4.70159 , 250.78, 1968.14
4.70259 , 250.935, 2146.42
4.70359 , 251.089, 2351.4
4.70459 , 251.244, 2588.72
4.70559 , 251.397, 2865.58
4.70659 , 251.55, 3191.33
4.70759 , 251.703, 3578.22
4.70859 , 251.855, 4042.63
4.70959 , 252.006, 4606.76
4.71059 , 252.157, 5301.45
4.71159 , 252.307, 6170.4
4.71259 , 252.457, 7277.23
4.71359 , 252.606, 8717.57
4.71459 , 252.755, 10640.3
4.71559 , 252.904, 13287.9
4.71659 , 253.052, 17076.6
4.71759 , 253.199, 22770.5
4.71859 , 253.346, 31900.3
4.71959 , 253.492, 47909.7
4.72059 , 253.638, 79952.1
4.72159 , 253.783, 159603
4.72259 , 253.928, 463637
4.72359 , 254.072, 5.31952e+06
4.72459 , 254.216, 2.76319e+06
4.72559 , 254.36, 373456
4.72659 , 254.503, 140245
4.72759 , 254.645, 72936.1
4.72859 , 254.787, 44633.5
4.72959 , 254.929, 30125.8
4.73059 , 255.07, 21712.9
4.73159 , 255.21, 16404.1
4.73259 , 255.35, 12841
4.73359 , 255.49, 10334.6
4.73459 , 255.629, 8505.2
4.73559 , 255.768, 7129.34
4.73659 , 255.906, 6068.8
4.73759 , 256.044, 5234.23
4.73859 , 256.182, 4565.86
4.73959 , 256.319, 4022.45
4.74059 , 256.455, 3574.78
4.74159 , 256.591, 3201.73
4.74259 , 256.727, 2887.7
4.74359 , 256.862, 2620.95
4.74459 , 256.997, 2392.55
4.74559 , 257.131, 2195.55
4.74659 , 257.265, 2024.55
4.74759 , 257.398, 1875.25
4.74859 , 257.531, 1744.19
4.74959 , 257.664, 1628.6
4.75059 , 257.796, 1526.21
4.75159 , 257.928, 1435.16
4.75259 , 258.059, 1353.9
4.75359 , 258.19, 1281.15
4.75459 , 258.32, 1215.83
4.75559 , 258.451, 1157.04
4.75659 , 258.58, 1103.98
4.75759 , 258.71, 1056.02
4.75859 , 258.838, 1012.59
4.75959 , 258.967, 973.207
4.76059 , 259.095, 937.447
4.76159 , 259.223, 904.953
4.76259 , 259.35, 875.409
4.76359 , 259.477, 848.541
4.76459 , 259.603, 824.11
4.76559 , 259.729, 801.906
4.76659 , 259.855, 781.745
4.76759 , 259.98, 763.463
4.76859 , 260.105, 746.92
4.76959 , 260.23, 731.988
4.77059 , 260.354, 718.558
4.77159 , 260.477, 706.532
4.77259 , 260.601, 695.823
4.77359 , 260.724, 686.358
4.77459 , 260.846, 678.069
4.77559 , 260.969, 670.9
4.77659 , 261.09, 664.8
4.77759 , 261.212, 659.728
4.77859 , 261.333, 655.647
4.77959 , 261.454, 652.526
4.78059 , 261.574, 650.342
4.78159 , 261.694, 649.075
4.78259 , 261.814, 648.712
4.78359 , 261.933, 649.244
4.78459 , 262.052, 650.667
4.78559 , 262.171, 652.981
4.78659 , 262.289, 656.192
4.78759 , 262.407, 660.311
4.78859 , 262.524, 665.353
4.78959 , 262.641, 671.338
4.79059 , 262.758, 678.293
4.79159 , 262.875, 686.249
4.79259 , 262.991, 695.245
4.79359 , 263.107, 705.323
4.79459 , 263.222, 716.536
4.79559 , 263.337, 728.943
4.79659 , 263.452, 742.611
4.79759 , 263.566, 757.617
4.79859 , 263.68, 774.05
4.79959 , 263.794, 792.008
4.80059 , 263.907, 811.604
4.80159 , 264.021, 832.966
4.80259 , 264.133, 856.238
4.80359 , 264.246, 881.585
4.80459 , 264.358, 909.193
4.80559 , 264.469, 939.276
4.80659 , 264.581, 972.075
4.80759 , 264.692, 1007.87
4.80859 , 264.803, 1046.97
4.80959 , 264.913, 1089.76
4.81059 , 265.023, 1136.64
4.81159 , 265.133, 1188.11
4.81259 , 265.243, 1244.75
4.81359 , 265.352, 1307.21
4.81459 , 265.461, 1376.27
4.81559 , 265.569, 1452.87
4.81659 , 265.677, 1538.09
4.81759 , 265.785, 1633.23
4.81859 , 265.893, 1739.89
4.81959 , 266, 1859.94
4.82059 , 266.107, 1995.71
4.82159 , 266.214, 2150.04
4.82259 , 266.32, 2326.46
4.82359 , 266.427, 2529.4
4.82459 , 266.532, 2764.45
4.82559 , 266.638, 3038.77
4.82659 , 266.743, 3361.65
4.82759 , 266.848, 3745.32
4.82859 , 266.952, 4206.14
4.82959 , 267.057, 4766.36
4.83059 , 267.161, 5456.93
4.83159 , 267.264, 6321.88
4.83259 , 267.368, 7425.56
4.83359 , 267.471, 8865.09
4.83459 , 267.574, 10792.5
4.83559 , 267.676, 13456.9
4.83659 , 267.779, 17289.2
4.83759 , 267.881, 23089.1
4.83859 , 267.982, 32479.1
4.83959 , 268.084, 49177.9
4.84059 , 268.185, 83344.7
4.84159 , 268.286, 171676
4.84259 , 268.386, 541004
4.84359 , 268.487, 1.08522e+07
4.84459 , 268.587, 1.7641e+06
4.84559 , 268.686, 305908
4.84659 , 268.786, 122269
4.84759 , 268.885, 65537.7
4.84859 , 268.984, 40898.9
4.84959 , 269.082, 28030
4.85059 , 269.181, 20478.1
4.85159 , 269.279, 15675.6
4.85259 , 269.377, 12436.9
4.85359 , 269.474, 10153.3
4.85459 , 269.572, 8485.93
4.85559 , 269.669, 7234.36
4.85659 , 269.765, 6273.71
4.85759 , 269.862, 5522.96
4.85859 , 269.958, 4927.76
4.85959 , 270.054, 4450.57
4.86059 , 270.15, 4064.79
4.86159 , 270.245, 3751.26
4.86259 , 270.34, 3495.88
4.86359 , 270.435, 3288.17
4.86459 , 270.53, 3120.27
4.86559 , 270.624, 2986.23
4.86659 , 270.719, 2881.58
4.86759 , 270.812, 2802.97
4.86859 , 270.906, 2747.98
4.86959 , 271, 2714.92
4.87059 , 271.093, 2702.74
4.87159 , 271.186, 2710.99
4.87259 , 271.278, 2739.75
4.87359 , 271.371, 2789.66
4.87459 , 271.463, 2861.96
4.87559 , 271.555, 2958.52
4.87659 , 271.646, 3081.99
4.87759 , 271.738, 3235.96
4.87859 , 271.829, 3425.17
4.87959 , 271.92, 3655.85
4.88059 , 272.011, 3936.23
4.88159 , 272.101, 4277.19
4.88259 , 272.191, 4693.25
4.88359 , 272.281, 5204.1
4.88459 , 272.371, 5836.82
4.88559 , 272.461, 6629.44
4.88659 , 272.55, 7636.57
4.88759 , 272.639, 8938.86
4.88859 , 272.728, 10659.4
4.88959 , 272.816, 12993.3
4.89059 , 272.905, 16265.4
4.89159 , 272.993, 21048.3
4.89259 , 273.081, 28430.2
4.89359 , 273.168, 40690.9
4.89459 , 273.256, 63294.8
4.89559 , 273.343, 112220
4.89659 , 273.43, 252438
4.89759 , 273.517, 1.01582e+06
