a, Fruling
0,25.587
0.001,25.5873
0.002,25.5875
0.003,25.5878
0.004,25.5881
0.005,25.5884
0.006,25.5887
0.007,25.589
0.008,25.5893
0.009,25.5895
0.01,25.5898
0.011,25.5901
0.012,25.5904
0.013,25.5907
0.014,25.5909
0.015,25.5912
0.016,25.5915
0.017,25.5917
0.018,25.592
0.019,25.5923
0.02,25.5925
0.021,25.5928
0.022,25.593
0.023,25.5933
0.024,25.5935
0.025,25.5938
0.026,25.5941
0.027,25.5943
0.028,25.5945
0.029,25.5948
0.03,25.595
0.031,25.5953
0.032,25.5955
0.033,25.5958
0.034,25.596
0.035,25.5962
0.036,25.5965
0.037,25.5967
0.038,25.5969
0.039,25.5972
0.04,25.5974
0.041,25.5976
0.042,25.5978
0.043,25.598
0.044,25.5983
0.045,25.5985
0.046,25.5987
0.047,25.5989
0.048,25.5991
0.049,25.5993
0.05,25.5995
0.051,25.5997
0.052,25.5999
0.053,25.6002
0.054,25.6004
0.055,25.6006
0.056,25.6007
0.057,25.6009
0.058,25.6011
0.059,25.6013
0.06,25.6015
0.061,25.6017
0.062,25.6019
0.063,25.6021
0.064,25.6023
0.065,25.6024
0.066,25.6026
0.067,25.6028
0.068,25.603
0.069,25.6032
0.07,25.6033
0.071,25.6035
0.072,25.6037
0.073,25.6038
0.074,25.604
0.075,25.6042
0.076,25.6043
0.077,25.6045
0.078,25.6046
0.079,25.6048
0.08,25.605
0.081,25.6051
0.082,25.6053
0.083,25.6054
0.084,25.6056
0.085,25.6057
0.086,25.6058
0.087,25.606
0.088,25.6061
0.089,25.6063
0.09,25.6064
0.091,25.6065
0.092,25.6067
0.093,25.6068
0.094,25.6069
0.095,25.6071
0.096,25.6072
0.097,25.6073
0.098,25.6074
0.099,25.6076
0.1,25.6077
0.101,25.6078
0.102,25.6079
0.103,25.608
0.104,25.6081
0.105,25.6082
0.106,25.6084
0.107,25.6085
0.108,25.6086
0.109,25.6087
0.11,25.6088
0.111,25.6089
0.112,25.609
0.113,25.6091
0.114,25.6092
0.115,25.6093
0.116,25.6093
0.117,25.6094
0.118,25.6095
0.119,25.6096
0.12,25.6097
0.121,25.6098
0.122,25.6098
0.123,25.6099
0.124,25.61
0.125,25.6101
0.126,25.6101
0.127,25.6102
0.128,25.6103
0.129,25.6104
0.13,25.6104
0.131,25.6105
0.132,25.6105
0.133,25.6106
0.134,25.6107
0.135,25.6107
0.136,25.6108
0.137,25.6108
0.138,25.6109
0.139,25.6109
0.14,25.611
0.141,25.611
0.142,25.6111
0.143,25.6111
0.144,25.6112
0.145,25.6112
0.146,25.6112
0.147,25.6113
0.148,25.6113
0.149,25.6113
0.15,25.6114
0.151,25.6114
0.152,25.6114
0.153,25.6114
0.154,25.6115
0.155,25.6115
0.156,25.6115
0.157,25.6115
0.158,25.6115
0.159,25.6115
0.16,25.6116
0.161,25.6116
0.162,25.6116
0.163,25.6116
0.164,25.6116
0.165,25.6116
0.166,25.6116
0.167,25.6116
0.168,25.6116
0.169,25.6116
0.17,25.6116
0.171,25.6116
0.172,25.6116
0.173,25.6116
0.174,25.6115
0.175,25.6115
0.176,25.6115
0.177,25.6115
0.178,25.6115
0.179,25.6114
0.18,25.6114
0.181,25.6114
0.182,25.6114
0.183,25.6113
0.184,25.6113
0.185,25.6113
0.186,25.6112
0.187,25.6112
0.188,25.6112
0.189,25.6111
0.19,25.6111
0.191,25.611
0.192,25.611
0.193,25.6109
0.194,25.6109
0.195,25.6108
0.196,25.6108
0.197,25.6107
0.198,25.6107
0.199,25.6106
0.2,25.6106
0.201,25.6105
0.202,25.6104
0.203,25.6104
0.204,25.6103
0.205,25.6102
0.206,25.6102
0.207,25.6101
0.208,25.61
0.209,25.6099
0.21,25.6099
0.211,25.6098
0.212,25.6097
0.213,25.6096
0.214,25.6095
0.215,25.6094
0.216,25.6094
0.217,25.6093
0.218,25.6092
0.219,25.6091
0.22,25.609
0.221,25.6089
0.222,25.6088
0.223,25.6087
0.224,25.6086
0.225,25.6085
0.226,25.6084
0.227,25.6083
0.228,25.6082
0.229,25.608
0.23,25.6079
0.231,25.6078
0.232,25.6077
0.233,25.6076
0.234,25.6074
0.235,25.6073
0.236,25.6072
0.237,25.6071
0.238,25.6069
0.239,25.6068
0.24,25.6067
0.241,25.6065
0.242,25.6064
0.243,25.6063
0.244,25.6061
0.245,25.606
0.246,25.6058
0.247,25.6057
0.248,25.6056
0.249,25.6054
0.25,25.6053
0.251,25.6051
0.252,25.6049
0.253,25.6048
0.254,25.6046
0.255,25.6045
0.256,25.6043
0.257,25.6042
0.258,25.604
0.259,25.6038
0.26,25.6036
0.261,25.6035
0.262,25.6033
0.263,25.6031
0.264,25.603
0.265,25.6028
0.266,25.6026
0.267,25.6024
0.268,25.6022
0.269,25.602
0.27,25.6019
0.271,25.6017
0.272,25.6015
0.273,25.6013
0.274,25.6011
0.275,25.6009
0.276,25.6007
0.277,25.6005
0.278,25.6003
0.279,25.6001
0.28,25.5999
0.281,25.5997
0.282,25.5995
0.283,25.5993
0.284,25.599
0.285,25.5988
0.286,25.5986
0.287,25.5984
0.288,25.5982
0.289,25.598
0.29,25.5977
0.291,25.5975
0.292,25.5973
0.293,25.597
0.294,25.5968
0.295,25.5966
0.296,25.5964
0.297,25.5961
0.298,25.5959
0.299,25.5956
0.3,25.5954
0.301,25.5951
0.302,25.5949
0.303,25.5947
0.304,25.5944
0.305,25.5942
0.306,25.5939
0.307,25.5936
0.308,25.5934
0.309,25.5931
0.31,25.5929
0.311,25.5926
0.312,25.5923
0.313,25.5921
0.314,25.5918
0.315,25.5915
0.316,25.5913
0.317,25.591
0.318,25.5907
0.319,25.5904
0.32,25.5902
0.321,25.5899
0.322,25.5896
0.323,25.5893
0.324,25.589
0.325,25.5887
0.326,25.5884
0.327,25.5882
0.328,25.5879
0.329,25.5876
0.33,25.5873
0.331,25.587
0.332,25.5867
0.333,25.5864
0.334,25.5861
0.335,25.5858
0.336,25.5854
0.337,25.5851
0.338,25.5848
0.339,25.5845
0.34,25.5842
0.341,25.5839
0.342,25.5835
0.343,25.5832
0.344,25.5829
0.345,25.5826
0.346,25.5823
0.347,25.5819
0.348,25.5816
0.349,25.5813
0.35,25.5809
0.351,25.5806
0.352,25.5802
0.353,25.5799
0.354,25.5796
0.355,25.5792
0.356,25.5789
0.357,25.5785
0.358,25.5782
0.359,25.5778
0.36,25.5775
0.361,25.5771
0.362,25.5768
0.363,25.5764
0.364,25.576
0.365,25.5757
0.366,25.5753
0.367,25.5749
0.368,25.5746
0.369,25.5742
0.37,25.5738
0.371,25.5735
0.372,25.5731
0.373,25.5727
0.374,25.5723
0.375,25.5719
0.376,25.5716
0.377,25.5712
0.378,25.5708
0.379,25.5704
0.38,25.57
0.381,25.5696
0.382,25.5692
0.383,25.5688
0.384,25.5684
0.385,25.568
0.386,25.5676
0.387,25.5672
0.388,25.5668
0.389,25.5664
0.39,25.566
0.391,25.5656
0.392,25.5652
0.393,25.5647
0.394,25.5643
0.395,25.5639
0.396,25.5635
0.397,25.5631
0.398,25.5626
0.399,25.5622
0.4,25.5618
0.401,25.5614
0.402,25.5609
0.403,25.5605
0.404,25.5601
0.405,25.5596
0.406,25.5592
0.407,25.5587
0.408,25.5583
0.409,25.5578
0.41,25.5574
0.411,25.5569
0.412,25.5565
0.413,25.556
0.414,25.5556
0.415,25.5551
0.416,25.5547
0.417,25.5542
0.418,25.5537
0.419,25.5533
0.42,25.5528
0.421,25.5523
0.422,25.5519
0.423,25.5514
0.424,25.5509
0.425,25.5504
0.426,25.55
0.427,25.5495
0.428,25.549
0.429,25.5485
0.43,25.548
0.431,25.5475
0.432,25.5471
0.433,25.5466
0.434,25.5461
0.435,25.5456
0.436,25.5451
0.437,25.5446
0.438,25.5441
0.439,25.5436
0.44,25.5431
0.441,25.5426
0.442,25.5421
0.443,25.5415
0.444,25.541
0.445,25.5405
0.446,25.54
0.447,25.5395
0.448,25.539
0.449,25.5384
0.45,25.5379
0.451,25.5374
0.452,25.5369
0.453,25.5363
0.454,25.5358
0.455,25.5353
0.456,25.5347
0.457,25.5342
0.458,25.5336
0.459,25.5331
0.46,25.5326
0.461,25.532
0.462,25.5315
0.463,25.5309
0.464,25.5304
0.465,25.5298
0.466,25.5293
0.467,25.5287
0.468,25.5281
0.469,25.5276
0.47,25.527
0.471,25.5265
0.472,25.5259
0.473,25.5253
0.474,25.5247
0.475,25.5242
0.476,25.5236
0.477,25.523
0.478,25.5224
0.479,25.5219
0.48,25.5213
0.481,25.5207
0.482,25.5201
0.483,25.5195
0.484,25.5189
0.485,25.5183
0.486,25.5177
0.487,25.5171
0.488,25.5166
0.489,25.516
0.49,25.5153
0.491,25.5147
0.492,25.5141
0.493,25.5135
0.494,25.5129
0.495,25.5123
0.496,25.5117
0.497,25.5111
0.498,25.5105
0.499,25.5098
0.5,25.5092
0.501,25.5086
0.502,25.508
0.503,25.5073
0.504,25.5067
0.505,25.5061
0.506,25.5055
0.507,25.5048
0.508,25.5042
0.509,25.5035
0.51,25.5029
0.511,25.5023
0.512,25.5016
0.513,25.501
0.514,25.5003
0.515,25.4997
0.516,25.499
0.517,25.4984
0.518,25.4977
0.519,25.497
0.52,25.4964
0.521,25.4957
0.522,25.495
0.523,25.4944
0.524,25.4937
0.525,25.493
0.526,25.4924
0.527,25.4917
0.528,25.491
0.529,25.4903
0.53,25.4897
0.531,25.489
0.532,25.4883
0.533,25.4876
0.534,25.4869
0.535,25.4862
0.536,25.4855
0.537,25.4848
0.538,25.4841
0.539,25.4834
0.54,25.4827
0.541,25.482
0.542,25.4813
0.543,25.4806
0.544,25.4799
0.545,25.4792
0.546,25.4785
0.547,25.4778
0.548,25.4771
0.549,25.4763
0.55,25.4756
0.551,25.4749
0.552,25.4742
0.553,25.4735
0.554,25.4727
0.555,25.472
0.556,25.4713
0.557,25.4705
0.558,25.4698
0.559,25.4691
0.56,25.4683
0.561,25.4676
0.562,25.4668
0.563,25.4661
0.564,25.4653
0.565,25.4646
0.566,25.4638
0.567,25.4631
0.568,25.4623
0.569,25.4616
0.57,25.4608
0.571,25.46
0.572,25.4593
0.573,25.4585
0.574,25.4577
0.575,25.457
0.576,25.4562
0.577,25.4554
0.578,25.4546
0.579,25.4539
0.58,25.4531
0.581,25.4523
0.582,25.4515
0.583,25.4507
0.584,25.4499
0.585,25.4491
0.586,25.4484
0.587,25.4476
0.588,25.4468
0.589,25.446
0.59,25.4452
0.591,25.4444
0.592,25.4436
0.593,25.4427
0.594,25.4419
0.595,25.4411
0.596,25.4403
0.597,25.4395
0.598,25.4387
0.599,25.4379
0.6,25.437
0.601,25.4362
0.602,25.4354
0.603,25.4346
0.604,25.4337
0.605,25.4329
0.606,25.4321
0.607,25.4312
0.608,25.4304
0.609,25.4296
0.61,25.4287
0.611,25.4279
0.612,25.427
0.613,25.4262
0.614,25.4253
0.615,25.4245
0.616,25.4236
0.617,25.4228
0.618,25.4219
0.619,25.421
0.62,25.4202
0.621,25.4193
0.622,25.4185
0.623,25.4176
0.624,25.4167
0.625,25.4158
0.626,25.415
0.627,25.4141
0.628,25.4132
0.629,25.4123
0.63,25.4114
0.631,25.4106
0.632,25.4097
0.633,25.4088
0.634,25.4079
0.635,25.407
0.636,25.4061
0.637,25.4052
0.638,25.4043
0.639,25.4034
0.64,25.4025
0.641,25.4016
0.642,25.4007
0.643,25.3998
0.644,25.3989
0.645,25.398
0.646,25.397
0.647,25.3961
0.648,25.3952
0.649,25.3943
0.65,25.3934
0.651,25.3924
0.652,25.3915
0.653,25.3906
0.654,25.3896
0.655,25.3887
0.656,25.3878
0.657,25.3868
0.658,25.3859
0.659,25.3849
0.66,25.384
0.661,25.383
0.662,25.3821
0.663,25.3807
0.664,25.3711
0.665,25.3614
0.666,25.3517
0.667,25.3419
0.668,25.3322
0.669,25.3225
0.67,25.3127
0.671,25.303
0.672,25.2932
0.673,25.2834
0.674,25.2736
0.675,25.2638
0.676,25.2539
0.677,25.2441
0.678,25.2343
0.679,25.2244
0.68,25.2145
0.681,25.2046
0.682,25.1947
0.683,25.1848
0.684,25.1749
0.685,25.165
0.686,25.155
0.687,25.1451
0.688,25.1351
0.689,25.1251
0.69,25.1151
0.691,25.1051
0.692,25.0951
0.693,25.0851
0.694,25.0751
0.695,25.065
0.696,25.055
0.697,25.0449
0.698,25.0348
0.699,25.0247
0.7,25.0146
0.701,25.0045
0.702,24.9943
0.703,24.9842
0.704,24.974
0.705,24.9639
0.706,24.9537
0.707,24.9435
0.708,24.9333
0.709,24.9231
0.71,24.9129
0.711,24.9027
0.712,24.8924
0.713,24.8822
0.714,24.8719
0.715,24.8616
0.716,24.8513
0.717,24.841
0.718,24.8307
0.719,24.8204
0.72,24.81
0.721,24.7997
0.722,24.7893
0.723,24.779
0.724,24.7686
0.725,24.7582
0.726,24.7478
0.727,24.7374
0.728,24.727
0.729,24.7165
0.73,24.7061
0.731,24.6956
0.732,24.6851
0.733,24.6747
0.734,24.6642
0.735,24.6537
0.736,24.6432
0.737,24.6326
0.738,24.6221
0.739,24.6115
0.74,24.601
0.741,24.5904
0.742,24.5798
0.743,24.5692
0.744,24.5586
0.745,24.548
0.746,24.5374
0.747,24.5268
0.748,24.5161
0.749,24.5055
0.75,24.4948
0.751,24.4841
0.752,24.4734
0.753,24.4627
0.754,24.452
0.755,24.4413
0.756,24.4306
0.757,24.4198
0.758,24.4091
0.759,24.3983
0.76,24.3875
0.761,24.3768
0.762,24.366
0.763,24.3552
0.764,24.3443
0.765,24.3335
0.766,24.3227
0.767,24.3118
0.768,24.301
0.769,24.2901
0.77,24.2792
0.771,24.2683
0.772,24.2574
0.773,24.2465
0.774,24.2356
0.775,24.2247
0.776,24.2137
0.777,24.2028
0.778,24.1918
0.779,24.1808
0.78,24.1698
0.781,24.1589
0.782,24.1478
0.783,24.1368
0.784,24.1258
0.785,24.1148
0.786,24.1037
0.787,24.0927
0.788,24.0816
0.789,24.0705
0.79,24.0594
0.791,24.0483
0.792,24.0372
0.793,24.0261
0.794,24.015
0.795,24.0039
0.796,23.9927
0.797,23.9816
0.798,23.9704
0.799,23.9592
0.8,23.948
0.801,23.9368
0.802,23.9256
0.803,23.9144
0.804,23.9032
0.805,23.8919
0.806,23.8807
0.807,23.8694
0.808,23.8582
0.809,23.8469
0.81,23.8356
0.811,23.8243
0.812,23.813
0.813,23.8017
0.814,23.7904
0.815,23.779
0.816,23.7677
0.817,23.7563
0.818,23.745
0.819,23.7336
0.82,23.7222
0.821,23.7108
0.822,23.6994
0.823,23.688
0.824,23.6766
0.825,23.6651
0.826,23.6537
0.827,23.6422
0.828,23.6308
0.829,23.6193
0.83,23.6078
0.831,23.5963
0.832,23.5848
0.833,23.5733
0.834,23.5618
0.835,23.5503
0.836,23.5387
0.837,23.5272
0.838,23.5156
0.839,23.5041
0.84,23.4925
0.841,23.4809
0.842,23.4693
0.843,23.4577
0.844,23.4461
0.845,23.4345
0.846,23.4229
0.847,23.4112
0.848,23.3996
0.849,23.3879
0.85,23.3762
0.851,23.3646
0.852,23.3529
0.853,23.3412
0.854,23.3295
0.855,23.3178
0.856,23.306
0.857,23.2943
0.858,23.2826
0.859,23.2708
0.86,23.2591
0.861,23.2473
0.862,23.2355
0.863,23.2237
0.864,23.212
0.865,23.2001
0.866,23.1883
0.867,23.1765
0.868,23.1647
0.869,23.1529
0.87,23.141
0.871,23.1291
0.872,23.1173
0.873,23.1054
0.874,23.0935
0.875,23.0816
0.876,23.0697
0.877,23.0578
0.878,23.0459
0.879,23.034
0.88,23.0221
0.881,23.0101
0.882,22.9982
0.883,22.9862
0.884,22.9742
0.885,22.9623
0.886,22.9503
0.887,22.9383
0.888,22.9263
0.889,22.9143
0.89,22.9022
0.891,22.8902
0.892,22.8782
0.893,22.8661
0.894,22.8541
0.895,22.842
0.896,22.83
0.897,22.8179
0.898,22.8058
0.899,22.7937
0.9,22.7816
0.901,22.7695
0.902,22.7574
0.903,22.7452
0.904,22.7331
0.905,22.721
0.906,22.7088
0.907,22.6966
0.908,22.6845
0.909,22.6723
0.91,22.6601
0.911,22.6479
0.912,22.6357
0.913,22.6235
0.914,22.6113
0.915,22.5991
0.916,22.5868
0.917,22.5746
0.918,22.5624
0.919,22.5501
0.92,22.5378
0.921,22.5256
0.922,22.5133
0.923,22.501
0.924,22.4887
0.925,22.4764
0.926,22.4641
0.927,22.4518
0.928,22.4394
0.929,22.4271
0.93,22.4148
0.931,22.4024
0.932,22.3901
0.933,22.3777
0.934,22.3653
0.935,22.3529
0.936,22.3406
0.937,22.3282
0.938,22.3158
0.939,22.3033
0.94,22.2909
0.941,22.2785
0.942,22.2661
0.943,22.2536
0.944,22.2412
0.945,22.2287
0.946,22.2163
0.947,22.2038
0.948,22.1913
0.949,22.1788
0.95,22.1663
0.951,22.1538
0.952,22.1413
0.953,22.1288
0.954,22.1163
0.955,22.1038
0.956,22.0912
0.957,22.0787
0.958,22.0661
0.959,22.0536
0.96,22.041
0.961,22.0285
0.962,22.0159
0.963,22.0033
0.964,21.9907
0.965,21.9781
0.966,21.9655
0.967,21.9529
0.968,21.9403
0.969,21.9276
0.97,21.915
0.971,21.9024
0.972,21.8897
0.973,21.8771
0.974,21.8644
0.975,21.8517
0.976,21.8391
0.977,21.8264
0.978,21.8137
0.979,21.801
0.98,21.7883
0.981,21.7756
0.982,21.7629
0.983,21.7502
0.984,21.7374
0.985,21.7247
0.986,21.7119
0.987,21.6992
0.988,21.6864
0.989,21.6737
0.99,21.6609
0.991,21.6481
0.992,21.6354
0.993,21.6226
0.994,21.6098
0.995,21.597
0.996,21.5842
0.997,21.5714
0.998,21.5586
0.999,21.5457
1,21.5329
1.001,21.5201
1.002,21.5072
1.003,21.4944
1.004,21.4815
1.005,21.4687
1.006,21.4558
1.007,21.4429
1.008,21.43
1.009,21.4172
1.01,21.4043
1.011,21.3914
1.012,21.3785
1.013,21.3656
1.014,21.3526
1.015,21.3397
1.016,21.3268
1.017,21.3139
1.018,21.3009
1.019,21.288
1.02,21.275
1.021,21.2621
1.022,21.2491
1.023,21.2361
1.024,21.2232
1.025,21.2102
1.026,21.1972
1.027,21.1842
1.028,21.1712
1.029,21.1582
1.03,21.1452
1.031,21.1322
1.032,21.1192
1.033,21.1061
1.034,21.0931
1.035,21.0801
1.036,21.067
1.037,21.054
1.038,21.041
1.039,21.0279
1.04,21.0148
1.041,21.0018
1.042,20.9887
1.043,20.9756
1.044,20.9625
1.045,20.9494
1.046,20.9364
1.047,20.9233
1.048,20.9102
1.049,20.897
1.05,20.8839
1.051,20.8708
1.052,20.8577
1.053,20.8446
1.054,20.8314
1.055,20.8183
1.056,20.8051
1.057,20.792
1.058,20.7788
1.059,20.7657
1.06,20.7525
1.061,20.7394
1.062,20.7262
1.063,20.713
1.064,20.6998
1.065,20.6866
1.066,20.6735
1.067,20.6603
1.068,20.6471
1.069,20.6339
1.07,20.6206
1.071,20.6074
1.072,20.5942
1.073,20.581
1.074,20.5678
1.075,20.5545
1.076,20.5313
1.077,20.5027
1.078,20.4741
1.079,20.4455
1.08,20.4169
1.081,20.3882
1.082,20.3596
1.083,20.3309
1.084,20.3023
1.085,20.2736
1.086,20.2449
1.087,20.2163
1.088,20.1876
1.089,20.1589
1.09,20.1302
1.091,20.1015
1.092,20.0728
1.093,20.0441
1.094,20.0153
1.095,19.9866
1.096,19.9579
1.097,19.9291
1.098,19.9004
1.099,19.8716
1.1,19.8428
1.101,19.814
1.102,19.7853
1.103,19.7565
1.104,19.7277
1.105,19.6989
1.106,19.6701
1.107,19.6413
1.108,19.6124
1.109,19.5836
1.11,19.5548
1.111,19.526
1.112,19.4971
1.113,19.4683
1.114,19.4394
1.115,19.4105
1.116,19.3817
1.117,19.3528
1.118,19.3239
1.119,19.295
1.12,19.2661
1.121,19.2372
1.122,19.2083
1.123,19.1794
1.124,19.1505
1.125,19.1216
1.126,19.0926
1.127,19.0637
1.128,19.0348
1.129,19.0058
1.13,18.9769
1.131,18.9479
1.132,18.919
1.133,18.89
1.134,18.861
1.135,18.832
1.136,18.8031
1.137,18.7741
1.138,18.7451
1.139,18.7161
1.14,18.6871
1.141,18.658
1.142,18.629
1.143,18.6
1.144,18.571
1.145,18.542
1.146,18.5129
1.147,18.4839
1.148,18.4548
1.149,18.4258
1.15,18.3967
1.151,18.3677
1.152,18.3386
1.153,18.3095
1.154,18.2804
1.155,18.2514
1.156,18.2223
1.157,18.1932
1.158,18.1641
1.159,18.135
1.16,18.1059
1.161,18.0768
1.162,18.0476
1.163,18.0185
1.164,17.9894
1.165,17.9603
1.166,17.9311
1.167,17.902
1.168,17.8729
1.169,17.8437
1.17,17.8146
1.171,17.7854
1.172,17.7562
1.173,17.7271
1.174,17.6979
1.175,17.6687
1.176,17.6396
1.177,17.6104
1.178,17.5812
1.179,17.552
1.18,17.5228
1.181,17.4936
1.182,17.4644
1.183,17.4352
1.184,17.406
1.185,17.3768
1.186,17.3476
1.187,17.3183
1.188,17.2891
1.189,17.2599
1.19,17.2307
1.191,17.2014
1.192,17.1722
1.193,17.1429
1.194,17.1137
1.195,17.0844
1.196,17.0552
1.197,17.0259
1.198,16.9967
1.199,16.9674
1.2,16.9381
1.201,16.9089
1.202,16.8796
1.203,16.8503
1.204,16.821
1.205,16.7917
1.206,16.7625
1.207,16.7332
1.208,16.7039
1.209,16.6746
1.21,16.6453
1.211,16.616
1.212,16.5867
1.213,16.5574
1.214,16.528
1.215,16.4987
1.216,16.4694
1.217,16.4401
1.218,16.4108
1.219,16.3814
1.22,16.3521
1.221,16.3228
1.222,16.2934
1.223,16.2641
1.224,16.2347
1.225,16.2054
1.226,16.176
1.227,16.1467
1.228,16.1173
1.229,16.088
1.23,16.0586
1.231,16.0293
1.232,15.9999
1.233,15.9705
1.234,15.9412
1.235,15.9118
1.236,15.8824
1.237,15.8531
1.238,15.8237
1.239,15.7943
1.24,15.7649
1.241,15.7355
1.242,15.7061
1.243,15.6767
1.244,15.6474
1.245,15.618
1.246,15.5886
1.247,15.5592
1.248,15.5298
1.249,15.5004
1.25,15.471
1.251,15.4416
1.252,15.4121
1.253,15.3827
1.254,15.3533
1.255,15.3239
1.256,15.2945
1.257,15.2651
1.258,15.2357
1.259,15.2062
1.26,15.1768
1.261,15.1474
1.262,15.118
1.263,15.0885
1.264,15.0591
1.265,15.0297
1.266,15.0002
1.267,14.9708
1.268,14.9414
1.269,14.9119
1.27,14.8825
1.271,14.8531
1.272,14.8236
1.273,14.7942
1.274,14.7647
1.275,14.7353
1.276,14.7058
1.277,14.6764
1.278,14.6469
1.279,14.6175
1.28,14.588
1.281,14.5586
1.282,14.5291
1.283,14.4997
1.284,14.4702
1.285,14.4408
1.286,14.4113
1.287,14.3818
1.288,14.3524
1.289,14.3229
1.29,14.2935
1.291,14.264
1.292,14.2345
1.293,14.2051
1.294,14.1756
1.295,14.1461
1.296,14.1167
1.297,14.0872
1.298,14.0577
1.299,14.0283
1.3,13.9988
1.301,13.9693
1.302,13.9398
1.303,13.9104
1.304,13.8809
1.305,13.8514
1.306,13.8219
1.307,13.7925
1.308,13.763
1.309,13.7335
1.31,13.704
1.311,13.6746
1.312,13.6451
1.313,13.6156
1.314,13.5861
1.315,13.5567
1.316,13.5272
1.317,13.4977
1.318,13.4682
1.319,13.4388
1.32,13.4093
1.321,13.3798
1.322,13.3503
1.323,13.3208
1.324,13.2914
1.325,13.2619
1.326,13.2324
1.327,13.2029
1.328,13.1734
1.329,13.144
1.33,13.1145
1.331,13.085
1.332,13.0555
1.333,13.026
1.334,12.9966
1.335,12.9671
1.336,12.9376
1.337,12.9081
1.338,12.8787
1.339,12.8492
1.34,12.8197
1.341,12.7902
1.342,12.7608
1.343,12.7313
1.344,12.7018
1.345,12.6723
1.346,12.6429
1.347,12.6134
1.348,12.5839
1.349,12.5544
1.35,12.525
1.351,12.4955
1.352,12.466
1.353,12.4365
1.354,12.4071
1.355,12.3776
1.356,12.3481
1.357,12.3187
1.358,12.2892
1.359,12.2597
1.36,12.2303
1.361,12.2008
1.362,12.1713
1.363,12.1419
1.364,12.1124
1.365,12.083
1.366,12.0535
1.367,12.024
1.368,11.9946
1.369,11.9651
1.37,11.9357
1.371,11.9062
1.372,11.8768
1.373,11.8473
1.374,11.8179
1.375,11.7884
1.376,11.759
1.377,11.7295
1.378,11.7001
1.379,11.6706
1.38,11.6412
1.381,11.6117
1.382,11.5823
1.383,11.5528
1.384,11.5234
1.385,11.494
1.386,11.4645
1.387,11.4351
1.388,11.4057
1.389,11.3762
1.39,11.3468
1.391,11.3174
1.392,11.2879
1.393,11.2585
1.394,11.2291
1.395,11.1997
1.396,11.1703
1.397,11.1408
1.398,11.1114
1.399,11.082
1.4,11.0526
1.401,11.0232
1.402,10.9938
1.403,10.9644
1.404,10.9349
1.405,10.9055
1.406,10.8761
1.407,10.8467
1.408,10.8173
1.409,10.7879
1.41,10.7585
1.411,10.7291
1.412,10.6998
1.413,10.6704
1.414,10.641
1.415,10.6116
1.416,10.5822
1.417,10.5528
1.418,10.5234
1.419,10.4941
1.42,10.4647
1.421,10.4353
1.422,10.4059
1.423,10.3766
1.424,10.3472
1.425,10.3178
1.426,10.2885
1.427,10.2591
1.428,10.2298
1.429,10.2004
1.43,10.1711
1.431,10.1417
1.432,10.1124
1.433,10.083
1.434,10.0537
1.435,10.0243
1.436,9.99498
1.437,9.96564
1.438,9.93631
1.439,9.90698
1.44,9.87765
1.441,9.84832
1.442,9.819
1.443,9.78968
1.444,9.76036
1.445,9.73104
1.446,9.70173
1.447,9.67242
1.448,9.64311
1.449,9.6138
1.45,9.5845
1.451,9.5552
1.452,9.52591
1.453,9.49661
1.454,9.46732
1.455,9.43803
1.456,9.40875
1.457,9.37946
1.458,9.35018
1.459,9.32091
1.46,9.29163
1.461,9.26236
1.462,9.23309
1.463,9.20383
1.464,9.17456
1.465,9.14531
1.466,9.11605
1.467,9.0868
1.468,9.05755
1.469,9.0283
1.47,8.99906
1.471,8.96982
1.472,8.94058
1.473,8.91134
1.474,8.88211
1.475,8.85289
1.476,8.82366
1.477,8.79444
1.478,8.76522
1.479,8.73601
1.48,8.7068
1.481,8.67759
1.482,8.64838
1.483,8.61918
1.484,8.58998
1.485,8.56079
1.486,8.5316
1.487,8.50241
1.488,8.47323
1.489,8.44404
1.49,8.41487
1.491,8.38569
1.492,8.35652
1.493,8.32736
1.494,8.29819
1.495,8.26903
1.496,8.23988
1.497,8.21073
1.498,8.18158
1.499,8.15243
1.5,8.12329
1.501,8.09415
1.502,8.06502
1.503,8.03589
1.504,8.00676
1.505,7.97764
1.506,7.94852
1.507,7.91941
1.508,7.8903
1.509,7.86119
1.51,7.83208
1.511,7.80298
1.512,7.77389
1.513,7.7448
1.514,7.71571
1.515,7.68662
1.516,7.65754
1.517,7.62847
1.518,7.5994
1.519,7.57033
1.52,7.54126
1.521,5.51341
1.522,5.48814
1.523,5.46287
1.524,5.43761
1.525,5.41236
1.526,5.38712
1.527,5.36189
1.528,5.33667
1.529,5.31146
1.53,5.28625
1.531,5.26105
1.532,5.23587
1.533,5.21069
1.534,5.18552
1.535,5.16036
1.536,5.13521
1.537,5.11007
1.538,5.08494
1.539,5.05981
1.54,5.0347
1.541,5.00959
1.542,4.9845
1.543,4.95941
1.544,4.93433
1.545,4.90926
1.546,4.8842
1.547,4.85915
1.548,4.83411
1.549,4.80908
1.55,4.78406
1.551,4.75904
1.552,4.73404
1.553,4.70905
1.554,4.68406
1.555,4.65909
1.556,4.63412
1.557,4.60917
1.558,4.58422
1.559,4.55928
1.56,4.53435
1.561,4.50943
1.562,4.48453
1.563,4.45963
1.564,4.43474
1.565,4.40986
1.566,4.38499
1.567,4.36013
1.568,4.33528
1.569,4.31043
1.57,4.2856
1.571,4.26078
1.572,4.23597
1.573,4.21117
1.574,4.18637
1.575,4.16159
1.576,4.13682
1.577,4.11206
1.578,4.0873
1.579,4.06256
1.58,4.03783
1.581,4.0131
1.582,3.98839
1.583,3.96369
1.584,3.93899
1.585,3.91431
1.586,3.88964
1.587,3.86497
1.588,3.84032
1.589,3.81568
1.59,3.79104
1.591,3.76642
1.592,3.74181
1.593,3.71721
1.594,3.69261
1.595,3.66803
1.596,3.64346
1.597,3.6189
1.598,3.59435
1.599,3.56981
1.6,3.54528
1.601,3.52075
1.602,3.49624
1.603,3.47174
1.604,3.44726
1.605,3.42278
1.606,3.39831
1.607,3.37385
1.608,3.3494
1.609,3.32496
1.61,3.30054
1.611,3.27612
1.612,3.25172
1.613,3.22732
1.614,3.20294
1.615,3.17856
1.616,3.1542
1.617,3.12984
1.618,3.1055
1.619,3.08117
1.62,3.05685
1.621,3.03254
1.622,3.00824
1.623,2.98395
1.624,2.95967
1.625,2.93541
1.626,2.91115
1.627,2.8869
1.628,2.86267
1.629,2.83844
1.63,2.81423
1.631,2.79003
1.632,2.76584
1.633,2.74166
1.634,2.71749
1.635,2.69333
1.636,2.66918
1.637,2.64504
1.638,2.62092
1.639,2.5968
1.64,2.5727
1.641,2.5486
1.642,2.52452
1.643,2.50045
1.644,2.47639
1.645,2.45234
1.646,2.42831
1.647,2.40428
1.648,2.38026
1.649,2.35626
1.65,2.33227
1.651,2.30829
1.652,2.28432
1.653,2.26036
1.654,2.23641
1.655,2.21247
1.656,2.18855
1.657,2.16463
1.658,2.14073
1.659,2.11684
1.66,2.09296
1.661,2.06909
1.662,2.04523
1.663,2.02139
1.664,0
1.665,0
1.666,0
1.667,0
1.668,0
1.669,0
1.67,0
1.671,0
1.672,0
1.673,0
1.674,0
1.675,0
1.676,0
1.677,0
1.678,0
1.679,0
1.68,0
1.681,0
1.682,0
1.683,0
1.684,0
1.685,0
1.686,2.00315
1.687,2.04273
1.688,2.08234
1.689,2.12199
1.69,2.16168
1.691,2.20141
1.692,2.24118
1.693,2.28098
1.694,2.32083
1.695,2.36071
1.696,2.40063
1.697,2.4406
1.698,2.4806
1.699,2.52064
1.7,2.56072
1.701,2.60084
1.702,2.641
1.703,2.6812
1.704,2.72144
1.705,2.76172
1.706,2.80204
1.707,2.8424
1.708,2.8828
1.709,2.92324
1.71,2.96372
1.711,3.00425
1.712,3.04481
1.713,3.08542
1.714,3.12606
1.715,3.16675
1.716,3.20748
1.717,3.24826
1.718,3.28907
1.719,3.32993
1.72,3.37083
1.721,3.41177
1.722,3.45275
1.723,3.49377
1.724,3.53484
1.725,3.57595
1.726,3.61711
1.727,3.65831
1.728,3.69955
1.729,3.74083
1.73,3.78216
1.731,3.82353
1.732,3.86495
1.733,3.90641
1.734,3.94791
1.735,3.98946
1.736,4.03105
1.737,4.07269
1.738,4.11437
1.739,4.15609
1.74,4.19786
1.741,4.23968
1.742,4.28154
1.743,4.32345
1.744,4.3654
1.745,4.4074
1.746,4.44945
1.747,4.49154
1.748,4.53367
1.749,4.57586
1.75,4.61809
1.751,4.66036
1.752,4.70269
1.753,4.74506
1.754,4.78747
1.755,4.82994
1.756,4.87245
1.757,4.91501
1.758,4.95762
1.759,5.00027
1.76,5.04298
1.761,5.08573
1.762,5.12853
1.763,5.17138
1.764,5.21428
1.765,5.25722
1.766,5.30022
1.767,5.34327
1.768,5.38636
1.769,5.4295
1.77,5.4727
1.771,5.51594
1.772,5.55924
1.773,5.60258
1.774,5.64597
1.775,5.68942
1.776,5.73292
1.777,5.77646
1.778,5.82006
1.779,5.86371
1.78,5.90741
1.781,5.95116
1.782,5.99497
1.783,6.03882
1.784,6.08273
1.785,6.12669
1.786,6.17071
1.787,6.21477
1.788,6.25889
1.789,6.30306
1.79,6.34729
1.791,6.39157
1.792,6.4359
1.793,6.48029
1.794,6.52473
1.795,6.56922
1.796,6.61377
1.797,6.65838
1.798,6.70304
1.799,6.74775
1.8,6.79252
1.801,6.83734
1.802,6.88222
1.803,6.92716
1.804,6.97215
1.805,7.0172
1.806,7.0623
1.807,7.10746
1.808,7.15268
1.809,7.19795
1.81,7.24328
1.811,7.28867
1.812,7.33412
1.813,7.37962
1.814,7.42518
1.815,7.4708
1.816,7.51648
1.817,7.56222
1.818,7.60801
1.819,7.65387
1.82,7.69978
1.821,7.74576
1.822,7.79179
1.823,7.83788
1.824,7.88403
1.825,7.93025
1.826,7.97652
1.827,8.02285
1.828,8.06925
1.829,8.11571
1.83,8.16222
1.831,8.2088
1.832,8.25544
1.833,8.30215
1.834,8.34891
1.835,8.39574
1.836,8.44263
1.837,8.48958
1.838,8.5366
1.839,8.58368
1.84,8.63082
1.841,8.67803
1.842,8.7253
1.843,8.77263
1.844,8.82003
1.845,8.8675
1.846,8.91503
1.847,8.96262
1.848,9.01028
1.849,9.05801
1.85,9.1058
1.851,9.15365
1.852,9.20158
1.853,9.24957
1.854,9.29763
1.855,9.34575
1.856,9.39394
1.857,9.4422
1.858,9.49053
1.859,9.53893
1.86,9.58739
1.861,9.63592
1.862,9.68453
1.863,9.7332
1.864,9.78194
1.865,9.83075
1.866,9.87963
1.867,9.92858
1.868,9.9776
1.869,10.0267
1.87,10.0758
1.871,10.1251
1.872,10.1744
1.873,10.2238
1.874,10.2732
1.875,10.3227
1.876,10.3723
1.877,10.422
1.878,10.4717
1.879,10.5215
1.88,10.5714
1.881,10.6214
1.882,10.6714
1.883,10.7215
1.884,10.7717
1.885,10.822
1.886,10.8723
1.887,10.9227
1.888,10.9732
1.889,11.0238
1.89,11.0744
1.891,11.1251
1.892,11.1759
1.893,11.2268
1.894,11.2777
1.895,11.3287
1.896,11.3798
1.897,11.431
1.898,11.4823
1.899,11.5336
1.9,11.585
1.901,11.6365
1.902,11.6881
1.903,11.7398
1.904,11.7915
1.905,11.8433
1.906,11.8952
1.907,11.9472
1.908,11.9993
1.909,12.0514
1.91,12.1036
1.911,12.1559
1.912,12.2083
1.913,12.2608
1.914,12.3134
1.915,12.366
1.916,12.4187
1.917,12.4716
1.918,12.5245
1.919,12.5774
1.92,12.6305
1.921,12.6837
1.922,12.7369
1.923,12.7902
1.924,12.8436
1.925,12.8972
1.926,12.9507
1.927,13.0044
1.928,13.0582
1.929,13.112
1.93,13.166
1.931,13.22
1.932,13.2741
1.933,13.3284
1.934,13.3827
1.935,13.437
1.936,13.4915
1.937,13.5461
1.938,13.6008
1.939,13.6555
1.94,13.7104
1.941,13.7653
1.942,13.8204
1.943,13.8755
1.944,13.9307
1.945,13.9861
1.946,14.0415
1.947,14.097
1.948,14.1526
1.949,14.2083
1.95,14.2641
1.951,14.32
1.952,14.376
1.953,14.4321
1.954,14.4882
1.955,14.5445
1.956,14.6009
1.957,14.6574
1.958,14.714
1.959,14.7707
1.96,14.8274
1.961,14.8843
1.962,14.9413
1.963,14.9984
1.964,15.0556
1.965,15.1129
1.966,15.1702
1.967,15.2277
1.968,15.2853
1.969,15.343
1.97,15.4008
1.971,15.4587
1.972,15.5168
1.973,15.5749
1.974,15.6331
1.975,15.6914
1.976,15.7499
1.977,15.8084
1.978,15.8671
1.979,15.9258
1.98,15.9847
1.981,16.0437
1.982,16.1027
1.983,16.1619
1.984,16.2213
1.985,16.2807
1.986,16.3402
1.987,16.3998
1.988,16.4596
1.989,16.5194
1.99,16.5794
1.991,16.6395
1.992,16.6997
1.993,16.76
1.994,16.8205
1.995,16.881
1.996,16.9417
1.997,17.0024
1.998,17.0633
1.999,17.1244
2,17.1855
2.001,17.2467
2.002,17.3081
2.003,17.3696
2.004,17.4312
2.005,17.4929
2.006,17.5548
2.007,17.6167
2.008,17.6788
2.009,17.741
2.01,17.8033
2.011,17.8658
2.012,17.9284
2.013,17.9911
2.014,18.0539
2.015,18.1169
2.016,18.1799
2.017,18.2431
2.018,18.3065
2.019,18.3699
2.02,18.4335
2.021,18.4972
2.022,18.561
2.023,18.625
2.024,18.6891
2.025,18.7533
2.026,18.8177
2.027,18.8822
2.028,18.9468
2.029,19.0116
2.03,19.0765
2.031,19.1415
2.032,19.2066
2.033,19.2719
2.034,19.3374
2.035,19.4029
2.036,19.4686
2.037,19.5344
2.038,19.6004
2.039,19.6665
2.04,19.7328
2.041,19.7992
2.042,19.8657
2.043,19.9324
2.044,19.9992
2.045,20.0661
2.046,20.1332
2.047,20.2004
2.048,20.2678
2.049,20.3353
2.05,20.403
2.051,20.4708
2.052,20.5388
2.053,20.6069
2.054,20.6751
2.055,20.7435
2.056,20.8121
2.057,20.8808
2.058,20.9496
2.059,21.0186
2.06,21.0878
2.061,21.1571
2.062,21.2265
2.063,21.2961
2.064,21.3659
2.065,21.4358
2.066,21.5059
2.067,21.5761
2.068,21.6465
2.069,21.717
2.07,21.7877
2.071,21.8586
2.072,21.9296
2.073,22.0007
2.074,22.0721
2.075,22.1436
2.076,22.2152
2.077,22.287
2.078,22.359
2.079,22.4312
2.08,22.5035
2.081,22.5759
2.082,22.6486
2.083,22.7214
2.084,22.7943
2.085,22.8675
2.086,22.9408
2.087,23.0143
2.088,23.0879
2.089,23.1617
2.09,23.2357
2.091,23.3099
2.092,23.3842
2.093,23.4504
2.094,23.5027
2.095,23.5553
2.096,23.6081
2.097,23.6612
2.098,23.7145
2.099,23.768
2.1,23.8218
2.101,23.8758
2.102,23.93
2.103,23.9845
2.104,24.0392
2.105,24.0942
2.106,24.1494
2.107,24.2049
2.108,24.2606
2.109,24.3165
2.11,24.3727
2.111,24.4291
2.112,24.4858
2.113,24.5427
2.114,24.5998
2.115,24.6572
2.116,24.7149
2.117,24.7728
2.118,24.8309
2.119,24.8893
2.12,24.948
2.121,25.0068
2.122,25.066
2.123,25.1253
2.124,25.185
2.125,25.2449
2.126,25.305
2.127,25.3654
2.128,25.426
2.129,25.4869
2.13,25.5481
2.131,25.6095
2.132,25.6711
2.133,25.733
2.134,25.7952
2.135,25.8576
2.136,25.9203
2.137,25.9833
2.138,26.0465
2.139,26.1099
2.14,26.1736
2.141,26.2376
2.142,26.3019
2.143,26.3664
2.144,26.4312
2.145,26.4962
2.146,26.5615
2.147,26.6271
2.148,26.6929
2.149,26.759
2.15,26.8254
2.151,26.892
2.152,26.9589
2.153,27.0261
2.154,27.0936
2.155,27.1613
2.156,27.2293
2.157,27.2976
2.158,27.3661
2.159,27.4349
2.16,27.504
2.161,27.5734
2.162,27.6431
2.163,27.713
2.164,27.7832
2.165,29.8556
2.166,29.9392
2.167,30.023
2.168,30.1071
2.169,30.1915
2.17,30.2762
2.171,30.3612
2.172,30.4464
2.173,30.532
2.174,30.6178
2.175,30.7039
2.176,30.7903
2.177,30.877
2.178,30.9639
2.179,31.0512
2.18,31.1388
2.181,31.2266
2.182,31.3148
2.183,31.4032
2.184,31.4919
2.185,31.581
2.186,31.6703
2.187,31.7599
2.188,31.8498
2.189,31.9401
2.19,32.0306
2.191,32.1215
2.192,32.2126
2.193,32.304
2.194,32.3958
2.195,32.4879
2.196,32.5802
2.197,32.6729
2.198,32.7659
2.199,32.8593
2.2,32.9529
2.201,33.0359
2.202,33.0546
2.203,33.0732
2.204,33.0918
2.205,33.1104
2.206,33.129
2.207,33.1476
2.208,33.1661
2.209,33.1847
2.21,33.2032
2.211,33.2218
2.212,33.2403
2.213,33.2588
2.214,33.2773
2.215,33.2958
2.216,33.3142
2.217,33.3327
2.218,33.3512
2.219,33.3696
2.22,33.388
2.221,33.4064
2.222,33.4248
2.223,33.4432
2.224,33.4616
2.225,33.48
2.226,33.4983
2.227,33.5167
2.228,33.535
2.229,33.5533
2.23,33.5716
2.231,33.5899
2.232,33.6082
2.233,33.6265
2.234,33.6447
2.235,33.663
2.236,33.6812
2.237,33.6994
2.238,33.7177
2.239,33.7359
2.24,33.754
2.241,33.7722
2.242,33.7904
2.243,33.8085
2.244,33.8267
2.245,33.8448
2.246,33.8629
2.247,33.881
2.248,33.8991
2.249,33.9172
2.25,33.9352
2.251,33.9533
2.252,33.9713
2.253,33.9893
2.254,34.0074
2.255,34.0254
2.256,34.0433
2.257,34.0613
2.258,34.0793
2.259,34.0972
2.26,34.1152
2.261,34.1331
2.262,34.151
2.263,34.1689
2.264,34.1868
2.265,34.2047
2.266,34.2225
2.267,34.2404
2.268,34.2582
2.269,34.276
2.27,34.2938
2.271,34.3116
2.272,34.3294
2.273,34.3472
2.274,34.3649
2.275,34.3827
2.276,34.4004
2.277,34.4181
2.278,34.4358
2.279,34.4535
2.28,34.4712
2.281,34.4889
2.282,34.5065
2.283,34.5242
2.284,34.5418
2.285,34.5594
2.286,34.577
2.287,34.5946
2.288,34.6122
2.289,34.6298
2.29,34.6473
2.291,34.6648
2.292,34.6824
2.293,34.6999
2.294,34.7174
2.295,34.7349
2.296,34.7523
2.297,34.7698
2.298,34.7872
2.299,34.8047
2.3,34.8221
2.301,34.8395
2.302,34.8569
2.303,34.8743
2.304,34.8916
2.305,34.909
2.306,34.9263
2.307,34.9437
2.308,34.961
2.309,34.9783
2.31,34.9956
2.311,35.0128
2.312,35.0301
2.313,35.0473
2.314,35.0646
2.315,35.0818
2.316,35.099
2.317,35.1162
2.318,35.1334
2.319,35.1506
2.32,35.1677
2.321,35.1849
2.322,35.202
2.323,35.2191
2.324,35.2362
2.325,35.2533
2.326,35.2704
2.327,35.2874
2.328,35.3045
2.329,35.3215
2.33,35.3385
2.331,35.3555
2.332,35.3725
2.333,35.3895
2.334,35.4065
2.335,35.4234
2.336,35.4404
2.337,35.4573
2.338,35.4742
2.339,35.4911
2.34,35.508
2.341,35.5249
2.342,35.5417
2.343,35.5586
2.344,35.5754
2.345,35.5922
2.346,35.6091
2.347,35.6258
2.348,35.6426
2.349,35.6594
2.35,35.6761
2.351,35.6929
2.352,35.7096
2.353,35.7263
2.354,35.743
2.355,35.7597
2.356,35.7764
2.357,35.793
2.358,35.8097
2.359,35.8263
2.36,35.8429
2.361,35.8595
2.362,35.8761
2.363,35.8927
2.364,35.9093
2.365,35.9258
2.366,35.9424
2.367,35.9589
2.368,35.9754
2.369,35.9919
2.37,36.0084
2.371,36.0248
2.372,36.0413
2.373,36.0577
2.374,36.0742
2.375,36.0906
2.376,36.107
2.377,36.1234
2.378,36.1398
2.379,36.1561
2.38,36.1725
2.381,36.1888
2.382,36.2051
2.383,36.2214
2.384,36.2377
2.385,36.254
2.386,36.2703
2.387,36.2865
2.388,36.3027
2.389,36.319
2.39,36.3352
2.391,36.3514
2.392,36.3676
2.393,36.3837
2.394,36.3999
2.395,36.416
2.396,36.4322
2.397,36.4483
2.398,36.4644
2.399,36.4805
2.4,36.4965
2.401,36.5126
2.402,36.5286
2.403,36.5447
2.404,36.5607
2.405,36.5767
2.406,36.5927
2.407,36.6087
2.408,36.6246
2.409,36.6406
2.41,36.6565
2.411,36.6724
2.412,36.6884
2.413,36.7043
2.414,36.7201
2.415,36.736
2.416,36.7519
2.417,36.7677
2.418,36.7835
2.419,36.7993
2.42,36.8151
2.421,36.8309
2.422,36.8467
2.423,36.8625
2.424,36.8782
2.425,36.8939
2.426,36.9096
2.427,36.9253
2.428,36.941
2.429,36.9567
2.43,36.9724
2.431,36.988
2.432,37.0037
2.433,37.0193
2.434,37.0349
2.435,37.0505
2.436,37.066
2.437,37.0816
2.438,37.0972
2.439,37.1127
2.44,37.1282
2.441,37.1437
2.442,37.1592
2.443,37.1747
2.444,37.1902
2.445,37.2056
2.446,37.2211
2.447,37.2365
2.448,37.2519
2.449,37.2673
2.45,37.2827
2.451,37.2981
2.452,37.3134
2.453,37.3287
2.454,37.3441
2.455,37.3594
2.456,37.3747
2.457,37.39
2.458,37.4052
2.459,37.4205
2.46,37.4357
2.461,37.451
2.462,37.4662
2.463,37.4814
2.464,37.4966
2.465,37.5118
2.466,37.5269
2.467,37.5421
2.468,37.5572
2.469,37.5723
2.47,37.5874
2.471,37.6025
2.472,37.6176
2.473,37.6326
2.474,37.6477
2.475,37.6627
2.476,37.6777
2.477,37.6927
2.478,37.7077
2.479,37.7227
2.48,37.7377
2.481,37.7526
2.482,37.7675
2.483,37.7825
2.484,37.7974
2.485,37.8123
2.486,37.8271
2.487,37.842
2.488,37.8568
2.489,37.8717
2.49,37.8865
2.491,37.9013
2.492,37.9161
2.493,37.9309
2.494,37.9456
2.495,37.9604
2.496,37.9751
2.497,37.9898
2.498,38.0045
2.499,38.0192
2.5,38.0339
2.501,38.0486
2.502,38.0632
2.503,38.0779
2.504,38.0925
2.505,38.1071
2.506,38.1217
2.507,38.1363
2.508,38.1508
2.509,38.1654
2.51,38.1799
2.511,38.1944
2.512,38.2089
2.513,38.2234
2.514,38.2379
2.515,38.2523
2.516,38.2668
2.517,38.2812
2.518,38.2956
2.519,38.3101
2.52,38.3244
2.521,38.3388
2.522,38.3532
2.523,38.3675
2.524,38.3819
2.525,38.3962
2.526,38.4105
2.527,38.4248
2.528,38.439
2.529,38.4533
2.53,38.4675
2.531,38.4818
2.532,38.496
2.533,38.5102
2.534,38.5244
2.535,38.5385
2.536,38.5527
2.537,38.5668
2.538,38.581
2.539,38.5951
2.54,38.6092
2.541,38.6233
2.542,38.6373
2.543,38.6514
2.544,38.6654
2.545,38.6795
2.546,38.6935
2.547,38.7075
2.548,38.7214
2.549,38.7354
2.55,38.7494
2.551,38.7633
2.552,38.7772
2.553,38.7911
2.554,38.805
2.555,38.8189
2.556,38.8328
2.557,38.8466
2.558,38.8604
2.559,38.8743
2.56,38.8881
2.561,38.9019
2.562,38.9156
2.563,38.9294
2.564,38.9431
2.565,38.9569
2.566,38.9706
2.567,38.9843
2.568,38.998
2.569,39.0116
2.57,39.0253
2.571,39.0389
2.572,39.0525
2.573,39.0662
2.574,39.0798
2.575,39.0933
2.576,39.1069
2.577,39.1204
2.578,39.134
2.579,39.1475
2.58,39.161
2.581,39.1745
2.582,39.188
2.583,39.2014
2.584,39.2149
2.585,39.2283
2.586,39.2417
2.587,39.2551
2.588,39.2685
2.589,39.2819
2.59,39.2952
2.591,39.3086
2.592,39.3219
2.593,39.3352
2.594,39.3485
2.595,39.3618
2.596,39.375
2.597,39.3883
2.598,39.4015
2.599,39.4147
2.6,39.4279
2.601,39.4411
2.602,39.4543
2.603,39.4674
2.604,39.4806
2.605,39.4937
2.606,39.5068
2.607,39.5199
2.608,39.533
2.609,39.546
2.61,39.5591
2.611,39.5721
2.612,39.5851
2.613,39.5981
2.614,39.6111
2.615,39.6241
2.616,39.637
2.617,39.65
2.618,39.6629
2.619,39.6758
2.62,39.6887
2.621,39.7016
2.622,39.7144
2.623,39.7273
2.624,39.7401
2.625,39.7529
2.626,39.7657
2.627,39.7785
2.628,39.7913
2.629,39.804
2.63,39.8168
2.631,39.8295
2.632,39.8422
2.633,39.8549
2.634,39.8676
2.635,39.8802
2.636,39.8929
2.637,39.9055
2.638,39.9181
2.639,39.9307
2.64,39.9433
2.641,39.9558
2.642,39.9684
2.643,39.9809
2.644,39.9934
2.645,40.0059
2.646,40.0184
2.647,40.0309
2.648,40.0433
2.649,40.0558
2.65,40.0682
2.651,40.0806
2.652,40.093
2.653,40.1054
2.654,40.1177
2.655,40.1301
2.656,40.1424
2.657,40.1547
2.658,40.167
2.659,40.1793
2.66,40.1915
2.661,40.2038
2.662,40.216
2.663,40.2282
2.664,40.2404
2.665,40.2526
2.666,40.2647
2.667,40.2769
2.668,40.289
2.669,40.3011
2.67,40.3132
2.671,40.3253
2.672,40.3374
2.673,40.3494
2.674,40.3615
2.675,40.3735
2.676,40.3855
2.677,40.3975
2.678,40.4094
2.679,40.4214
2.68,40.4333
2.681,40.4452
2.682,40.4572
2.683,40.469
2.684,40.4809
2.685,40.4928
2.686,40.5046
2.687,40.5164
2.688,40.5282
2.689,40.54
2.69,40.5518
2.691,40.5635
2.692,40.5753
2.693,40.587
2.694,40.5987
2.695,40.6104
2.696,40.6221
2.697,40.6337
2.698,40.6454
2.699,40.657
2.7,40.6686
2.701,40.6802
2.702,40.6918
2.703,40.7033
2.704,40.7149
2.705,40.7264
2.706,40.7379
2.707,40.7494
2.708,40.7609
2.709,40.7723
2.71,40.7838
2.711,40.7952
2.712,40.8066
2.713,40.818
2.714,40.8293
2.715,40.8407
2.716,40.852
2.717,40.8634
2.718,40.8747
2.719,40.886
2.72,40.8972
2.721,40.9085
2.722,40.9197
2.723,40.9309
2.724,40.9421
2.725,40.9533
2.726,40.9645
2.727,40.9757
2.728,40.9868
2.729,40.9979
2.73,41.009
2.731,41.0201
2.732,41.0312
2.733,41.0422
2.734,41.0532
2.735,41.0643
2.736,41.0753
2.737,41.0862
2.738,41.0972
2.739,41.1081
2.74,41.1191
2.741,41.13
2.742,41.1409
2.743,41.1518
2.744,41.1626
2.745,41.1735
2.746,41.1843
2.747,41.1951
2.748,41.2059
2.749,41.2167
2.75,41.2274
2.751,41.2382
2.752,41.2489
2.753,41.2596
2.754,41.2703
2.755,41.281
2.756,41.2916
2.757,41.3022
2.758,41.3129
2.759,41.3235
2.76,41.334
2.761,41.3446
2.762,41.3552
2.763,41.3657
2.764,41.3762
2.765,41.3867
2.766,41.3972
2.767,41.4076
2.768,41.4181
2.769,41.4285
2.77,41.4389
2.771,41.4493
2.772,41.4597
2.773,41.47
2.774,41.4804
2.775,41.4907
2.776,41.501
2.777,41.5113
2.778,41.5215
2.779,41.5318
2.78,41.542
2.781,41.5522
2.782,41.5624
2.783,41.5726
2.784,41.5827
2.785,41.5929
2.786,41.603
2.787,41.6131
2.788,41.6232
2.789,41.6333
2.79,41.6433
2.791,41.6534
2.792,41.6634
2.793,41.6734
2.794,41.6833
2.795,41.6933
2.796,41.7033
2.797,41.7132
2.798,41.7231
2.799,41.733
2.8,41.7428
2.801,41.7527
2.802,41.7625
2.803,41.7723
2.804,41.7821
2.805,41.7919
2.806,41.8017
2.807,41.8114
2.808,41.8212
2.809,41.8309
2.81,41.8406
2.811,41.8502
2.812,41.8599
2.813,41.8695
2.814,41.8791
2.815,41.8887
2.816,41.8983
2.817,41.9079
2.818,41.9174
2.819,41.9269
2.82,41.9364
2.821,41.9459
2.822,41.9554
2.823,41.9649
2.824,41.9743
2.825,41.9837
2.826,41.9931
2.827,42.0025
2.828,42.0118
2.829,42.0212
2.83,42.0305
2.831,42.0398
2.832,42.0491
2.833,42.0583
2.834,42.0676
2.835,42.0768
2.836,42.086
2.837,42.0952
2.838,42.1044
2.839,42.1136
2.84,42.1227
2.841,42.1318
2.842,42.1409
2.843,42.15
2.844,42.1591
2.845,42.1681
2.846,42.1771
2.847,42.1861
2.848,42.1951
2.849,42.2041
2.85,42.213
2.851,42.222
2.852,42.2309
2.853,42.2398
2.854,42.2486
2.855,42.2575
2.856,42.2663
2.857,42.2751
2.858,42.2839
2.859,42.2927
2.86,42.3015
2.861,42.3102
2.862,42.3189
2.863,42.3277
2.864,42.3363
2.865,42.345
2.866,42.3536
2.867,42.3623
2.868,42.3709
2.869,42.3795
2.87,42.388
2.871,42.3966
2.872,42.4051
2.873,42.4136
2.874,42.4221
2.875,42.4306
2.876,42.4391
2.877,42.4475
2.878,42.4559
2.879,42.4643
2.88,42.4727
2.881,42.4811
2.882,42.4894
2.883,42.4977
2.884,42.506
2.885,42.5143
2.886,42.5226
2.887,42.5308
2.888,42.5391
2.889,42.5473
2.89,42.5554
2.891,42.5636
2.892,42.5718
2.893,42.5799
2.894,42.588
2.895,42.5961
2.896,42.6042
2.897,42.6122
2.898,42.6202
2.899,42.6283
2.9,42.6363
2.901,42.6442
2.902,42.6522
2.903,42.6601
2.904,42.668
2.905,42.6759
2.906,42.6838
2.907,42.6917
2.908,42.6995
2.909,42.7073
2.91,42.7151
2.911,42.7229
2.912,42.7307
2.913,42.7384
2.914,42.7461
2.915,42.7538
2.916,42.7615
2.917,42.7692
2.918,42.7768
2.919,42.7844
2.92,42.792
2.921,42.7996
2.922,42.8072
2.923,42.8147
2.924,42.8223
2.925,42.8298
2.926,42.8372
2.927,42.8447
2.928,42.8522
2.929,42.8596
2.93,42.867
2.931,42.8744
2.932,42.8817
2.933,42.8891
2.934,42.8964
2.935,42.9037
2.936,42.911
2.937,42.9183
2.938,42.9255
2.939,42.9328
2.94,42.94
2.941,42.9472
2.942,42.9543
2.943,42.9615
2.944,42.9686
2.945,42.9757
2.946,42.9828
2.947,42.9899
2.948,42.9969
2.949,43.004
2.95,43.011
2.951,43.018
2.952,43.0249
2.953,43.0319
2.954,43.0388
2.955,43.0457
2.956,43.0526
2.957,43.0595
2.958,43.0663
2.959,43.0731
2.96,43.08
2.961,43.0867
2.962,43.0935
2.963,43.1003
2.964,43.107
2.965,43.1137
2.966,43.1204
2.967,43.1271
2.968,43.1337
2.969,43.1403
2.97,43.147
2.971,43.1535
2.972,43.1601
2.973,43.1667
2.974,43.1732
2.975,43.1797
2.976,43.1862
2.977,43.1927
2.978,43.1991
2.979,43.2055
2.98,43.2119
2.981,43.2183
2.982,43.2247
2.983,43.231
2.984,43.2374
2.985,43.2437
2.986,43.25
2.987,43.2562
2.988,43.2625
2.989,43.2687
2.99,43.2749
2.991,43.2811
2.992,43.2872
2.993,43.2934
2.994,43.2995
2.995,43.3056
2.996,43.3117
2.997,43.3178
2.998,43.3238
2.999,43.3298
3,43.3358
3.001,43.3418
3.002,43.3478
3.003,43.3537
3.004,43.3596
3.005,43.3655
3.006,43.3714
3.007,43.3773
3.008,43.3831
3.009,43.3889
3.01,43.3947
3.011,43.4005
3.012,43.4063
3.013,43.412
3.014,43.4177
3.015,43.4234
3.016,43.4291
3.017,43.4348
3.018,43.4404
3.019,43.446
3.02,43.4516
3.021,43.4572
3.022,43.4627
3.023,43.4683
3.024,43.4738
3.025,43.4793
3.026,43.4847
3.027,43.4902
3.028,43.4956
3.029,43.501
3.03,43.5064
3.031,43.5118
3.032,43.5171
3.033,43.5225
3.034,43.5278
3.035,43.5331
3.036,43.5383
3.037,43.5436
3.038,43.5488
3.039,43.554
3.04,43.5592
3.041,43.5643
3.042,43.5695
3.043,43.5746
3.044,43.5797
3.045,43.5848
3.046,43.5898
3.047,43.5949
3.048,43.5999
3.049,43.6049
3.05,43.6099
3.051,43.6148
3.052,43.6198
3.053,43.6247
3.054,43.6296
3.055,43.6345
3.056,43.6393
3.057,43.6442
3.058,43.649
3.059,43.6538
3.06,43.6585
3.061,43.6633
3.062,43.668
3.063,43.6727
3.064,43.6774
3.065,43.6821
3.066,43.6867
3.067,43.6914
3.068,43.696
3.069,43.7006
3.07,43.7051
3.071,43.7097
3.072,43.7142
3.073,43.7187
3.074,43.7232
3.075,43.7276
3.076,43.7321
3.077,43.7365
3.078,43.7409
3.079,43.7453
3.08,43.7496
3.081,43.754
3.082,43.7583
3.083,43.7626
3.084,43.7669
3.085,43.7711
3.086,43.7754
3.087,43.7796
3.088,43.7838
3.089,43.788
3.09,43.7921
3.091,43.7962
3.092,43.8004
3.093,43.8044
3.094,43.8085
3.095,43.8126
3.096,43.8166
3.097,43.8206
3.098,43.8246
3.099,43.8286
3.1,43.8325
3.101,43.8364
3.102,43.8403
3.103,43.8442
3.104,43.8481
3.105,43.8519
3.106,43.8557
3.107,43.8595
3.108,43.8633
3.109,43.8671
3.11,43.8708
3.111,43.8745
3.112,43.8782
3.113,43.8819
3.114,43.8856
3.115,43.8892
3.116,43.8928
3.117,43.8964
3.118,43.9
3.119,43.9036
3.12,43.9071
3.121,43.9106
3.122,43.9141
3.123,43.9176
3.124,43.921
3.125,43.9244
3.126,43.9279
3.127,43.9312
3.128,43.9346
3.129,43.938
3.13,43.9413
3.131,43.9446
3.132,43.9479
3.133,43.9511
3.134,43.9544
3.135,43.9576
3.136,43.9608
3.137,43.964
3.138,43.9672
3.139,43.9703
3.14,43.9734
3.141,43.9765
3.142,43.9796
3.143,43.9827
3.144,43.9857
3.145,43.9887
3.146,43.9917
3.147,43.9947
3.148,43.9976
3.149,44.0006
3.15,44.0035
3.151,44.0064
3.152,44.0093
3.153,44.0121
3.154,44.0149
3.155,44.0178
3.156,44.0205
3.157,44.0233
3.158,44.0261
3.159,44.0288
3.16,44.0315
3.161,44.0342
3.162,44.0369
3.163,44.0395
3.164,44.0421
3.165,44.0447
3.166,44.0473
3.167,44.0499
3.168,44.0524
3.169,44.055
3.17,44.0575
3.171,44.06
3.172,44.0624
3.173,44.0649
3.174,44.0673
3.175,44.0697
3.176,44.0721
3.177,44.0744
3.178,44.0768
3.179,44.0791
3.18,44.0814
3.181,44.0837
3.182,44.0859
3.183,44.0882
3.184,44.0904
3.185,44.0926
3.186,44.0948
3.187,44.0969
3.188,44.0991
3.189,44.1012
3.19,44.1033
3.191,44.1053
3.192,44.1074
3.193,44.1094
3.194,44.1114
3.195,44.1134
3.196,44.1154
3.197,44.1174
3.198,44.1193
3.199,44.1212
3.2,44.1231
3.201,44.125
3.202,44.1268
3.203,44.1287
3.204,44.1305
3.205,44.1323
3.206,44.134
3.207,44.1358
3.208,44.1375
3.209,44.1392
3.21,44.1409
3.211,44.1426
3.212,44.1442
3.213,44.1459
3.214,44.1475
3.215,44.1491
3.216,44.1506
3.217,44.1522
3.218,44.1537
3.219,44.1552
3.22,44.1567
3.221,44.1582
3.222,44.1596
3.223,44.1611
3.224,44.1625
3.225,44.1639
3.226,44.1652
3.227,44.1666
3.228,44.1679
3.229,44.1692
3.23,44.1705
3.231,44.1718
3.232,44.173
3.233,44.1743
3.234,44.1755
3.235,44.1766
3.236,44.1778
3.237,44.179
3.238,44.1801
3.239,44.1812
3.24,44.1823
3.241,44.1834
3.242,44.1844
3.243,44.1854
3.244,44.1864
3.245,44.1874
3.246,44.1884
3.247,44.1894
3.248,44.1903
3.249,44.1912
3.25,44.1921
3.251,44.1929
3.252,44.1938
3.253,44.1946
3.254,44.1954
3.255,44.1962
3.256,44.197
3.257,44.1978
3.258,44.1985
3.259,44.1992
3.26,44.1999
3.261,44.2006
3.262,44.2012
3.263,44.2018
3.264,44.2025
3.265,44.2031
3.266,44.2036
3.267,44.2042
3.268,44.2047
3.269,44.2052
3.27,44.2057
3.271,44.2062
3.272,44.2067
3.273,44.2071
3.274,44.2075
3.275,44.2079
3.276,44.2083
3.277,44.2087
3.278,44.209
3.279,44.2093
3.28,44.2096
3.281,44.2099
3.282,44.2102
3.283,44.2104
3.284,44.2106
3.285,44.2108
3.286,44.211
3.287,44.2112
3.288,44.2113
3.289,44.2114
3.29,44.2116
3.291,44.2116
3.292,44.2117
3.293,44.2118
3.294,44.2118
3.295,44.2118
3.296,44.2118
3.297,44.2118
3.298,44.2117
3.299,44.2116
3.3,44.2116
3.301,44.2115
3.302,44.2113
3.303,44.2112
3.304,44.211
3.305,44.2108
3.306,44.2106
3.307,44.2104
3.308,44.2102
3.309,44.2099
3.31,44.2096
3.311,44.2094
3.312,44.209
3.313,44.2087
3.314,44.2083
3.315,44.208
3.316,44.2076
3.317,44.2072
3.318,44.2067
3.319,44.2063
3.32,44.2058
3.321,44.2053
3.322,44.2048
3.323,44.2043
3.324,44.2038
3.325,44.2032
3.326,44.2026
3.327,44.202
3.328,44.2014
3.329,44.2008
3.33,44.2001
3.331,44.1995
3.332,44.1988
3.333,44.1981
3.334,44.1973
3.335,44.1966
3.336,44.1958
3.337,44.195
3.338,44.1942
3.339,44.1934
3.34,44.1926
3.341,44.1917
3.342,44.1908
3.343,44.1899
3.344,44.189
3.345,44.1881
3.346,44.1871
3.347,44.1861
3.348,44.1852
3.349,44.1841
3.35,44.1831
3.351,44.1821
3.352,44.181
3.353,44.1799
3.354,44.1788
3.355,44.1777
3.356,44.1766
3.357,44.1754
3.358,44.1743
3.359,44.1731
3.36,44.1719
3.361,44.1706
3.362,44.1694
3.363,44.1681
3.364,44.1668
3.365,44.1655
3.366,44.1642
3.367,44.1629
3.368,44.1615
3.369,44.1601
3.37,44.1588
3.371,44.1573
3.372,44.1559
3.373,44.1545
3.374,44.153
3.375,44.1515
3.376,44.15
3.377,44.1485
3.378,44.147
3.379,44.1454
3.38,44.1439
3.381,44.1423
3.382,44.1407
3.383,44.139
3.384,44.1374
3.385,44.1357
3.386,44.1341
3.387,44.1324
3.388,44.1307
3.389,44.1289
3.39,44.1272
3.391,44.1254
3.392,44.1236
3.393,44.1218
3.394,44.12
3.395,44.1182
3.396,44.1163
3.397,44.1144
3.398,44.1126
3.399,44.1107
3.4,44.1087
3.401,44.1068
3.402,44.1048
3.403,44.1028
3.404,44.1009
3.405,44.0988
3.406,44.0968
3.407,44.0948
3.408,44.0927
3.409,44.0906
3.41,44.0885
3.411,44.0864
3.412,44.0843
3.413,44.0821
3.414,44.08
3.415,44.0778
3.416,44.0756
3.417,44.0734
3.418,44.0711
3.419,44.0689
3.42,44.0666
3.421,44.0643
3.422,44.062
3.423,44.0597
3.424,44.0573
3.425,44.055
3.426,44.0526
3.427,44.0502
3.428,44.0478
3.429,44.0454
3.43,44.043
3.431,44.0405
3.432,44.038
3.433,44.0355
3.434,44.033
3.435,44.0305
3.436,44.028
3.437,44.0254
3.438,44.0228
3.439,44.0202
3.44,44.0176
3.441,44.015
3.442,44.0124
3.443,44.0097
3.444,44.007
3.445,44.0043
3.446,44.0016
3.447,43.9989
3.448,43.9962
3.449,43.9934
3.45,43.9906
3.451,43.9879
3.452,43.985
3.453,43.9822
3.454,43.9794
3.455,43.9765
3.456,43.9737
3.457,43.9708
3.458,43.9679
3.459,43.9649
3.46,43.962
3.461,43.959
3.462,43.9561
3.463,43.9531
3.464,43.9501
3.465,43.9471
3.466,43.944
3.467,43.941
3.468,43.9379
3.469,43.9348
3.47,43.9317
3.471,43.9286
3.472,43.9255
3.473,43.9223
3.474,43.9192
3.475,43.916
3.476,43.9128
3.477,43.9096
3.478,43.9064
3.479,43.9031
3.48,43.8999
3.481,43.8966
3.482,43.8933
3.483,43.89
3.484,43.8867
3.485,43.8833
3.486,43.88
3.487,43.8766
3.488,43.8732
3.489,43.8698
3.49,43.8664
3.491,43.863
3.492,43.8595
3.493,43.8561
3.494,43.8526
3.495,43.8491
3.496,43.8456
3.497,43.8421
3.498,43.8385
3.499,43.835
3.5,43.8314
3.501,43.8278
3.502,43.8242
3.503,43.8206
3.504,43.817
3.505,43.8133
3.506,43.8097
3.507,43.806
3.508,43.8023
3.509,43.7986
3.51,43.7949
3.511,43.7911
3.512,43.7874
3.513,43.7836
3.514,43.7798
3.515,43.776
3.516,43.7722
3.517,43.7684
3.518,43.7645
3.519,43.7607
3.52,43.7568
3.521,43.7529
3.522,43.749
3.523,43.7451
3.524,43.7411
3.525,43.7372
3.526,43.7332
3.527,43.7293
3.528,43.7253
3.529,43.7213
3.53,43.7172
3.531,43.7132
3.532,43.7091
3.533,43.7051
3.534,43.701
3.535,43.6969
3.536,43.6928
3.537,43.6887
3.538,43.6845
3.539,43.6804
3.54,43.6762
3.541,43.672
3.542,43.6678
3.543,43.6636
3.544,43.6594
3.545,43.6551
3.546,43.6509
3.547,43.6466
3.548,43.6423
3.549,43.638
3.55,43.6337
3.551,43.6294
3.552,43.6251
3.553,43.6207
3.554,43.6163
3.555,43.612
3.556,43.6076
3.557,43.6031
3.558,43.5987
3.559,43.5943
3.56,43.5898
3.561,43.5854
3.562,43.5809
3.563,43.5764
3.564,43.5719
3.565,43.5674
3.566,43.5628
3.567,43.5583
3.568,43.5537
3.569,43.5491
3.57,43.5445
3.571,43.5399
3.572,43.5353
3.573,43.5307
3.574,43.526
3.575,43.5214
3.576,43.5167
3.577,43.512
3.578,43.5073
3.579,43.5026
3.58,43.4979
3.581,43.4931
3.582,43.4884
3.583,43.4836
3.584,43.4788
3.585,43.474
3.586,43.4692
3.587,43.4644
3.588,43.4595
3.589,43.4547
3.59,43.4498
3.591,43.4449
3.592,43.4401
3.593,43.4352
3.594,43.4302
3.595,43.4253
3.596,43.4204
3.597,43.4154
3.598,43.4104
3.599,43.4055
3.6,43.4005
3.601,43.3955
3.602,43.3904
3.603,43.3854
3.604,43.3804
3.605,43.3753
3.606,43.3702
3.607,43.3651
3.608,43.36
3.609,43.3549
3.61,43.3498
3.611,43.3447
3.612,43.3395
3.613,43.3343
3.614,43.3292
3.615,43.324
3.616,43.3188
3.617,43.3136
3.618,43.3083
3.619,43.3031
3.62,43.2978
3.621,43.2926
3.622,43.2873
3.623,43.282
3.624,43.2767
3.625,43.2714
3.626,43.2661
3.627,43.2607
3.628,43.2554
3.629,43.25
3.63,43.2446
3.631,43.2392
3.632,43.2338
3.633,43.2284
3.634,43.223
3.635,43.2176
3.636,43.2121
3.637,43.2066
3.638,43.2012
3.639,43.1957
3.64,43.1902
3.641,43.1847
3.642,43.1791
3.643,43.1736
3.644,43.1681
3.645,43.1625
3.646,43.1569
3.647,43.1513
3.648,43.1457
3.649,43.1401
3.65,43.1345
3.651,43.1289
3.652,43.1232
3.653,43.1176
3.654,43.1119
3.655,43.1062
3.656,43.1005
3.657,43.0948
3.658,43.0891
3.659,43.0834
3.66,43.0777
3.661,43.0719
3.662,43.0661
3.663,43.0604
3.664,43.0546
3.665,43.0488
3.666,43.043
3.667,43.0372
3.668,43.0313
3.669,43.0255
3.67,43.0196
3.671,43.0138
3.672,43.0079
3.673,43.002
3.674,42.9961
3.675,42.9902
3.676,42.9843
3.677,42.9783
3.678,42.9724
3.679,42.9664
3.68,42.9605
3.681,42.9545
3.682,42.9485
3.683,42.9425
3.684,42.9365
3.685,42.9304
3.686,42.9244
3.687,42.9184
3.688,42.9123
3.689,42.9062
3.69,42.9002
3.691,42.8941
3.692,42.888
3.693,42.8819
3.694,42.8757
3.695,42.8696
3.696,42.8635
3.697,42.8573
3.698,42.8511
3.699,42.845
3.7,42.8388
3.701,42.8326
3.702,42.8264
3.703,42.8201
3.704,42.8139
3.705,42.8077
3.706,42.8014
3.707,42.7951
3.708,42.7889
3.709,42.7826
3.71,42.7763
3.711,42.77
3.712,42.7637
3.713,42.7573
3.714,42.751
3.715,42.7447
3.716,42.7383
3.717,42.7319
3.718,42.7256
3.719,42.7192
3.72,42.7128
3.721,42.7064
3.722,42.6999
3.723,42.6935
3.724,42.6871
3.725,42.6806
3.726,42.6742
3.727,42.6677
3.728,42.6612
3.729,42.6547
3.73,42.6482
3.731,42.6417
3.732,42.6352
3.733,42.6286
3.734,42.6221
3.735,42.6155
3.736,42.609
3.737,42.6024
3.738,42.5958
3.739,42.5892
3.74,42.5826
3.741,42.576
3.742,42.5694
3.743,42.5628
3.744,42.5561
3.745,42.5495
3.746,42.5428
3.747,42.5361
3.748,42.5295
3.749,42.5228
3.75,42.5161
3.751,42.5094
3.752,42.5026
3.753,42.4959
3.754,42.4892
3.755,42.4824
3.756,42.4757
3.757,42.4689
3.758,42.4621
3.759,42.4553
3.76,42.4485
3.761,42.4417
3.762,42.4349
3.763,42.4281
3.764,42.4213
3.765,42.4144
3.766,42.4076
3.767,42.4007
3.768,42.3938
3.769,42.387
3.77,42.3801
3.771,42.3732
3.772,42.3663
3.773,42.3593
3.774,42.3524
3.775,42.3455
3.776,42.3385
3.777,42.3316
3.778,42.3246
3.779,42.3176
3.78,42.3107
3.781,42.3037
3.782,42.2967
3.783,42.2897
3.784,42.2826
3.785,42.2756
3.786,42.2686
3.787,42.2615
3.788,42.2545
3.789,42.2474
3.79,42.2403
3.791,42.2333
3.792,42.2262
3.793,42.2191
3.794,42.212
3.795,42.2049
3.796,42.1977
3.797,42.1906
3.798,42.1835
3.799,42.1763
3.8,42.1692
3.801,42.162
3.802,42.1548
3.803,42.1476
3.804,42.1404
3.805,42.1332
3.806,42.126
3.807,42.1188
3.808,42.1116
3.809,42.1043
3.81,42.0971
3.811,42.0898
3.812,42.0826
3.813,42.0753
3.814,42.068
3.815,42.0608
3.816,42.0535
3.817,42.0462
3.818,42.0388
3.819,42.0315
3.82,42.0242
3.821,42.0169
3.822,42.0095
3.823,42.0022
3.824,41.9948
3.825,41.9874
3.826,41.9801
3.827,41.9727
3.828,41.9653
3.829,41.9579
3.83,41.9505
3.831,41.943
3.832,41.9356
3.833,41.9282
3.834,41.9207
3.835,41.9133
3.836,41.9058
3.837,41.8984
3.838,41.8909
3.839,41.8834
3.84,41.8759
3.841,41.8684
3.842,41.7731
3.843,41.6602
3.844,41.5477
3.845,41.4356
3.846,41.3239
3.847,41.2125
3.848,41.1015
3.849,40.9908
3.85,40.8805
3.851,40.7706
3.852,40.661
3.853,40.5518
3.854,40.4429
3.855,40.3344
3.856,40.2263
3.857,40.1185
3.858,40.011
3.859,39.9039
3.86,39.7972
3.861,39.6908
3.862,39.5847
3.863,39.479
3.864,39.3736
3.865,39.2685
3.866,39.1638
3.867,39.0594
3.868,38.9554
3.869,38.8516
3.87,38.7483
3.871,38.6452
3.872,38.5425
3.873,38.44
3.874,38.338
3.875,38.2362
3.876,38.1347
3.877,38.0336
3.878,37.9328
3.879,37.8323
3.88,37.7321
3.881,37.6323
3.882,37.5327
3.883,37.4334
3.884,37.3345
3.885,37.2359
3.886,37.1375
3.887,37.0395
3.888,36.9418
3.889,36.8444
3.89,36.7473
3.891,36.6504
3.892,36.5539
3.893,36.4577
3.894,36.3617
3.895,36.2661
3.896,36.1707
3.897,36.0757
3.898,35.9809
3.899,35.8864
3.9,35.7922
3.901,35.6983
3.902,35.6047
3.903,35.5113
3.904,35.4183
3.905,35.3255
3.906,35.233
3.907,35.1407
3.908,35.0488
3.909,34.9571
3.91,34.8657
3.911,34.7745
3.912,34.6837
3.913,34.5931
3.914,34.5027
3.915,34.4127
3.916,34.3229
3.917,34.2333
3.918,34.1441
3.919,34.0551
3.92,33.9663
3.921,33.8778
3.922,33.7896
3.923,33.7016
3.924,33.6139
3.925,33.5265
3.926,33.4393
3.927,33.3523
3.928,33.2656
3.929,33.1792
3.93,33.093
3.931,33.007
3.932,32.9213
3.933,32.8358
3.934,32.7506
3.935,32.6657
3.936,32.5809
3.937,32.4965
3.938,32.4122
3.939,32.3282
3.94,32.2444
3.941,32.1609
3.942,32.0776
3.943,31.9946
3.944,31.9118
3.945,31.8292
3.946,31.7468
3.947,31.6647
3.948,31.5828
3.949,31.5011
3.95,31.4197
3.951,31.3385
3.952,31.2575
3.953,31.1768
3.954,31.0962
3.955,31.0159
3.956,30.9359
3.957,30.856
3.958,30.7764
3.959,30.6969
3.96,30.6177
3.961,30.5387
3.962,30.46
3.963,30.3814
3.964,30.3031
3.965,30.225
3.966,30.1471
3.967,30.0694
3.968,29.9919
3.969,29.9146
3.97,29.8375
3.971,29.7607
3.972,29.684
3.973,29.6076
3.974,29.5313
3.975,29.4553
3.976,29.3795
3.977,29.3039
3.978,29.2284
3.979,29.1532
3.98,29.0782
3.981,29.0034
3.982,28.9288
3.983,28.8543
3.984,28.7801
3.985,28.7061
3.986,28.6322
3.987,28.5586
3.988,28.4852
3.989,28.4119
3.99,28.3389
3.991,28.266
3.992,28.1933
3.993,28.1208
3.994,28.0485
3.995,27.9764
3.996,27.9045
3.997,27.8328
3.998,27.7612
3.999,27.6899
4,27.6187
4.001,27.5477
4.002,27.4769
4.003,27.4063
4.004,27.3358
4.005,27.2656
4.006,27.1955
4.007,27.1256
4.008,27.0558
4.009,26.9863
4.01,26.9169
4.011,26.8477
4.012,26.7787
4.013,26.7099
4.014,26.6412
4.015,26.5727
4.016,26.5044
4.017,26.4362
4.018,26.3682
4.019,26.3004
4.02,26.2328
4.021,26.1653
4.022,26.098
4.023,26.0309
4.024,25.9639
4.025,25.8971
4.026,25.8305
4.027,25.764
4.028,25.6977
4.029,25.6316
4.03,25.5656
4.031,25.4998
4.032,25.4342
4.033,25.3687
4.034,25.3033
4.035,25.2382
4.036,25.1732
4.037,25.1083
4.038,25.0436
4.039,24.9791
4.04,24.9147
4.041,24.8505
4.042,24.7864
4.043,24.7225
4.044,24.6588
4.045,24.5952
4.046,24.5317
4.047,24.4684
4.048,24.4053
4.049,24.3423
4.05,24.2794
4.051,24.2167
4.052,24.1542
4.053,24.0918
4.054,24.0296
4.055,23.9675
4.056,23.9055
4.057,23.8437
4.058,23.782
4.059,23.7205
4.06,23.6592
4.061,23.598
4.062,23.5369
4.063,23.4759
4.064,23.4151
4.065,23.3545
4.066,23.294
4.067,23.2336
4.068,23.1734
4.069,23.1133
4.07,23.0534
4.071,22.9936
4.072,22.9339
4.073,22.8744
4.074,22.815
4.075,22.7557
4.076,22.6966
4.077,22.6376
4.078,22.5788
4.079,22.52
4.08,22.4615
4.081,22.403
4.082,22.3447
4.083,22.2865
4.084,22.2285
4.085,22.1705
4.086,22.1128
4.087,22.0551
4.088,21.9976
4.089,21.9402
4.09,21.8829
4.091,21.8258
4.092,21.7688
4.093,21.7119
4.094,21.6551
4.095,21.5985
4.096,21.542
4.097,21.4856
4.098,21.4294
4.099,21.3733
4.1,21.3173
4.101,21.2614
4.102,21.2056
4.103,21.15
4.104,21.0945
4.105,21.0391
4.106,20.9838
4.107,20.9287
4.108,20.8737
4.109,20.8188
4.11,20.764
4.111,20.7093
4.112,20.6548
4.113,20.6003
4.114,20.546
4.115,20.4919
4.116,20.4378
4.117,20.3838
4.118,20.33
4.119,20.2763
4.12,20.2227
4.121,20.1692
4.122,20.1158
4.123,20.0625
4.124,20.0094
4.125,19.9563
4.126,19.9034
4.127,19.8506
4.128,19.7979
4.129,19.7453
4.13,19.6928
4.131,19.6405
4.132,19.5882
4.133,19.5361
4.134,19.484
4.135,19.4321
4.136,19.3803
4.137,19.3286
4.138,19.277
4.139,19.2255
4.14,19.1741
4.141,19.1228
4.142,19.0716
4.143,19.0206
4.144,18.9696
4.145,18.9188
4.146,18.868
4.147,18.8174
4.148,18.7668
4.149,18.7164
4.15,18.666
4.151,18.6158
4.152,18.5657
4.153,18.5157
4.154,18.4657
4.155,18.4159
4.156,18.3662
4.157,18.3166
4.158,18.2671
4.159,18.2176
4.16,18.1683
4.161,18.1191
4.162,18.07
4.163,18.021
4.164,17.972
4.165,17.9232
4.166,17.8745
4.167,17.8259
4.168,17.7773
4.169,17.7289
4.17,17.6805
4.171,17.6229
4.172,17.5592
4.173,17.4956
4.174,17.432
4.175,17.3686
4.176,17.3052
4.177,17.2419
4.178,17.1787
4.179,17.1156
4.18,17.0526
4.181,16.9897
4.182,16.9268
4.183,16.864
4.184,16.8013
4.185,16.7387
4.186,16.6761
4.187,16.6137
4.188,16.5513
4.189,16.489
4.19,16.4268
4.191,16.3646
4.192,16.3026
4.193,16.2406
4.194,16.1787
4.195,16.1168
4.196,16.0551
4.197,15.9934
4.198,15.9318
4.199,15.8703
4.2,15.8089
4.201,15.7475
4.202,15.6862
4.203,15.625
4.204,15.5639
4.205,15.5028
4.206,15.4418
4.207,15.3809
4.208,15.32
4.209,15.2593
4.21,15.1986
4.211,15.138
4.212,15.0774
4.213,15.0169
4.214,14.9565
4.215,14.8962
4.216,14.836
4.217,14.7758
4.218,14.7157
4.219,14.6556
4.22,14.5957
4.221,14.5358
4.222,14.4759
4.223,14.4162
4.224,14.3565
4.225,14.2969
4.226,14.2373
4.227,14.1778
4.228,14.1184
4.229,14.0591
4.23,13.9998
4.231,13.9406
4.232,13.8815
4.233,13.8224
4.234,13.7634
4.235,13.7044
4.236,13.6456
4.237,13.5868
4.238,13.528
4.239,13.4694
4.24,13.4108
4.241,13.3522
4.242,13.2938
4.243,13.2353
4.244,13.177
4.245,13.1187
4.246,13.0605
4.247,13.0024
4.248,12.9443
4.249,12.8863
4.25,12.8283
4.251,12.7704
4.252,12.7126
4.253,12.6548
4.254,12.5971
4.255,12.5395
4.256,12.4819
4.257,12.4244
4.258,12.3669
4.259,12.3095
4.26,12.2522
4.261,12.1949
4.262,12.1377
4.263,12.0805
4.264,12.0235
4.265,11.9664
4.266,11.9095
4.267,11.8525
4.268,11.7957
4.269,11.7389
4.27,11.6822
4.271,11.6255
4.272,11.5689
4.273,11.5123
4.274,11.4558
4.275,11.3994
4.276,11.343
4.277,11.2867
4.278,11.2304
4.279,11.1742
4.28,11.1181
4.281,11.062
4.282,11.0059
4.283,10.9499
4.284,10.894
4.285,10.8381
4.286,10.7823
4.287,10.7266
4.288,10.6709
4.289,10.6152
4.29,10.5596
4.291,10.5041
4.292,10.4486
4.293,10.3932
4.294,10.3378
4.295,10.2825
4.296,10.2272
4.297,10.172
4.298,10.1169
4.299,10.0617
4.3,10.0067
4.301,9.9517
4.302,9.89675
4.303,9.84186
4.304,9.78702
4.305,9.73223
4.306,9.67749
4.307,9.62281
4.308,9.56817
4.309,9.51359
4.31,9.45906
4.311,9.40458
4.312,9.35015
4.313,9.29578
4.314,9.24145
4.315,9.18717
4.316,9.13295
4.317,9.07877
4.318,9.02465
4.319,8.97057
4.32,6.92548
4.321,6.88252
4.322,6.83962
4.323,6.79676
4.324,6.75396
4.325,6.7112
4.326,6.6685
4.327,6.62585
4.328,6.58325
4.329,6.5407
4.33,6.4982
4.331,6.45575
4.332,6.41335
4.333,6.371
4.334,6.3287
4.335,6.28645
4.336,6.24424
4.337,6.20209
4.338,6.15999
4.339,6.11793
4.34,6.07592
4.341,6.03396
4.342,5.99205
4.343,5.95019
4.344,5.90838
4.345,5.86661
4.346,5.82489
4.347,5.78322
4.348,5.74159
4.349,5.70002
4.35,5.65849
4.351,5.617
4.352,5.57557
4.353,5.53418
4.354,5.49283
4.355,5.45154
4.356,5.41028
4.357,5.36908
4.358,5.32792
4.359,5.2868
4.36,5.24574
4.361,5.20471
4.362,5.16373
4.363,5.1228
4.364,5.08191
4.365,5.04107
4.366,5.00027
4.367,4.95951
4.368,4.9188
4.369,4.87814
4.37,4.83752
4.371,4.79694
4.372,4.7564
4.373,4.71591
4.374,4.67546
4.375,4.63506
4.376,4.5947
4.377,4.55438
4.378,4.51411
4.379,4.47387
4.38,4.43368
4.381,4.39354
4.382,4.35343
4.383,4.31337
4.384,4.27335
4.385,4.23337
4.386,4.19343
4.387,4.15354
4.388,4.11368
4.389,4.07387
4.39,4.0341
4.391,3.99437
4.392,3.95468
4.393,3.91503
4.394,3.87542
4.395,3.83586
4.396,3.79633
4.397,3.75684
4.398,3.7174
4.399,3.67799
4.4,3.63863
4.401,3.5993
4.402,3.56002
4.403,3.52077
4.404,3.48156
4.405,3.44239
4.406,3.40327
4.407,3.36418
4.408,3.32513
4.409,3.28611
4.41,3.24714
4.411,3.20821
4.412,3.16931
4.413,3.13046
4.414,3.09164
4.415,3.05286
4.416,3.01411
4.417,2.97541
4.418,2.93674
4.419,2.89811
4.42,2.85952
4.421,2.82097
4.422,2.78245
4.423,2.74397
4.424,2.70553
4.425,2.66712
4.426,2.62875
4.427,2.59042
4.428,2.55212
4.429,2.51387
4.43,2.47564
4.431,2.43746
4.432,2.39931
4.433,2.36119
4.434,2.32312
4.435,2.28507
4.436,2.24707
4.437,2.2091
4.438,2.17116
4.439,2.13326
4.44,2.0954
4.441,2.05757
4.442,2.01978
4.443,0
4.444,0
4.445,0
4.446,0
4.447,0
4.448,0
4.449,0
4.45,0
4.451,0
4.452,0
4.453,0
4.454,0
4.455,0
4.456,0
4.457,0
4.458,0
4.459,0
4.46,0
4.461,0
4.462,0
4.463,0
4.464,0
4.465,0
4.466,0
4.467,0
4.468,0
4.469,0
4.47,0
4.471,0
4.472,0
4.473,0
4.474,0
4.475,0
4.476,0
4.477,0
4.478,0
4.479,0
4.48,0
4.481,0
4.482,0
4.483,0
4.484,0
4.485,0
4.486,0
4.487,0
4.488,0
4.489,0
4.49,0
4.491,0
4.492,0
4.493,0
4.494,0
4.495,0
4.496,0
4.497,0
4.498,0
4.499,0
4.5,0
4.501,0
4.502,0
4.503,0
4.504,0
4.505,0
4.506,0
4.507,0
4.508,0
4.509,0
4.51,0
4.511,0
4.512,0
4.513,0
4.514,0
4.515,0
4.516,0
4.517,0
4.518,0
4.519,0
4.52,0
4.521,0
4.522,0
4.523,0
4.524,0
4.525,0
4.526,0
4.527,0
4.528,0
4.529,0
4.53,0
4.531,0
4.532,0
4.533,0
4.534,0
4.535,0
4.536,0
4.537,0
4.538,0
4.539,0
4.54,0
4.541,0
4.542,0
4.543,0
4.544,0
4.545,0
4.546,0
4.547,0
4.548,0
4.549,0
4.55,0
4.551,0
4.552,0
4.553,0
4.554,0
4.555,0
4.556,0
4.557,0
4.558,0
4.559,0
4.56,0
4.561,0
4.562,0
4.563,0
4.564,0
4.565,0
4.566,0
4.567,0
4.568,0
4.569,0
4.57,0
4.571,0
4.572,0
4.573,0
4.574,0
4.575,0
4.576,0
4.577,0
4.578,0
4.579,0
4.58,0
4.581,0
4.582,0
4.583,0
4.584,0
4.585,0
4.586,0
4.587,0
4.588,0
4.589,2.01147
4.59,2.03452
4.591,2.05757
4.592,2.08064
4.593,2.10372
4.594,2.1268
4.595,2.1499
4.596,2.17301
4.597,2.19613
4.598,2.21926
4.599,2.2424
4.6,2.26555
4.601,2.28871
4.602,2.31188
4.603,2.33506
4.604,2.35826
4.605,2.38146
4.606,2.40467
4.607,2.4279
4.608,2.45113
4.609,2.47437
4.61,2.49763
4.611,2.52089
4.612,2.54417
4.613,2.56745
4.614,2.59075
4.615,2.61405
4.616,2.63737
4.617,2.6607
4.618,2.68403
4.619,2.70738
4.62,2.73073
4.621,2.7541
4.622,2.77748
4.623,2.80087
4.624,2.82426
4.625,2.84767
4.626,2.87109
4.627,2.89451
4.628,2.91795
4.629,2.9414
4.63,2.96486
4.631,2.98832
4.632,3.0118
4.633,3.03529
4.634,3.05878
4.635,3.08229
4.636,3.10581
4.637,3.12934
4.638,3.15287
4.639,3.17642
4.64,3.19997
4.641,3.22354
4.642,3.24712
4.643,3.2707
4.644,3.2943
4.645,3.3179
4.646,3.34152
4.647,3.36514
4.648,3.38878
4.649,3.41242
4.65,3.43608
4.651,3.45974
4.652,3.48341
4.653,3.5071
4.654,3.53079
4.655,3.55449
4.656,3.5782
4.657,3.60193
4.658,3.62566
4.659,3.6494
4.66,3.67315
4.661,3.69691
4.662,3.72068
4.663,3.74445
4.664,3.76824
4.665,3.79204
4.666,3.81585
4.667,3.83966
4.668,3.86349
4.669,3.88732
4.67,3.91117
4.671,3.93502
4.672,3.95889
4.673,3.98276
4.674,4.00664
4.675,4.03053
4.676,4.05443
4.677,4.07834
4.678,4.10226
4.679,4.12619
4.68,4.15012
4.681,4.17407
4.682,4.19803
4.683,4.22199
4.684,4.24597
4.685,4.26995
4.686,4.29394
4.687,4.31794
4.688,4.34195
4.689,4.36597
4.69,4.39
4.691,4.41404
4.692,4.43808
4.693,4.46214
4.694,4.4862
4.695,4.51028
4.696,4.53436
4.697,4.55845
4.698,4.58255
4.699,4.60666
4.7,4.63077
4.701,4.6549
4.702,4.67904
4.703,4.70318
4.704,4.72733
4.705,4.7515
4.706,4.77567
4.707,4.79985
4.708,4.82403
4.709,4.84823
4.71,4.87244
4.711,4.89665
4.712,4.92087
4.713,4.9451
4.714,4.96934
4.715,4.99359
4.716,5.01785
4.717,5.04211
4.718,5.06639
4.719,5.09067
4.72,5.11496
4.721,5.13926
4.722,5.16357
4.723,5.18789
4.724,5.21221
4.725,5.23655
4.726,5.26089
4.727,5.28524
4.728,5.3096
4.729,5.33396
4.73,5.35834
4.731,5.38272
4.732,5.40711
4.733,5.43151
4.734,5.45592
4.735,5.48034
4.736,5.50476
4.737,5.5292
4.738,5.55364
4.739,5.57809
4.74,5.60255
4.741,5.62701
4.742,5.65148
4.743,5.67597
4.744,5.70046
4.745,5.72495
4.746,5.74946
4.747,5.77397
4.748,5.7985
4.749,5.82303
4.75,5.84756
4.751,5.87211
4.752,5.89666
4.753,5.92123
4.754,5.9458
4.755,5.97037
4.756,5.99496
4.757,6.01955
4.758,6.04415
4.759,6.06876
4.76,6.09338
4.761,6.118
4.762,6.14264
4.763,6.16727
4.764,6.19192
4.765,6.21658
4.766,6.24124
4.767,6.26591
4.768,6.29059
4.769,6.31527
4.77,6.33997
4.771,6.36467
4.772,6.38938
4.773,6.41409
4.774,6.43882
4.775,6.46355
4.776,6.48828
4.777,6.51303
4.778,6.53778
4.779,6.56254
4.78,6.58731
4.781,6.61209
4.782,6.63687
4.783,6.66166
4.784,6.68646
4.785,6.71126
4.786,6.73607
4.787,6.76089
4.788,6.78572
4.789,6.81055
4.79,6.83539
4.791,6.86024
4.792,6.8851
4.793,6.90996
4.794,6.93483
4.795,6.9597
4.796,6.98459
4.797,7.00948
4.798,7.03437
4.799,7.05928
4.8,7.08419
4.801,7.10911
4.802,7.13403
4.803,7.15897
4.804,7.18391
4.805,7.20885
4.806,7.2338
4.807,7.25876
4.808,7.28373
4.809,7.3087
4.81,7.33368
4.811,7.35867
4.812,7.38366
4.813,7.40867
4.814,7.43367
4.815,7.45869
4.816,7.48371
4.817,7.50873
4.818,7.53377
4.819,7.55881
4.82,7.58385
4.821,7.60891
4.822,7.63397
4.823,7.65903
4.824,7.68411
4.825,7.70919
4.826,7.73427
4.827,7.75936
4.828,7.78446
4.829,7.80957
4.83,7.83468
4.831,7.8598
4.832,7.88492
4.833,7.91005
4.834,7.93519
4.835,7.96033
4.836,7.98548
4.837,8.01063
4.838,8.0358
4.839,8.06096
4.84,8.08614
4.841,8.11132
4.842,8.1365
4.843,8.1617
4.844,8.18689
4.845,8.2121
4.846,8.23731
4.847,8.26252
4.848,8.28775
4.849,8.31297
4.85,8.33821
4.851,8.36345
4.852,8.38869
4.853,8.41395
4.854,8.4392
4.855,8.46447
4.856,8.48974
4.857,8.51501
4.858,8.54029
4.859,8.56558
4.86,8.59087
4.861,8.61617
4.862,8.64147
4.863,8.66678
4.864,8.6921
4.865,8.71742
4.866,8.74274
4.867,8.76807
4.868,8.79341
4.869,8.81875
4.87,8.8441
4.871,8.86945
4.872,8.89481
4.873,8.92018
4.874,8.94555
4.875,8.97092
4.876,8.9963
4.877,9.02169
4.878,9.04708
4.879,9.07248
4.88,9.09788
4.881,9.12328
4.882,9.1487
4.883,9.17411
4.884,9.19954
4.885,9.22496
4.886,9.2504
4.887,9.27583
4.888,9.30128
4.889,9.32673
4.89,9.35218
4.891,9.37764
4.892,9.4031
4.893,9.42857
4.894,9.45404
4.895,9.47952
4.896,9.505
4.897,9.53049
4.898,9.55598
4.899,9.58148
4.9,9.60698
4.901,9.63249
4.902,9.658
4.903,9.68351
4.904,9.70904
4.905,9.73456
4.906,9.76009
4.907,9.78563
4.908,9.81117
4.909,9.83671
4.91,9.86226
4.911,9.88781
4.912,9.91337
4.913,9.93893
4.914,9.9645
4.915,9.99007
4.916,10.0156
4.917,10.0412
4.918,10.0668
4.919,10.0924
4.92,10.118
4.921,10.1436
4.922,10.1692
4.923,10.1948
4.924,10.2204
4.925,10.246
4.926,10.2716
4.927,10.2973
4.928,10.3229
4.929,10.3485
4.93,10.3742
4.931,10.3998
4.932,10.4254
4.933,10.4511
4.934,10.4767
4.935,10.5024
4.936,10.528
4.937,10.5537
4.938,10.5794
4.939,10.605
4.94,10.6307
4.941,10.6564
4.942,10.6821
4.943,10.7078
4.944,10.7335
4.945,10.7591
4.946,10.7848
4.947,10.8105
4.948,10.8362
4.949,10.862
4.95,10.8877
4.951,10.9134
4.952,10.9391
4.953,10.9648
4.954,10.9905
4.955,11.0163
4.956,11.042
4.957,11.0677
4.958,11.0935
4.959,13.121
4.96,13.1501
4.961,13.1791
4.962,13.2082
4.963,13.2373
4.964,13.2664
4.965,13.2955
4.966,13.3246
4.967,13.3537
4.968,13.3828
4.969,13.4119
4.97,13.4409
4.971,13.47
4.972,13.4991
4.973,13.5282
4.974,13.5573
4.975,13.5864
4.976,13.6155
4.977,13.6445
4.978,13.6736
4.979,13.7027
4.98,13.7318
4.981,13.7609
4.982,13.7899
4.983,13.819
4.984,13.8481
4.985,13.8772
4.986,13.9062
4.987,13.9353
4.988,13.9644
4.989,13.9935
4.99,14.0225
4.991,14.0516
4.992,14.0807
4.993,14.1097
4.994,14.1388
4.995,14.1679
4.996,14.1969
4.997,14.226
4.998,14.2551
4.999,14.2841
5,14.3132
5.001,14.3423
5.002,14.3713
5.003,14.4004
5.004,14.4294
5.005,14.4585
5.006,14.4875
5.007,14.5166
5.008,14.5456
5.009,14.5747
5.01,14.6037
5.011,14.6328
5.012,14.6618
5.013,14.6909
5.014,14.7199
5.015,14.7489
5.016,14.778
5.017,14.807
5.018,14.836
5.019,14.8651
5.02,14.8941
5.021,14.9231
5.022,14.9522
5.023,14.9812
5.024,15.0102
5.025,15.0392
5.026,15.0683
5.027,15.0973
5.028,15.1263
5.029,15.1553
5.03,15.1843
5.031,15.2133
5.032,15.2423
5.033,15.2713
5.034,15.3003
5.035,15.3293
5.036,15.3583
5.037,15.3873
5.038,15.4163
5.039,15.4453
5.04,15.4743
5.041,15.5033
5.042,15.5323
5.043,15.5613
5.044,15.5903
5.045,15.6192
5.046,15.6482
5.047,15.6772
5.048,15.7062
5.049,15.7351
5.05,15.7641
5.051,15.7931
5.052,15.822
5.053,15.851
5.054,15.88
5.055,15.9089
5.056,15.9379
5.057,15.9668
5.058,15.9958
5.059,16.0247
5.06,16.0536
5.061,16.0826
5.062,16.1115
5.063,16.1405
5.064,16.1694
5.065,16.1983
5.066,16.2272
5.067,16.2562
5.068,16.2851
5.069,16.314
5.07,16.3429
5.071,16.3718
5.072,16.4007
5.073,16.4296
5.074,16.4585
5.075,16.4874
5.076,16.5163
5.077,16.5452
5.078,16.5741
5.079,16.603
5.08,16.6319
5.081,16.6607
5.082,16.6896
5.083,16.7185
5.084,16.7474
5.085,16.7762
5.086,16.8051
5.087,16.834
5.088,16.8628
5.089,16.8917
5.09,16.9205
5.091,16.9493
5.092,16.9782
5.093,17.007
5.094,17.0359
5.095,17.0647
5.096,17.0935
5.097,17.1223
5.098,17.1512
5.099,17.18
5.1,17.2088
5.101,17.2376
5.102,17.2664
5.103,17.2952
5.104,17.324
5.105,17.3528
5.106,17.3816
5.107,17.4104
5.108,17.4391
5.109,17.4679
5.11,17.4967
5.111,17.5255
5.112,17.5542
5.113,17.583
5.114,17.6117
5.115,17.6405
5.116,17.6692
5.117,17.698
5.118,17.7267
5.119,17.7554
5.12,17.7842
5.121,17.8129
5.122,17.8416
5.123,17.8703
5.124,17.899
5.125,17.9278
5.126,17.9565
5.127,17.9852
5.128,18.0138
5.129,18.0425
5.13,18.0712
5.131,18.0999
5.132,18.1286
5.133,18.1572
5.134,18.1859
5.135,18.2146
5.136,18.2432
5.137,18.2719
5.138,18.3005
5.139,18.3292
5.14,18.3578
5.141,18.3864
5.142,18.4151
5.143,18.4437
5.144,18.4723
5.145,18.5009
5.146,18.5295
5.147,18.5581
5.148,18.5867
5.149,18.6153
5.15,18.6439
5.151,18.6725
5.152,18.701
5.153,18.7296
5.154,18.7582
5.155,18.7867
5.156,18.8153
5.157,18.8438
5.158,18.8724
5.159,18.9009
5.16,18.9295
5.161,18.958
5.162,18.9865
5.163,19.012
5.164,19.0266
5.165,19.0411
5.166,19.0556
5.167,19.0701
5.168,19.0846
5.169,19.0991
5.17,19.1136
5.171,19.128
5.172,19.1425
5.173,19.157
5.174,19.1714
5.175,19.1859
5.176,19.2003
5.177,19.2148
5.178,19.2292
5.179,19.2436
5.18,19.2581
5.181,19.2725
5.182,19.2869
5.183,19.3013
5.184,19.3157
5.185,19.3301
5.186,19.3445
5.187,19.3588
5.188,19.3732
5.189,19.3876
5.19,19.4019
5.191,19.4163
5.192,19.4306
5.193,19.445
5.194,19.4593
5.195,19.4736
5.196,19.488
5.197,19.5023
5.198,19.5166
5.199,19.5309
5.2,19.5452
5.201,19.5595
5.202,19.5738
5.203,19.588
5.204,19.6023
5.205,19.6166
5.206,19.6308
5.207,19.6451
5.208,19.6593
5.209,19.6735
5.21,19.6878
5.211,19.702
5.212,19.7162
5.213,19.7304
5.214,19.7446
5.215,19.7588
5.216,19.773
5.217,19.7872
5.218,19.8014
5.219,19.8155
5.22,19.8297
5.221,19.8439
5.222,19.858
5.223,19.8722
5.224,19.8863
5.225,19.9004
5.226,19.9145
5.227,19.9287
5.228,19.9428
5.229,19.9569
5.23,19.971
5.231,19.9851
5.232,19.9991
5.233,20.0132
5.234,20.0273
5.235,20.0413
5.236,20.0554
5.237,20.0694
5.238,20.0835
5.239,20.0975
5.24,20.1115
5.241,20.1255
5.242,20.1396
5.243,20.1536
5.244,20.1676
5.245,20.1816
5.246,20.1955
5.247,20.2095
5.248,20.2235
5.249,20.2374
5.25,20.2514
5.251,20.2653
5.252,20.2793
5.253,20.2932
5.254,20.3071
5.255,20.3211
5.256,20.335
5.257,20.3489
5.258,20.3628
5.259,20.3767
5.26,20.3905
5.261,20.4044
5.262,20.4183
5.263,20.4321
5.264,20.446
5.265,20.4598
5.266,20.4737
5.267,20.4875
5.268,20.5013
5.269,20.5152
5.27,20.529
5.271,20.5428
5.272,20.5566
5.273,20.5704
5.274,20.5841
5.275,20.5979
5.276,20.6117
5.277,20.6254
5.278,20.6392
5.279,20.6529
5.28,20.6667
5.281,20.6804
5.282,20.6941
5.283,20.7078
5.284,20.7215
5.285,20.7352
5.286,20.7489
5.287,20.7626
5.288,20.7763
5.289,20.7899
5.29,20.8036
5.291,20.8172
5.292,20.8309
5.293,20.8445
5.294,20.8581
5.295,20.8718
5.296,20.8854
5.297,20.899
5.298,20.9126
5.299,20.9262
5.3,20.9397
5.301,20.9533
5.302,20.9669
5.303,20.9804
5.304,20.994
5.305,21.0075
5.306,21.0211
5.307,21.0346
5.308,21.0481
5.309,21.0616
5.31,21.0751
5.311,21.0886
5.312,21.1021
5.313,21.1156
5.314,21.1291
5.315,21.1425
5.316,21.156
5.317,21.1694
5.318,21.1829
5.319,21.1963
5.32,21.2097
5.321,21.2231
5.322,21.2366
5.323,21.25
5.324,21.2633
5.325,21.2767
5.326,21.2901
5.327,21.3035
5.328,21.3168
5.329,21.3302
5.33,21.3435
5.331,21.3569
5.332,21.3702
5.333,21.3835
5.334,21.3968
5.335,21.4101
5.336,21.4234
5.337,21.4367
5.338,21.45
5.339,21.4632
5.34,21.4765
5.341,21.4897
5.342,21.503
5.343,21.5162
5.344,21.5294
5.345,21.5427
5.346,21.5559
5.347,21.5691
5.348,21.5823
5.349,21.5955
5.35,21.6086
5.351,21.6218
5.352,21.635
5.353,21.6481
5.354,21.6613
5.355,21.6744
5.356,21.6875
5.357,21.7006
5.358,21.7137
5.359,21.7268
5.36,21.7399
5.361,21.753
5.362,21.7661
5.363,21.7792
5.364,21.7922
5.365,21.8053
5.366,21.8183
5.367,21.8313
5.368,21.8444
5.369,21.8574
5.37,21.8704
5.371,21.8834
5.372,21.8964
5.373,21.9093
5.374,21.9223
5.375,21.9353
5.376,21.9482
5.377,21.9612
5.378,21.9741
5.379,21.987
5.38,21.9999
5.381,22.0128
5.382,22.0257
5.383,22.0386
5.384,22.0515
5.385,22.0644
5.386,22.0773
5.387,22.0901
5.388,22.103
5.389,22.1158
5.39,22.1286
5.391,22.1414
5.392,22.1543
5.393,22.1671
5.394,22.1799
5.395,22.1926
5.396,22.2054
5.397,22.2182
5.398,22.2309
5.399,22.2437
5.4,22.2564
5.401,22.2691
5.402,22.2819
5.403,22.2946
5.404,22.3073
5.405,22.32
5.406,22.3327
5.407,22.3453
5.408,22.358
5.409,22.3707
5.41,22.3833
5.411,22.3959
5.412,22.4086
5.413,22.4212
5.414,22.4338
5.415,22.4464
5.416,22.459
5.417,22.4716
5.418,22.4841
5.419,22.4967
5.42,22.5093
5.421,22.5218
5.422,22.5343
5.423,22.5469
5.424,22.5594
5.425,22.5719
5.426,22.5844
5.427,22.5969
5.428,22.6094
5.429,22.6218
5.43,22.6343
5.431,22.6467
5.432,22.6592
5.433,22.6716
5.434,22.684
5.435,22.6964
5.436,22.7088
5.437,22.7212
5.438,22.7336
5.439,22.746
5.44,22.7584
5.441,22.7707
5.442,22.7831
5.443,22.7954
5.444,22.8077
5.445,22.82
5.446,22.8324
5.447,22.8447
5.448,22.8569
5.449,22.8692
5.45,22.8815
5.451,22.8937
5.452,22.906
5.453,22.9182
5.454,22.9305
5.455,22.9427
5.456,22.9549
5.457,22.9671
5.458,22.9793
5.459,22.9915
5.46,23.0036
5.461,23.0158
5.462,23.0279
5.463,23.0401
5.464,23.0522
5.465,23.0643
5.466,23.0764
5.467,23.0885
5.468,23.1006
5.469,23.1127
5.47,23.1248
5.471,23.1368
5.472,23.1489
5.473,23.1609
5.474,23.173
5.475,23.185
5.476,23.197
5.477,23.209
5.478,23.221
5.479,23.233
5.48,23.2449
5.481,23.2569
5.482,23.2689
5.483,23.2808
5.484,23.2927
5.485,23.3046
5.486,23.3165
5.487,23.3284
5.488,23.3403
5.489,23.3522
5.49,23.3641
5.491,23.3759
5.492,23.3878
5.493,23.3996
5.494,23.4115
5.495,23.4233
5.496,23.4351
5.497,23.4469
5.498,23.4587
5.499,23.4704
5.5,23.4822
5.501,23.494
5.502,23.5057
5.503,23.5174
5.504,23.5292
5.505,23.5409
5.506,23.5526
5.507,23.5643
5.508,23.576
5.509,23.5876
5.51,23.5993
5.511,23.6109
5.512,23.6226
5.513,23.6342
5.514,23.6458
5.515,23.6574
5.516,23.669
5.517,23.6806
5.518,23.6922
5.519,23.7038
5.52,23.7153
5.521,23.7269
5.522,23.7384
5.523,23.7499
5.524,23.7614
5.525,23.7729
5.526,23.7844
5.527,23.7959
5.528,23.8074
5.529,23.8188
5.53,23.8303
5.531,23.8417
5.532,23.8531
5.533,23.8646
5.534,23.876
5.535,23.8874
5.536,23.8987
5.537,23.9101
5.538,23.9215
5.539,23.9328
5.54,23.9442
5.541,23.9555
5.542,23.9668
5.543,23.9781
5.544,23.9894
5.545,24.0007
5.546,24.012
5.547,24.0232
5.548,24.0345
5.549,24.0457
5.55,24.057
5.551,24.0682
5.552,24.0794
5.553,24.0906
5.554,24.1018
5.555,24.113
5.556,24.1241
5.557,24.1353
5.558,24.1464
5.559,24.1575
5.56,24.1687
5.561,24.1798
5.562,24.1909
5.563,24.202
5.564,24.213
5.565,24.2241
5.566,24.2351
5.567,24.2462
5.568,24.2572
5.569,24.2682
5.57,24.2792
5.571,24.2902
5.572,24.3012
5.573,24.3122
5.574,24.3232
5.575,24.3341
5.576,24.3451
5.577,24.356
5.578,24.3669
5.579,24.3778
5.58,24.3887
5.581,24.3996
5.582,24.4105
5.583,24.4213
5.584,24.4322
5.585,24.443
5.586,24.4538
5.587,24.4646
5.588,24.4754
5.589,24.4862
5.59,24.497
5.591,24.5078
5.592,24.5185
5.593,24.5293
5.594,24.54
5.595,24.5507
5.596,24.5615
5.597,24.5722
5.598,24.5828
5.599,24.5935
5.6,24.6042
5.601,24.6148
5.602,24.6255
5.603,24.6361
5.604,24.6467
5.605,24.6573
5.606,24.6679
5.607,24.6785
5.608,24.6891
5.609,24.6996
5.61,24.7102
5.611,24.7207
5.612,24.7312
5.613,24.7418
5.614,24.7523
5.615,24.7627
5.616,24.7732
5.617,24.7837
5.618,24.7941
5.619,24.8046
5.62,24.815
5.621,24.8254
5.622,24.8358
5.623,24.8462
5.624,24.8566
5.625,24.867
5.626,24.8773
5.627,24.8877
5.628,24.898
5.629,24.9083
5.63,24.9186
5.631,24.9289
5.632,24.9392
5.633,24.9495
5.634,24.9598
5.635,24.97
5.636,24.9802
5.637,24.9905
5.638,25.0007
5.639,25.0109
5.64,25.0184
5.641,25.0199
5.642,25.0215
5.643,25.023
5.644,25.0245
5.645,25.026
5.646,25.0275
5.647,25.0289
5.648,25.0304
5.649,25.0319
5.65,25.0334
5.651,25.0349
5.652,25.0364
5.653,25.0379
5.654,25.0394
5.655,25.0408
5.656,25.0423
5.657,25.0438
5.658,25.0453
5.659,25.0467
5.66,25.0482
5.661,25.0497
5.662,25.0511
5.663,25.0526
5.664,25.054
5.665,25.0555
5.666,25.057
5.667,25.0584
5.668,25.0599
5.669,25.0613
5.67,25.0627
5.671,25.0642
5.672,25.0656
5.673,25.0671
5.674,25.0685
5.675,25.07
5.676,25.0714
5.677,25.0728
5.678,25.0742
5.679,25.0757
5.68,25.0771
5.681,25.0785
5.682,25.0799
5.683,25.0814
5.684,25.0828
5.685,25.0842
5.686,25.0856
5.687,25.087
5.688,25.0884
5.689,25.0898
5.69,25.0912
5.691,25.0926
5.692,25.094
5.693,25.0954
5.694,25.0968
5.695,25.0982
5.696,25.0996
5.697,25.101
5.698,25.1024
5.699,25.1038
5.7,25.1052
5.701,25.1066
5.702,25.1079
5.703,25.1093
5.704,25.1107
5.705,25.1121
5.706,25.1134
5.707,25.1148
5.708,25.1162
5.709,25.1175
5.71,25.1189
5.711,25.1203
5.712,25.1216
5.713,25.123
5.714,25.1243
5.715,25.1257
5.716,25.1271
5.717,25.1284
5.718,25.1297
5.719,25.1311
5.72,25.1324
5.721,25.1338
5.722,25.1351
5.723,25.1365
5.724,25.1378
5.725,25.1391
5.726,25.1405
5.727,25.1418
5.728,25.1431
5.729,25.1444
5.73,25.1458
5.731,25.1471
5.732,25.1484
5.733,25.1497
5.734,25.151
5.735,25.1523
5.736,25.1537
5.737,25.155
5.738,25.1563
5.739,25.1576
5.74,25.1589
5.741,25.1602
5.742,25.1615
5.743,25.1628
5.744,25.1641
5.745,25.1654
5.746,25.1667
5.747,25.1679
5.748,25.1692
5.749,25.1705
5.75,25.1718
5.751,25.1731
5.752,25.1744
5.753,25.1756
5.754,25.1769
5.755,25.1782
5.756,25.1795
5.757,25.1807
5.758,25.182
5.759,25.1833
5.76,25.1845
5.761,25.1858
5.762,25.187
5.763,25.1883
5.764,25.1895
5.765,25.1908
5.766,25.1921
5.767,25.1933
5.768,25.1945
5.769,25.1958
5.77,25.197
5.771,25.1983
5.772,25.1995
5.773,25.2007
5.774,25.202
5.775,25.2032
5.776,25.2044
5.777,25.2057
5.778,25.2069
5.779,25.2081
5.78,25.2094
5.781,25.2106
5.782,25.2118
5.783,25.213
5.784,25.2142
5.785,25.2154
5.786,25.2166
5.787,25.2179
5.788,25.2191
5.789,25.2203
5.79,25.2215
5.791,25.2227
5.792,25.2239
5.793,25.2251
5.794,25.2263
5.795,25.2275
5.796,25.2287
5.797,25.2298
5.798,25.231
5.799,25.2322
5.8,25.2334
5.801,25.2346
5.802,25.2358
5.803,25.2369
5.804,25.2381
5.805,25.2393
5.806,25.2405
5.807,25.2416
5.808,25.2428
5.809,25.244
5.81,25.2451
5.811,25.2463
5.812,25.2474
5.813,25.2486
5.814,25.2498
5.815,25.2509
5.816,25.2521
5.817,25.2532
5.818,25.2544
5.819,25.2555
5.82,25.2567
5.821,25.2578
5.822,25.2589
5.823,25.2601
5.824,25.2612
5.825,25.2623
5.826,25.2635
5.827,25.2646
5.828,25.2657
5.829,25.2669
5.83,25.268
5.831,25.2691
5.832,25.2702
5.833,25.2714
5.834,25.2725
5.835,25.2736
5.836,25.2747
5.837,25.2758
5.838,25.2769
5.839,25.278
5.84,25.2791
5.841,25.2802
5.842,25.2813
5.843,25.2824
5.844,25.2835
5.845,25.2846
5.846,25.2857
5.847,25.2868
5.848,25.2879
5.849,25.289
5.85,25.2901
5.851,25.2912
5.852,25.2923
5.853,25.2933
5.854,25.2944
5.855,25.2955
5.856,25.2966
5.857,25.2976
5.858,25.2987
5.859,25.2998
5.86,25.3008
5.861,25.3019
5.862,25.303
5.863,25.304
5.864,25.3051
5.865,25.3062
5.866,25.3072
5.867,25.3083
5.868,25.3093
5.869,25.3104
5.87,25.3114
5.871,25.3125
5.872,25.3135
5.873,25.3145
5.874,25.3156
5.875,25.3166
5.876,25.3177
5.877,25.3187
5.878,25.3197
5.879,25.3208
5.88,25.3218
5.881,25.3228
5.882,25.3238
5.883,25.3249
5.884,25.3259
5.885,25.3269
5.886,25.3279
5.887,25.3289
5.888,25.3299
5.889,25.331
5.89,25.332
5.891,25.333
5.892,25.334
5.893,25.335
5.894,25.336
5.895,25.337
5.896,25.338
5.897,25.339
5.898,25.34
5.899,25.341
5.9,25.342
5.901,25.343
5.902,25.3439
5.903,25.3449
5.904,25.3459
5.905,25.3469
5.906,25.3479
5.907,25.3489
5.908,25.3498
5.909,25.3508
5.91,25.3518
5.911,25.3527
5.912,25.3537
5.913,25.3547
5.914,25.3556
5.915,25.3566
5.916,25.3576
5.917,25.3585
5.918,25.3595
5.919,25.3604
5.92,25.3614
5.921,25.3623
5.922,25.3633
5.923,25.3642
5.924,25.3652
5.925,25.3661
5.926,25.3671
5.927,25.368
5.928,25.369
5.929,25.3699
5.93,25.3708
5.931,25.3718
5.932,25.3727
5.933,25.3736
5.934,25.3745
5.935,25.3755
5.936,25.3764
5.937,25.3773
5.938,25.3782
5.939,25.3791
5.94,25.3801
5.941,25.381
5.942,25.3819
5.943,25.3828
5.944,25.3837
5.945,25.3846
5.946,25.3855
5.947,25.3864
5.948,25.3873
5.949,25.3882
5.95,25.3891
5.951,25.39
5.952,25.3909
5.953,25.3918
5.954,25.3927
5.955,25.3936
5.956,25.3945
5.957,25.3954
5.958,25.3962
5.959,25.3971
5.96,25.398
5.961,25.3989
5.962,25.3997
5.963,25.4006
5.964,25.4015
5.965,25.4024
5.966,25.4032
5.967,25.4041
5.968,25.405
5.969,25.4058
5.97,25.4067
5.971,25.4075
5.972,25.4084
5.973,25.4092
5.974,25.4101
5.975,25.411
5.976,25.4118
5.977,25.4126
5.978,25.4135
5.979,25.4143
5.98,25.4152
5.981,25.416
5.982,25.4169
5.983,25.4177
5.984,25.4185
5.985,25.4194
5.986,25.4202
5.987,25.421
5.988,25.4218
5.989,25.4227
5.99,25.4235
5.991,25.4243
5.992,25.4251
5.993,25.426
5.994,25.4268
5.995,25.4276
5.996,25.4284
5.997,25.4292
5.998,25.43
5.999,25.4308
6,25.4316
6.001,25.4324
6.002,25.4332
6.003,25.434
6.004,25.4348
6.005,25.4356
6.006,25.4364
6.007,25.4372
6.008,25.438
6.009,25.4388
6.01,25.4396
6.011,25.4404
6.012,25.4411
6.013,25.4419
6.014,25.4427
6.015,25.4435
6.016,25.4443
6.017,25.445
6.018,25.4458
6.019,25.4466
6.02,25.4473
6.021,25.4481
6.022,25.4489
6.023,25.4496
6.024,25.4504
6.025,25.4512
6.026,25.4519
6.027,25.4527
6.028,25.4534
6.029,25.4542
6.03,25.4549
6.031,25.4557
6.032,25.4564
6.033,25.4572
6.034,25.4579
6.035,25.4586
6.036,25.4594
6.037,25.4601
6.038,25.4609
6.039,25.4616
6.04,25.4623
6.041,25.4631
6.042,25.4638
6.043,25.4645
6.044,25.4652
6.045,25.466
6.046,25.4667
6.047,25.4674
6.048,25.4681
6.049,25.4688
6.05,25.4695
6.051,25.4703
6.052,25.471
6.053,25.4717
6.054,25.4724
6.055,25.4731
6.056,25.4738
6.057,25.4745
6.058,25.4752
6.059,25.4759
6.06,25.4766
6.061,25.4773
6.062,25.478
6.063,25.4787
6.064,25.4793
6.065,25.48
6.066,25.4807
6.067,25.4814
6.068,25.4821
6.069,25.4828
6.07,25.4834
6.071,25.4841
6.072,25.4848
6.073,25.4855
6.074,25.4861
6.075,25.4868
6.076,25.4875
6.077,25.4881
6.078,25.4888
6.079,25.4894
6.08,25.4901
6.081,25.4908
6.082,25.4914
6.083,25.4921
6.084,25.4927
6.085,25.4934
6.086,25.494
6.087,25.4947
6.088,25.4953
6.089,25.496
6.09,25.4966
6.091,25.4972
6.092,25.4979
6.093,25.4985
6.094,25.4991
6.095,25.4998
6.096,25.5004
6.097,25.501
6.098,25.5017
6.099,25.5023
6.1,25.5029
6.101,25.5035
6.102,25.5042
6.103,25.5048
6.104,25.5054
6.105,25.506
6.106,25.5066
6.107,25.5072
6.108,25.5078
6.109,25.5084
6.11,25.509
6.111,25.5097
6.112,25.5103
6.113,25.5109
6.114,25.5115
6.115,25.512
6.116,25.5126
6.117,25.5132
6.118,25.5138
6.119,25.5144
6.12,25.515
6.121,25.5156
6.122,25.5162
6.123,25.5168
6.124,25.5173
6.125,25.5179
6.126,25.5185
6.127,25.5191
6.128,25.5196
6.129,25.5202
6.13,25.5208
6.131,25.5213
6.132,25.5219
6.133,25.5225
6.134,25.523
6.135,25.5236
6.136,25.5242
6.137,25.5247
6.138,25.5253
6.139,25.5258
6.14,25.5264
6.141,25.5269
6.142,25.5275
6.143,25.528
6.144,25.5286
6.145,25.5291
6.146,25.5296
6.147,25.5302
6.148,25.5307
6.149,25.5313
6.15,25.5318
6.151,25.5323
6.152,25.5329
6.153,25.5334
6.154,25.5339
6.155,25.5344
6.156,25.535
6.157,25.5355
6.158,25.536
6.159,25.5365
6.16,25.537
6.161,25.5375
6.162,25.5381
6.163,25.5386
6.164,25.5391
6.165,25.5396
6.166,25.5401
6.167,25.5406
6.168,25.5411
6.169,25.5416
6.17,25.5421
6.171,25.5426
6.172,25.5431
6.173,25.5436
6.174,25.5441
6.175,25.5446
6.176,25.545
6.177,25.5455
6.178,25.546
6.179,25.5465
6.18,25.547
6.181,25.5474
6.182,25.5479
6.183,25.5484
6.184,25.5489
6.185,25.5493
6.186,25.5498
6.187,25.5503
6.188,25.5507
6.189,25.5512
6.19,25.5517
6.191,25.5521
6.192,25.5526
6.193,25.553
6.194,25.5535
6.195,25.554
6.196,25.5544
6.197,25.5549
6.198,25.5553
6.199,25.5558
6.2,25.5562
6.201,25.5566
6.202,25.5571
6.203,25.5575
6.204,25.558
6.205,25.5584
6.206,25.5588
6.207,25.5593
6.208,25.5597
6.209,25.5601
6.21,25.5605
6.211,25.561
6.212,25.5614
6.213,25.5618
6.214,25.5622
6.215,25.5627
6.216,25.5631
6.217,25.5635
6.218,25.5639
6.219,25.5643
6.22,25.5647
6.221,25.5651
6.222,25.5655
6.223,25.5659
6.224,25.5663
6.225,25.5667
6.226,25.5671
6.227,25.5675
6.228,25.5679
6.229,25.5683
6.23,25.5687
6.231,25.5691
6.232,25.5695
6.233,25.5699
6.234,25.5703
6.235,25.5706
6.236,25.571
6.237,25.5714
6.238,25.5718
6.239,25.5721
6.24,25.5725
6.241,25.5729
6.242,25.5733
6.243,25.5736
6.244,25.574
6.245,25.5744
6.246,25.5747
6.247,25.5751
6.248,25.5754
6.249,25.5758
6.25,25.5762
6.251,25.5765
6.252,25.5769
6.253,25.5772
6.254,25.5776
6.255,25.5779
6.256,25.5783
6.257,25.5786
6.258,25.5789
6.259,25.5793
6.26,25.5796
6.261,25.58
6.262,25.5803
6.263,25.5806
6.264,25.581
6.265,25.5813
6.266,25.5816
6.267,25.5819
6.268,25.5823
6.269,25.5826
6.27,25.5829
6.271,25.5832
6.272,25.5835
6.273,25.5839
6.274,25.5842
6.275,25.5845
6.276,25.5848
6.277,25.5851
6.278,25.5854
6.279,25.5857
6.28,25.586
6.281,25.5863
6.282,25.5866
6.283,25.5869
